filename,scene_label
pure_bio_0000.wav,0
pure_bio_0001.wav,0
pure_bio_0002.wav,0
pure_bio_0003.wav,0
pure_bio_0004.wav,0
pure_bio_0005.wav,0
pure_bio_0006.wav,0
pure_bio_0007.wav,0
pure_bio_0008.wav,0
pure_bio_0009.wav,0
pure_bio_0010.wav,0
pure_bio_0011.wav,0
pure_bio_0012.wav,0
pure_bio_0013.wav,0
pure_bio_0014.wav,0
pure_bio_0015.wav,0
pure_bio_0016.wav,0
pure_bio_0017.wav,0
pure_bio_0018.wav,0
pure_bio_0019.wav,0
pure_bio_0020.wav,0
pure_bio_0021.wav,0
pure_bio_0022.wav,0
pure_bio_0023.wav,0
pure_bio_0024.wav,0
pure_bio_0025.wav,0
pure_bio_0026.wav,0
pure_bio_0027.wav,0
pure_bio_0028.wav,0
pure_bio_0029.wav,0
pure_bio_0030.wav,0
pure_bio_0031.wav,0
pure_bio_0032.wav,0
pure_bio_0033.wav,0
pure_bio_0034.wav,0
pure_bio_0035.wav,0
pure_bio_0036.wav,0
pure_bio_0037.wav,0
pure_bio_0038.wav,0
pure_bio_0039.wav,0
pure_bio_0040.wav,0
pure_bio_0041.wav,0
pure_bio_0042.wav,0
pure_bio_0043.wav,0
pure_bio_0044.wav,0
pure_bio_0045.wav,0
pure_bio_0046.wav,0
pure_bio_0047.wav,0
pure_bio_0048.wav,0
pure_bio_0049.wav,0
pure_bio_0050.wav,0
pure_bio_0051.wav,0
pure_bio_0052.wav,0
pure_bio_0053.wav,0
pure_bio_0054.wav,0
pure_bio_0055.wav,0
pure_bio_0056.wav,0
pure_bio_0057.wav,0
pure_bio_0058.wav,0
pure_bio_0059.wav,0
pure_bio_0060.wav,0
pure_bio_0061.wav,0
pure_bio_0062.wav,0
pure_bio_0063.wav,0
pure_bio_0064.wav,0
pure_bio_0065.wav,0
pure_bio_0066.wav,0
pure_bio_0067.wav,0
pure_bio_0068.wav,0
pure_bio_0069.wav,0
pure_bio_0070.wav,0
pure_bio_0071.wav,0
pure_bio_0072.wav,0
pure_bio_0073.wav,0
pure_bio_0074.wav,0
pure_bio_0075.wav,0
pure_bio_0076.wav,0
pure_bio_0077.wav,0
pure_bio_0078.wav,0
pure_bio_0079.wav,0
pure_bio_0080.wav,0
pure_bio_0081.wav,0
pure_bio_0082.wav,0
pure_bio_0083.wav,0
pure_bio_0084.wav,0
pure_bio_0085.wav,0
pure_bio_0086.wav,0
pure_bio_0087.wav,0
pure_bio_0088.wav,0
pure_bio_0089.wav,0
pure_bio_0090.wav,0
pure_bio_0091.wav,0
pure_bio_0092.wav,0
pure_bio_0093.wav,0
pure_bio_0094.wav,0
pure_bio_0095.wav,0
pure_bio_0096.wav,0
pure_bio_0097.wav,0
pure_bio_0098.wav,0
pure_bio_0099.wav,0
pure_bio_0100.wav,0
pure_bio_0101.wav,0
pure_bio_0102.wav,0
pure_bio_0103.wav,0
pure_bio_0104.wav,0
pure_bio_0105.wav,0
pure_bio_0106.wav,0
pure_bio_0107.wav,0
pure_bio_0108.wav,0
pure_bio_0109.wav,0
pure_bio_0110.wav,0
pure_bio_0111.wav,0
pure_bio_0112.wav,0
pure_bio_0113.wav,0
pure_bio_0114.wav,0
pure_bio_0115.wav,0
pure_bio_0116.wav,0
pure_bio_0117.wav,0
pure_bio_0118.wav,0
pure_bio_0119.wav,0
pure_bio_0120.wav,0
pure_bio_0121.wav,0
pure_bio_0122.wav,0
pure_bio_0123.wav,0
pure_bio_0124.wav,0
pure_bio_0125.wav,0
pure_bio_0126.wav,0
pure_bio_0127.wav,0
pure_bio_0128.wav,0
pure_bio_0129.wav,0
pure_bio_0130.wav,0
pure_bio_0131.wav,0
pure_bio_0132.wav,0
pure_bio_0133.wav,0
pure_bio_0134.wav,0
pure_bio_0135.wav,0
pure_bio_0136.wav,0
pure_bio_0137.wav,0
pure_bio_0138.wav,0
pure_bio_0139.wav,0
pure_bio_0140.wav,0
pure_bio_0141.wav,0
pure_bio_0142.wav,0
pure_bio_0143.wav,0
pure_bio_0144.wav,0
pure_bio_0145.wav,0
pure_bio_0146.wav,0
pure_bio_0147.wav,0
pure_bio_0148.wav,0
pure_bio_0149.wav,0
pure_bio_0150.wav,0
pure_bio_0151.wav,0
pure_bio_0152.wav,0
pure_bio_0153.wav,0
pure_bio_0154.wav,0
pure_bio_0155.wav,0
pure_bio_0156.wav,0
pure_bio_0157.wav,0
pure_bio_0158.wav,0
pure_bio_0159.wav,0
pure_bio_0160.wav,0
pure_bio_0161.wav,0
pure_bio_0162.wav,0
pure_bio_0163.wav,0
pure_bio_0164.wav,0
pure_bio_0165.wav,0
pure_bio_0166.wav,0
pure_bio_0167.wav,0
pure_bio_0168.wav,0
pure_bio_0169.wav,0
pure_bio_0170.wav,0
pure_bio_0171.wav,0
pure_bio_0172.wav,0
pure_bio_0173.wav,0
pure_bio_0174.wav,0
pure_bio_0175.wav,0
pure_bio_0176.wav,0
pure_bio_0177.wav,0
pure_bio_0178.wav,0
pure_bio_0179.wav,0
pure_bio_0180.wav,0
pure_bio_0181.wav,0
pure_bio_0182.wav,0
pure_bio_0183.wav,0
pure_bio_0184.wav,0
pure_bio_0185.wav,0
pure_bio_0186.wav,0
pure_bio_0187.wav,0
pure_bio_0188.wav,0
pure_bio_0189.wav,0
pure_bio_0190.wav,0
pure_bio_0191.wav,0
pure_bio_0192.wav,0
pure_bio_0193.wav,0
pure_bio_0194.wav,0
pure_bio_0195.wav,0
pure_bio_0196.wav,0
pure_bio_0197.wav,0
pure_bio_0198.wav,0
pure_bio_0199.wav,0
pure_bio_0200.wav,0
pure_bio_0201.wav,0
pure_bio_0202.wav,0
pure_bio_0203.wav,0
pure_bio_0204.wav,0
pure_bio_0205.wav,0
pure_bio_0206.wav,0
pure_bio_0207.wav,0
pure_bio_0208.wav,0
pure_bio_0209.wav,0
pure_bio_0210.wav,0
pure_bio_0211.wav,0
pure_bio_0212.wav,0
pure_bio_0213.wav,0
pure_bio_0214.wav,0
pure_bio_0215.wav,0
pure_bio_0216.wav,0
pure_bio_0217.wav,0
pure_bio_0218.wav,0
pure_bio_0219.wav,0
pure_bio_0220.wav,0
pure_bio_0221.wav,0
pure_bio_0222.wav,0
pure_bio_0223.wav,0
pure_bio_0224.wav,0
pure_bio_0225.wav,0
pure_bio_0226.wav,0
pure_bio_0227.wav,0
pure_bio_0228.wav,0
pure_bio_0229.wav,0
pure_bio_0230.wav,0
pure_bio_0231.wav,0
pure_bio_0232.wav,0
pure_bio_0233.wav,0
pure_bio_0234.wav,0
pure_bio_0235.wav,0
pure_bio_0236.wav,0
pure_bio_0237.wav,0
pure_bio_0238.wav,0
pure_bio_0239.wav,0
pure_bio_0240.wav,0
pure_bio_0241.wav,0
pure_bio_0242.wav,0
pure_bio_0243.wav,0
pure_bio_0244.wav,0
pure_bio_0245.wav,0
pure_bio_0246.wav,0
pure_bio_0247.wav,0
pure_bio_0248.wav,0
pure_bio_0249.wav,0
pure_bio_0250.wav,0
pure_bio_0251.wav,0
pure_bio_0252.wav,0
pure_bio_0253.wav,0
pure_bio_0254.wav,0
pure_bio_0255.wav,0
pure_bio_0256.wav,0
pure_bio_0257.wav,0
pure_bio_0258.wav,0
pure_bio_0259.wav,0
pure_bio_0260.wav,0
pure_bio_0261.wav,0
pure_bio_0262.wav,0
pure_bio_0263.wav,0
pure_bio_0264.wav,0
pure_bio_0265.wav,0
pure_bio_0266.wav,0
pure_bio_0267.wav,0
pure_bio_0268.wav,0
pure_bio_0269.wav,0
pure_bio_0270.wav,0
pure_bio_0271.wav,0
pure_bio_0272.wav,0
pure_bio_0273.wav,0
pure_bio_0274.wav,0
pure_bio_0275.wav,0
pure_bio_0276.wav,0
pure_bio_0277.wav,0
pure_bio_0278.wav,0
pure_bio_0279.wav,0
pure_bio_0280.wav,0
pure_bio_0281.wav,0
pure_bio_0282.wav,0
pure_bio_0283.wav,0
pure_bio_0284.wav,0
pure_bio_0285.wav,0
pure_bio_0286.wav,0
pure_bio_0287.wav,0
pure_bio_0288.wav,0
pure_bio_0289.wav,0
pure_bio_0290.wav,0
pure_bio_0291.wav,0
pure_bio_0292.wav,0
pure_bio_0293.wav,0
pure_bio_0294.wav,0
pure_bio_0295.wav,0
pure_bio_0296.wav,0
pure_bio_0297.wav,0
pure_bio_0298.wav,0
pure_bio_0299.wav,0
pure_bio_0300.wav,0
pure_bio_0301.wav,0
pure_bio_0302.wav,0
pure_bio_0303.wav,0
pure_bio_0304.wav,0
pure_bio_0305.wav,0
pure_bio_0306.wav,0
pure_bio_0307.wav,0
pure_bio_0308.wav,0
pure_bio_0309.wav,0
pure_bio_0310.wav,0
pure_bio_0311.wav,0
pure_bio_0312.wav,0
pure_bio_0313.wav,0
pure_bio_0314.wav,0
pure_bio_0315.wav,0
pure_bio_0316.wav,0
pure_bio_0317.wav,0
pure_bio_0318.wav,0
pure_bio_0319.wav,0
pure_bio_0320.wav,0
pure_bio_0321.wav,0
pure_bio_0322.wav,0
pure_bio_0323.wav,0
pure_bio_0324.wav,0
pure_bio_0325.wav,0
pure_bio_0326.wav,0
pure_bio_0327.wav,0
pure_bio_0328.wav,0
pure_bio_0329.wav,0
pure_bio_0330.wav,0
pure_bio_0331.wav,0
pure_bio_0332.wav,0
pure_bio_0333.wav,0
pure_bio_0334.wav,0
pure_bio_0335.wav,0
pure_bio_0336.wav,0
pure_bio_0337.wav,0
pure_bio_0338.wav,0
pure_bio_0339.wav,0
pure_bio_0340.wav,0
pure_bio_0341.wav,0
pure_bio_0342.wav,0
pure_bio_0343.wav,0
pure_bio_0344.wav,0
pure_bio_0345.wav,0
pure_bio_0346.wav,0
pure_bio_0347.wav,0
pure_bio_0348.wav,0
pure_bio_0349.wav,0
pure_bio_0350.wav,0
pure_bio_0351.wav,0
pure_bio_0352.wav,0
pure_bio_0353.wav,0
pure_bio_0354.wav,0
pure_bio_0355.wav,0
pure_bio_0356.wav,0
pure_bio_0357.wav,0
pure_bio_0358.wav,0
pure_bio_0359.wav,0
pure_bio_0360.wav,0
pure_bio_0361.wav,0
pure_bio_0362.wav,0
pure_bio_0363.wav,0
pure_bio_0364.wav,0
pure_bio_0365.wav,0
pure_bio_0366.wav,0
pure_bio_0367.wav,0
pure_bio_0368.wav,0
pure_bio_0369.wav,0
pure_bio_0370.wav,0
pure_bio_0371.wav,0
pure_bio_0372.wav,0
pure_bio_0373.wav,0
pure_bio_0374.wav,0
pure_bio_0375.wav,0
pure_bio_0376.wav,0
pure_bio_0377.wav,0
pure_bio_0378.wav,0
pure_bio_0379.wav,0
pure_bio_0380.wav,0
pure_bio_0381.wav,0
pure_bio_0382.wav,0
pure_bio_0383.wav,0
pure_bio_0384.wav,0
pure_bio_0385.wav,0
pure_bio_0386.wav,0
pure_bio_0387.wav,0
pure_bio_0388.wav,0
pure_bio_0389.wav,0
pure_bio_0390.wav,0
pure_bio_0391.wav,0
pure_bio_0392.wav,0
pure_bio_0393.wav,0
pure_bio_0394.wav,0
pure_bio_0395.wav,0
pure_bio_0396.wav,0
pure_bio_0397.wav,0
pure_bio_0398.wav,0
pure_bio_0399.wav,0
pure_bio_0400.wav,0
pure_bio_0401.wav,0
pure_bio_0402.wav,0
pure_bio_0403.wav,0
pure_bio_0404.wav,0
pure_bio_0405.wav,0
pure_bio_0406.wav,0
pure_bio_0407.wav,0
pure_bio_0408.wav,0
pure_bio_0409.wav,0
pure_bio_0410.wav,0
pure_bio_0411.wav,0
pure_bio_0412.wav,0
pure_bio_0413.wav,0
pure_bio_0414.wav,0
pure_bio_0415.wav,0
pure_bio_0416.wav,0
pure_bio_0417.wav,0
pure_bio_0418.wav,0
pure_bio_0419.wav,0
pure_bio_0420.wav,0
pure_bio_0421.wav,0
pure_bio_0422.wav,0
pure_bio_0423.wav,0
pure_bio_0424.wav,0
pure_bio_0425.wav,0
pure_bio_0426.wav,0
pure_bio_0427.wav,0
pure_bio_0428.wav,0
pure_bio_0429.wav,0
pure_bio_0430.wav,0
pure_bio_0431.wav,0
pure_bio_0432.wav,0
pure_bio_0433.wav,0
pure_bio_0434.wav,0
pure_bio_0435.wav,0
pure_bio_0436.wav,0
pure_bio_0437.wav,0
pure_bio_0438.wav,0
pure_bio_0439.wav,0
pure_bio_0440.wav,0
pure_bio_0441.wav,0
pure_bio_0442.wav,0
pure_bio_0443.wav,0
pure_bio_0444.wav,0
pure_bio_0445.wav,0
pure_bio_0446.wav,0
pure_bio_0447.wav,0
pure_bio_0448.wav,0
pure_bio_0449.wav,0
pure_bio_0450.wav,0
pure_bio_0451.wav,0
pure_bio_0452.wav,0
pure_bio_0453.wav,0
pure_bio_0454.wav,0
pure_bio_0455.wav,0
pure_bio_0456.wav,0
pure_bio_0457.wav,0
pure_bio_0458.wav,0
pure_bio_0459.wav,0
pure_bio_0460.wav,0
pure_bio_0461.wav,0
pure_bio_0462.wav,0
pure_bio_0463.wav,0
pure_bio_0464.wav,0
pure_bio_0465.wav,0
pure_bio_0466.wav,0
pure_bio_0467.wav,0
pure_bio_0468.wav,0
pure_bio_0469.wav,0
pure_bio_0470.wav,0
pure_bio_0471.wav,0
pure_bio_0472.wav,0
pure_bio_0473.wav,0
pure_bio_0474.wav,0
pure_bio_0475.wav,0
pure_bio_0476.wav,0
pure_bio_0477.wav,0
pure_bio_0478.wav,0
pure_bio_0479.wav,0
pure_bio_0480.wav,0
pure_bio_0481.wav,0
pure_bio_0482.wav,0
pure_bio_0483.wav,0
pure_bio_0484.wav,0
pure_bio_0485.wav,0
pure_bio_0486.wav,0
pure_bio_0487.wav,0
pure_bio_0488.wav,0
pure_bio_0489.wav,0
pure_bio_0490.wav,0
pure_bio_0491.wav,0
pure_bio_0492.wav,0
pure_bio_0493.wav,0
pure_bio_0494.wav,0
pure_bio_0495.wav,0
pure_bio_0496.wav,0
pure_bio_0497.wav,0
pure_bio_0498.wav,0
pure_bio_0499.wav,0
pure_bio_0500.wav,0
pure_bio_0501.wav,0
pure_bio_0502.wav,0
pure_bio_0503.wav,0
pure_bio_0504.wav,0
pure_bio_0505.wav,0
pure_bio_0506.wav,0
pure_bio_0507.wav,0
pure_bio_0508.wav,0
pure_bio_0509.wav,0
pure_bio_0510.wav,0
pure_bio_0511.wav,0
pure_bio_0512.wav,0
pure_bio_0513.wav,0
pure_bio_0514.wav,0
pure_bio_0515.wav,0
pure_bio_0516.wav,0
pure_bio_0517.wav,0
pure_bio_0518.wav,0
pure_bio_0519.wav,0
pure_bio_0520.wav,0
pure_bio_0521.wav,0
pure_bio_0522.wav,0
pure_bio_0523.wav,0
pure_bio_0524.wav,0
pure_bio_0525.wav,0
pure_bio_0526.wav,0
pure_bio_0527.wav,0
pure_bio_0528.wav,0
pure_bio_0529.wav,0
pure_bio_0530.wav,0
pure_bio_0531.wav,0
pure_bio_0532.wav,0
pure_bio_0533.wav,0
pure_bio_0534.wav,0
pure_bio_0535.wav,0
pure_bio_0536.wav,0
pure_bio_0537.wav,0
pure_bio_0538.wav,0
pure_bio_0539.wav,0
pure_bio_0540.wav,0
pure_bio_0541.wav,0
pure_bio_0542.wav,0
pure_bio_0543.wav,0
pure_bio_0544.wav,0
pure_bio_0545.wav,0
pure_bio_0546.wav,0
pure_bio_0547.wav,0
pure_bio_0548.wav,0
pure_bio_0549.wav,0
pure_bio_0550.wav,0
pure_bio_0551.wav,0
pure_bio_0552.wav,0
pure_bio_0553.wav,0
pure_bio_0554.wav,0
pure_bio_0555.wav,0
pure_bio_0556.wav,0
pure_bio_0557.wav,0
pure_bio_0558.wav,0
pure_bio_0559.wav,0
pure_bio_0560.wav,0
pure_bio_0561.wav,0
pure_bio_0562.wav,0
pure_bio_0563.wav,0
pure_bio_0564.wav,0
pure_bio_0565.wav,0
pure_bio_0566.wav,0
pure_bio_0567.wav,0
pure_bio_0568.wav,0
pure_bio_0569.wav,0
pure_bio_0570.wav,0
pure_bio_0571.wav,0
pure_bio_0572.wav,0
pure_bio_0573.wav,0
pure_bio_0574.wav,0
pure_bio_0575.wav,0
pure_bio_0576.wav,0
pure_bio_0577.wav,0
pure_bio_0578.wav,0
pure_bio_0579.wav,0
pure_bio_0580.wav,0
pure_bio_0581.wav,0
pure_bio_0582.wav,0
pure_bio_0583.wav,0
pure_bio_0584.wav,0
pure_bio_0585.wav,0
pure_bio_0586.wav,0
pure_bio_0587.wav,0
pure_bio_0588.wav,0
pure_bio_0589.wav,0
pure_bio_0590.wav,0
pure_bio_0591.wav,0
pure_bio_0592.wav,0
pure_bio_0593.wav,0
pure_bio_0594.wav,0
pure_bio_0595.wav,0
pure_bio_0596.wav,0
pure_bio_0597.wav,0
pure_bio_0598.wav,0
pure_bio_0599.wav,0
pure_bio_0600.wav,0
pure_bio_0601.wav,0
pure_bio_0602.wav,0
pure_bio_0603.wav,0
pure_bio_0604.wav,0
pure_bio_0605.wav,0
pure_bio_0606.wav,0
pure_bio_0607.wav,0
pure_bio_0608.wav,0
pure_bio_0609.wav,0
pure_bio_0610.wav,0
pure_bio_0611.wav,0
pure_bio_0612.wav,0
pure_bio_0613.wav,0
pure_bio_0614.wav,0
pure_bio_0615.wav,0
pure_bio_0616.wav,0
pure_bio_0617.wav,0
pure_bio_0618.wav,0
pure_bio_0619.wav,0
pure_bio_0620.wav,0
pure_bio_0621.wav,0
pure_bio_0622.wav,0
pure_bio_0623.wav,0
pure_bio_0624.wav,0
pure_bio_0625.wav,0
pure_bio_0626.wav,0
pure_bio_0627.wav,0
pure_bio_0628.wav,0
pure_bio_0629.wav,0
pure_bio_0630.wav,0
pure_bio_0631.wav,0
pure_bio_0632.wav,0
pure_bio_0633.wav,0
pure_bio_0634.wav,0
pure_bio_0635.wav,0
pure_bio_0636.wav,0
pure_bio_0637.wav,0
pure_bio_0638.wav,0
pure_bio_0639.wav,0
pure_bio_0640.wav,0
pure_bio_0641.wav,0
pure_bio_0642.wav,0
pure_bio_0643.wav,0
pure_bio_0644.wav,0
pure_bio_0645.wav,0
pure_bio_0646.wav,0
pure_bio_0647.wav,0
pure_bio_0648.wav,0
pure_bio_0649.wav,0
pure_bio_0650.wav,0
pure_bio_0651.wav,0
pure_bio_0652.wav,0
pure_bio_0653.wav,0
pure_bio_0654.wav,0
pure_bio_0655.wav,0
pure_bio_0656.wav,0
pure_bio_0657.wav,0
pure_bio_0658.wav,0
pure_bio_0659.wav,0
pure_bio_0660.wav,0
pure_bio_0661.wav,0
pure_bio_0662.wav,0
pure_bio_0663.wav,0
pure_bio_0664.wav,0
pure_bio_0665.wav,0
pure_bio_0666.wav,0
pure_bio_0667.wav,0
pure_bio_0668.wav,0
pure_bio_0669.wav,0
pure_bio_0670.wav,0
pure_bio_0671.wav,0
pure_bio_0672.wav,0
pure_bio_0673.wav,0
pure_bio_0674.wav,0
pure_bio_0675.wav,0
pure_bio_0676.wav,0
pure_bio_0677.wav,0
pure_bio_0678.wav,0
pure_bio_0679.wav,0
pure_bio_0680.wav,0
pure_bio_0681.wav,0
pure_bio_0682.wav,0
pure_bio_0683.wav,0
pure_bio_0684.wav,0
pure_bio_0685.wav,0
pure_bio_0686.wav,0
pure_bio_0687.wav,0
pure_bio_0688.wav,0
pure_bio_0689.wav,0
pure_bio_0690.wav,0
pure_bio_0691.wav,0
pure_bio_0692.wav,0
pure_bio_0693.wav,0
pure_bio_0694.wav,0
pure_bio_0695.wav,0
pure_bio_0696.wav,0
pure_bio_0697.wav,0
pure_bio_0698.wav,0
pure_bio_0699.wav,0
pure_bio_0700.wav,0
pure_bio_0701.wav,0
pure_bio_0702.wav,0
pure_bio_0703.wav,0
pure_bio_0704.wav,0
pure_bio_0705.wav,0
pure_bio_0706.wav,0
pure_bio_0707.wav,0
pure_bio_0708.wav,0
pure_bio_0709.wav,0
pure_bio_0710.wav,0
pure_bio_0711.wav,0
pure_bio_0712.wav,0
pure_bio_0713.wav,0
pure_bio_0714.wav,0
pure_bio_0715.wav,0
pure_bio_0716.wav,0
pure_bio_0717.wav,0
pure_bio_0718.wav,0
pure_bio_0719.wav,0
pure_bio_0720.wav,0
pure_bio_0721.wav,0
pure_bio_0722.wav,0
pure_bio_0723.wav,0
pure_bio_0724.wav,0
pure_bio_0725.wav,0
pure_bio_0726.wav,0
pure_bio_0727.wav,0
pure_bio_0728.wav,0
pure_bio_0729.wav,0
pure_bio_0730.wav,0
pure_bio_0731.wav,0
pure_bio_0732.wav,0
pure_bio_0733.wav,0
pure_bio_0734.wav,0
pure_bio_0735.wav,0
pure_bio_0736.wav,0
pure_bio_0737.wav,0
pure_bio_0738.wav,0
pure_bio_0739.wav,0
pure_bio_0740.wav,0
pure_bio_0741.wav,0
pure_bio_0742.wav,0
pure_bio_0743.wav,0
pure_bio_0744.wav,0
pure_bio_0745.wav,0
pure_bio_0746.wav,0
pure_bio_0747.wav,0
pure_bio_0748.wav,0
pure_bio_0749.wav,0
pure_bio_0750.wav,0
pure_bio_0751.wav,0
pure_bio_0752.wav,0
pure_bio_0753.wav,0
pure_bio_0754.wav,0
pure_bio_0755.wav,0
pure_bio_0756.wav,0
pure_bio_0757.wav,0
pure_bio_0758.wav,0
pure_bio_0759.wav,0
pure_bio_0760.wav,0
pure_bio_0761.wav,0
pure_bio_0762.wav,0
pure_bio_0763.wav,0
pure_bio_0764.wav,0
pure_bio_0765.wav,0
pure_bio_0766.wav,0
pure_bio_0767.wav,0
pure_bio_0768.wav,0
pure_bio_0769.wav,0
pure_bio_0770.wav,0
pure_bio_0771.wav,0
pure_bio_0772.wav,0
pure_bio_0773.wav,0
pure_bio_0774.wav,0
pure_bio_0775.wav,0
pure_bio_0776.wav,0
pure_bio_0777.wav,0
pure_bio_0778.wav,0
pure_bio_0779.wav,0
pure_bio_0780.wav,0
pure_bio_0781.wav,0
pure_bio_0782.wav,0
pure_bio_0783.wav,0
pure_bio_0784.wav,0
pure_bio_0785.wav,0
pure_bio_0786.wav,0
pure_bio_0787.wav,0
pure_bio_0788.wav,0
pure_bio_0789.wav,0
pure_bio_0790.wav,0
pure_bio_0791.wav,0
pure_bio_0792.wav,0
pure_bio_0793.wav,0
pure_bio_0794.wav,0
pure_bio_0795.wav,0
pure_bio_0796.wav,0
pure_bio_0797.wav,0
pure_bio_0798.wav,0
pure_bio_0799.wav,0
pure_bio_0800.wav,0
pure_bio_0801.wav,0
pure_bio_0802.wav,0
pure_bio_0803.wav,0
pure_bio_0804.wav,0
pure_bio_0805.wav,0
pure_bio_0806.wav,0
pure_bio_0807.wav,0
pure_bio_0808.wav,0
pure_bio_0809.wav,0
pure_bio_0810.wav,0
pure_bio_0811.wav,0
pure_bio_0812.wav,0
pure_bio_0813.wav,0
pure_bio_0814.wav,0
pure_bio_0815.wav,0
pure_bio_0816.wav,0
pure_bio_0817.wav,0
pure_bio_0818.wav,0
pure_bio_0819.wav,0
pure_bio_0820.wav,0
pure_bio_0821.wav,0
pure_bio_0822.wav,0
pure_bio_0823.wav,0
pure_bio_0824.wav,0
pure_bio_0825.wav,0
pure_bio_0826.wav,0
pure_bio_0827.wav,0
pure_bio_0828.wav,0
pure_bio_0829.wav,0
pure_bio_0830.wav,0
pure_bio_0831.wav,0
pure_bio_0832.wav,0
pure_bio_0833.wav,0
pure_bio_0834.wav,0
pure_bio_0835.wav,0
pure_bio_0836.wav,0
pure_bio_0837.wav,0
pure_bio_0838.wav,0
pure_bio_0839.wav,0
pure_bio_0840.wav,0
pure_bio_0841.wav,0
pure_bio_0842.wav,0
pure_bio_0843.wav,0
pure_bio_0844.wav,0
pure_bio_0845.wav,0
pure_bio_0846.wav,0
pure_bio_0847.wav,0
pure_bio_0848.wav,0
pure_bio_0849.wav,0
pure_bio_0850.wav,0
pure_bio_0851.wav,0
pure_bio_0852.wav,0
pure_bio_0853.wav,0
pure_bio_0854.wav,0
pure_bio_0855.wav,0
pure_bio_0856.wav,0
pure_bio_0857.wav,0
pure_bio_0858.wav,0
pure_bio_0859.wav,0
pure_bio_0860.wav,0
pure_bio_0861.wav,0
pure_bio_0862.wav,0
pure_bio_0863.wav,0
pure_bio_0864.wav,0
pure_bio_0865.wav,0
pure_bio_0866.wav,0
pure_bio_0867.wav,0
pure_bio_0868.wav,0
pure_bio_0869.wav,0
pure_bio_0870.wav,0
pure_bio_0871.wav,0
pure_bio_0872.wav,0
pure_bio_0873.wav,0
pure_bio_0874.wav,0
pure_bio_0875.wav,0
pure_bio_0876.wav,0
pure_bio_0877.wav,0
pure_bio_0878.wav,0
pure_bio_0879.wav,0
pure_bio_0880.wav,0
pure_bio_0881.wav,0
pure_bio_0882.wav,0
pure_bio_0883.wav,0
pure_bio_0884.wav,0
pure_bio_0885.wav,0
pure_bio_0886.wav,0
pure_bio_0887.wav,0
pure_bio_0888.wav,0
pure_bio_0889.wav,0
pure_bio_0890.wav,0
pure_bio_0891.wav,0
pure_bio_0892.wav,0
pure_bio_0893.wav,0
pure_bio_0894.wav,0
pure_bio_0895.wav,0
pure_bio_0896.wav,0
pure_bio_0897.wav,0
pure_bio_0898.wav,0
pure_bio_0899.wav,0
pure_bio_0900.wav,0
pure_bio_0901.wav,0
pure_bio_0902.wav,0
pure_bio_0903.wav,0
pure_bio_0904.wav,0
pure_bio_0905.wav,0
pure_bio_0906.wav,0
pure_bio_0907.wav,0
pure_bio_0908.wav,0
pure_bio_0909.wav,0
pure_bio_0910.wav,0
pure_bio_0911.wav,0
pure_bio_0912.wav,0
pure_bio_0913.wav,0
pure_bio_0914.wav,0
pure_bio_0915.wav,0
pure_bio_0916.wav,0
pure_bio_0917.wav,0
pure_bio_0918.wav,0
pure_bio_0919.wav,0
pure_bio_0920.wav,0
pure_bio_0921.wav,0
pure_bio_0922.wav,0
pure_bio_0923.wav,0
pure_bio_0924.wav,0
pure_bio_0925.wav,0
pure_bio_0926.wav,0
pure_bio_0927.wav,0
pure_bio_0928.wav,0
pure_bio_0929.wav,0
pure_bio_0930.wav,0
pure_bio_0931.wav,0
pure_bio_0932.wav,0
pure_bio_0933.wav,0
pure_bio_0934.wav,0
pure_bio_0935.wav,0
pure_bio_0936.wav,0
pure_bio_0937.wav,0
pure_bio_0938.wav,0
pure_bio_0939.wav,0
pure_bio_0940.wav,0
pure_bio_0941.wav,0
pure_bio_0942.wav,0
pure_bio_0943.wav,0
pure_bio_0944.wav,0
pure_bio_0945.wav,0
pure_bio_0946.wav,0
pure_bio_0947.wav,0
pure_bio_0948.wav,0
pure_bio_0949.wav,0
pure_bio_0950.wav,0
pure_bio_0951.wav,0
pure_bio_0952.wav,0
pure_bio_0953.wav,0
pure_bio_0954.wav,0
pure_bio_0955.wav,0
pure_bio_0956.wav,0
pure_bio_0957.wav,0
pure_bio_0958.wav,0
pure_bio_0959.wav,0
pure_bio_0960.wav,0
pure_bio_0961.wav,0
pure_bio_0962.wav,0
pure_bio_0963.wav,0
pure_bio_0964.wav,0
pure_bio_0965.wav,0
pure_bio_0966.wav,0
pure_bio_0967.wav,0
pure_bio_0968.wav,0
pure_bio_0969.wav,0
pure_bio_0970.wav,0
pure_bio_0971.wav,0
pure_bio_0972.wav,0
pure_bio_0973.wav,0
pure_bio_0974.wav,0
pure_bio_0975.wav,0
pure_bio_0976.wav,0
pure_bio_0977.wav,0
pure_bio_0978.wav,0
pure_bio_0979.wav,0
pure_bio_0980.wav,0
pure_bio_0981.wav,0
pure_bio_0982.wav,0
pure_bio_0983.wav,0
pure_bio_0984.wav,0
pure_bio_0985.wav,0
pure_bio_0986.wav,0
pure_bio_0987.wav,0
pure_bio_0988.wav,0
pure_bio_0989.wav,0
pure_bio_0990.wav,0
pure_bio_0991.wav,0
pure_bio_0992.wav,0
pure_bio_0993.wav,0
pure_bio_0994.wav,0
pure_bio_0995.wav,0
pure_bio_0996.wav,0
pure_bio_0997.wav,0
pure_bio_0998.wav,0
pure_bio_0999.wav,0
pure_bio_1000.wav,0
pure_bio_1001.wav,0
pure_bio_1002.wav,0
pure_bio_1003.wav,0
pure_bio_1004.wav,0
pure_bio_1005.wav,0
pure_bio_1006.wav,0
pure_bio_1007.wav,0
pure_bio_1008.wav,0
pure_bio_1009.wav,0
pure_bio_1010.wav,0
pure_bio_1011.wav,0
pure_bio_1012.wav,0
pure_bio_1013.wav,0
pure_bio_1014.wav,0
pure_bio_1015.wav,0
pure_bio_1016.wav,0
pure_bio_1017.wav,0
pure_bio_1018.wav,0
pure_bio_1019.wav,0
pure_bio_1020.wav,0
pure_bio_1021.wav,0
pure_bio_1022.wav,0
pure_bio_1023.wav,0
pure_bio_1024.wav,0
pure_bio_1025.wav,0
pure_bio_1026.wav,0
pure_bio_1027.wav,0
pure_bio_1028.wav,0
pure_bio_1029.wav,0
pure_bio_1030.wav,0
pure_bio_1031.wav,0
pure_bio_1032.wav,0
pure_bio_1033.wav,0
pure_bio_1034.wav,0
pure_bio_1035.wav,0
pure_bio_1036.wav,0
pure_bio_1037.wav,0
pure_bio_1038.wav,0
pure_bio_1039.wav,0
pure_bio_1040.wav,0
pure_bio_1041.wav,0
pure_bio_1042.wav,0
pure_bio_1043.wav,0
pure_bio_1044.wav,0
pure_bio_1045.wav,0
pure_bio_1046.wav,0
pure_bio_1047.wav,0
pure_bio_1048.wav,0
pure_bio_1049.wav,0
pure_bio_1050.wav,0
pure_bio_1051.wav,0
pure_bio_1052.wav,0
pure_bio_1053.wav,0
pure_bio_1054.wav,0
pure_bio_1055.wav,0
pure_bio_1056.wav,0
pure_bio_1057.wav,0
pure_bio_1058.wav,0
pure_bio_1059.wav,0
pure_bio_1060.wav,0
pure_bio_1061.wav,0
pure_bio_1062.wav,0
pure_bio_1063.wav,0
pure_bio_1064.wav,0
pure_bio_1065.wav,0
pure_bio_1066.wav,0
pure_bio_1067.wav,0
pure_bio_1068.wav,0
pure_bio_1069.wav,0
pure_bio_1070.wav,0
pure_bio_1071.wav,0
pure_bio_1072.wav,0
pure_bio_1073.wav,0
pure_bio_1074.wav,0
pure_bio_1075.wav,0
pure_bio_1076.wav,0
pure_bio_1077.wav,0
pure_bio_1078.wav,0
pure_bio_1079.wav,0
pure_bio_1080.wav,0
pure_bio_1081.wav,0
pure_bio_1082.wav,0
pure_bio_1083.wav,0
pure_bio_1084.wav,0
pure_bio_1085.wav,0
pure_bio_1086.wav,0
pure_bio_1087.wav,0
pure_bio_1088.wav,0
pure_bio_1089.wav,0
pure_bio_1090.wav,0
pure_bio_1091.wav,0
pure_bio_1092.wav,0
pure_bio_1093.wav,0
pure_bio_1094.wav,0
pure_bio_1095.wav,0
pure_bio_1096.wav,0
pure_bio_1097.wav,0
pure_bio_1098.wav,0
pure_bio_1099.wav,0
pure_bio_1100.wav,0
pure_bio_1101.wav,0
pure_bio_1102.wav,0
pure_bio_1103.wav,0
pure_bio_1104.wav,0
pure_bio_1105.wav,0
pure_bio_1106.wav,0
pure_bio_1107.wav,0
pure_bio_1108.wav,0
pure_bio_1109.wav,0
pure_bio_1110.wav,0
pure_bio_1111.wav,0
pure_bio_1112.wav,0
pure_bio_1113.wav,0
pure_bio_1114.wav,0
pure_bio_1115.wav,0
pure_bio_1116.wav,0
pure_bio_1117.wav,0
pure_bio_1118.wav,0
pure_bio_1119.wav,0
pure_bio_1120.wav,0
pure_bio_1121.wav,0
pure_bio_1122.wav,0
pure_bio_1123.wav,0
pure_bio_1124.wav,0
pure_bio_1125.wav,0
pure_bio_1126.wav,0
pure_bio_1127.wav,0
pure_bio_1128.wav,0
pure_bio_1129.wav,0
pure_bio_1130.wav,0
pure_bio_1131.wav,0
pure_bio_1132.wav,0
pure_bio_1133.wav,0
pure_bio_1134.wav,0
pure_bio_1135.wav,0
pure_bio_1136.wav,0
pure_bio_1137.wav,0
pure_bio_1138.wav,0
pure_bio_1139.wav,0
pure_bio_1140.wav,0
pure_bio_1141.wav,0
pure_bio_1142.wav,0
pure_bio_1143.wav,0
pure_bio_1144.wav,0
pure_bio_1145.wav,0
pure_bio_1146.wav,0
pure_bio_1147.wav,0
pure_bio_1148.wav,0
pure_bio_1149.wav,0
pure_bio_1150.wav,0
pure_bio_1151.wav,0
pure_bio_1152.wav,0
pure_bio_1153.wav,0
pure_bio_1154.wav,0
pure_bio_1155.wav,0
pure_bio_1156.wav,0
pure_bio_1157.wav,0
pure_bio_1158.wav,0
pure_bio_1159.wav,0
pure_bio_1160.wav,0
pure_bio_1161.wav,0
pure_bio_1162.wav,0
pure_bio_1163.wav,0
pure_bio_1164.wav,0
pure_bio_1165.wav,0
pure_bio_1166.wav,0
pure_bio_1167.wav,0
pure_bio_1168.wav,0
pure_bio_1169.wav,0
pure_bio_1170.wav,0
pure_bio_1171.wav,0
pure_bio_1172.wav,0
pure_bio_1173.wav,0
pure_bio_1174.wav,0
pure_bio_1175.wav,0
pure_bio_1176.wav,0
pure_bio_1177.wav,0
pure_bio_1178.wav,0
pure_bio_1179.wav,0
pure_bio_1180.wav,0
pure_bio_1181.wav,0
pure_bio_1182.wav,0
pure_bio_1183.wav,0
pure_bio_1184.wav,0
pure_bio_1185.wav,0
pure_bio_1186.wav,0
pure_bio_1187.wav,0
pure_bio_1188.wav,0
pure_bio_1189.wav,0
pure_bio_1190.wav,0
pure_bio_1191.wav,0
pure_bio_1192.wav,0
pure_bio_1193.wav,0
pure_bio_1194.wav,0
pure_bio_1195.wav,0
pure_bio_1196.wav,0
pure_bio_1197.wav,0
pure_bio_1198.wav,0
pure_bio_1199.wav,0
pure_bio_1200.wav,0
pure_bio_1201.wav,0
pure_bio_1202.wav,0
pure_bio_1203.wav,0
pure_bio_1204.wav,0
pure_bio_1205.wav,0
pure_bio_1206.wav,0
pure_bio_1207.wav,0
pure_bio_1208.wav,0
pure_bio_1209.wav,0
pure_bio_1210.wav,0
pure_bio_1211.wav,0
pure_bio_1212.wav,0
pure_bio_1213.wav,0
pure_bio_1214.wav,0
pure_bio_1215.wav,0
pure_bio_1216.wav,0
pure_bio_1217.wav,0
pure_bio_1218.wav,0
pure_bio_1219.wav,0
pure_bio_1220.wav,0
pure_bio_1221.wav,0
pure_bio_1222.wav,0
pure_bio_1223.wav,0
pure_bio_1224.wav,0
pure_bio_1225.wav,0
pure_bio_1226.wav,0
pure_bio_1227.wav,0
pure_bio_1228.wav,0
pure_bio_1229.wav,0
pure_bio_1230.wav,0
pure_bio_1231.wav,0
pure_bio_1232.wav,0
pure_bio_1233.wav,0
pure_bio_1234.wav,0
pure_bio_1235.wav,0
pure_bio_1236.wav,0
pure_bio_1237.wav,0
pure_bio_1238.wav,0
pure_bio_1239.wav,0
pure_bio_1240.wav,0
pure_bio_1241.wav,0
pure_bio_1242.wav,0
pure_bio_1243.wav,0
pure_bio_1244.wav,0
pure_bio_1245.wav,0
pure_bio_1246.wav,0
pure_bio_1247.wav,0
pure_bio_1248.wav,0
pure_bio_1249.wav,0
pure_bio_1250.wav,0
pure_bio_1251.wav,0
pure_bio_1252.wav,0
pure_bio_1253.wav,0
pure_bio_1254.wav,0
pure_bio_1255.wav,0
pure_bio_1256.wav,0
pure_bio_1257.wav,0
pure_bio_1258.wav,0
pure_bio_1259.wav,0
pure_bio_1260.wav,0
pure_bio_1261.wav,0
pure_bio_1262.wav,0
pure_bio_1263.wav,0
pure_bio_1264.wav,0
pure_bio_1265.wav,0
pure_bio_1266.wav,0
pure_bio_1267.wav,0
pure_bio_1268.wav,0
pure_bio_1269.wav,0
pure_bio_1270.wav,0
pure_bio_1271.wav,0
pure_bio_1272.wav,0
pure_bio_1273.wav,0
pure_bio_1274.wav,0
pure_bio_1275.wav,0
pure_bio_1276.wav,0
pure_bio_1277.wav,0
pure_bio_1278.wav,0
pure_bio_1279.wav,0
pure_bio_1280.wav,0
pure_bio_1281.wav,0
pure_bio_1282.wav,0
pure_bio_1283.wav,0
pure_bio_1284.wav,0
pure_bio_1285.wav,0
pure_bio_1286.wav,0
pure_bio_1287.wav,0
pure_bio_1288.wav,0
pure_bio_1289.wav,0
pure_bio_1290.wav,0
pure_bio_1291.wav,0
pure_bio_1292.wav,0
pure_bio_1293.wav,0
pure_bio_1294.wav,0
pure_bio_1295.wav,0
pure_bio_1296.wav,0
pure_bio_1297.wav,0
pure_bio_1298.wav,0
pure_bio_1299.wav,0
pure_bio_1300.wav,0
pure_bio_1301.wav,0
pure_bio_1302.wav,0
pure_bio_1303.wav,0
pure_bio_1304.wav,0
pure_bio_1305.wav,0
pure_bio_1306.wav,0
pure_bio_1307.wav,0
pure_bio_1308.wav,0
pure_bio_1309.wav,0
pure_bio_1310.wav,0
pure_bio_1311.wav,0
pure_bio_1312.wav,0
pure_bio_1313.wav,0
pure_bio_1314.wav,0
pure_bio_1315.wav,0
pure_bio_1316.wav,0
pure_bio_1317.wav,0
pure_bio_1318.wav,0
pure_bio_1319.wav,0
pure_bio_1320.wav,0
pure_bio_1321.wav,0
pure_bio_1322.wav,0
pure_bio_1323.wav,0
pure_bio_1324.wav,0
pure_bio_1325.wav,0
pure_bio_1326.wav,0
pure_bio_1327.wav,0
pure_bio_1328.wav,0
pure_bio_1329.wav,0
pure_bio_1330.wav,0
pure_bio_1331.wav,0
pure_bio_1332.wav,0
pure_bio_1333.wav,0
pure_bio_1334.wav,0
pure_bio_1335.wav,0
pure_bio_1336.wav,0
pure_bio_1337.wav,0
pure_bio_1338.wav,0
pure_bio_1339.wav,0
pure_bio_1340.wav,0
pure_bio_1341.wav,0
pure_bio_1342.wav,0
pure_bio_1343.wav,0
pure_bio_1344.wav,0
pure_bio_1345.wav,0
pure_bio_1346.wav,0
pure_bio_1347.wav,0
pure_bio_1348.wav,0
pure_bio_1349.wav,0
pure_bio_1350.wav,0
pure_bio_1351.wav,0
pure_bio_1352.wav,0
pure_bio_1353.wav,0
pure_bio_1354.wav,0
pure_bio_1355.wav,0
pure_bio_1356.wav,0
pure_bio_1357.wav,0
pure_bio_1358.wav,0
pure_bio_1359.wav,0
pure_bio_1360.wav,0
pure_bio_1361.wav,0
pure_bio_1362.wav,0
pure_bio_1363.wav,0
pure_bio_1364.wav,0
pure_bio_1365.wav,0
pure_bio_1366.wav,0
pure_bio_1367.wav,0
pure_bio_1368.wav,0
pure_bio_1369.wav,0
pure_bio_1370.wav,0
pure_bio_1371.wav,0
pure_bio_1372.wav,0
pure_bio_1373.wav,0
pure_bio_1374.wav,0
pure_bio_1375.wav,0
pure_bio_1376.wav,0
pure_bio_1377.wav,0
pure_bio_1378.wav,0
pure_bio_1379.wav,0
pure_bio_1380.wav,0
pure_bio_1381.wav,0
pure_bio_1382.wav,0
pure_bio_1383.wav,0
pure_bio_1384.wav,0
pure_bio_1385.wav,0
pure_bio_1386.wav,0
pure_bio_1387.wav,0
pure_bio_1388.wav,0
pure_bio_1389.wav,0
pure_bio_1390.wav,0
pure_bio_1391.wav,0
pure_bio_1392.wav,0
pure_bio_1393.wav,0
pure_bio_1394.wav,0
pure_bio_1395.wav,0
pure_bio_1396.wav,0
pure_bio_1397.wav,0
pure_bio_1398.wav,0
pure_bio_1399.wav,0
pure_bio_1400.wav,0
pure_bio_1401.wav,0
pure_bio_1402.wav,0
pure_bio_1403.wav,0
pure_bio_1404.wav,0
pure_bio_1405.wav,0
pure_bio_1406.wav,0
pure_bio_1407.wav,0
pure_bio_1408.wav,0
pure_bio_1409.wav,0
pure_bio_1410.wav,0
pure_bio_1411.wav,0
pure_bio_1412.wav,0
pure_bio_1413.wav,0
pure_bio_1414.wav,0
pure_bio_1415.wav,0
pure_bio_1416.wav,0
pure_bio_1417.wav,0
pure_bio_1418.wav,0
pure_bio_1419.wav,0
pure_bio_1420.wav,0
pure_bio_1421.wav,0
pure_bio_1422.wav,0
pure_bio_1423.wav,0
pure_bio_1424.wav,0
pure_bio_1425.wav,0
pure_bio_1426.wav,0
pure_bio_1427.wav,0
pure_bio_1428.wav,0
pure_bio_1429.wav,0
pure_bio_1430.wav,0
pure_bio_1431.wav,0
pure_bio_1432.wav,0
pure_bio_1433.wav,0
pure_bio_1434.wav,0
pure_bio_1435.wav,0
pure_bio_1436.wav,0
pure_bio_1437.wav,0
pure_bio_1438.wav,0
pure_bio_1439.wav,0
pure_bio_1440.wav,0
pure_bio_1441.wav,0
pure_bio_1442.wav,0
pure_bio_1443.wav,0
pure_bio_1444.wav,0
pure_bio_1445.wav,0
pure_bio_1446.wav,0
pure_bio_1447.wav,0
pure_bio_1448.wav,0
pure_bio_1449.wav,0
pure_bio_1450.wav,0
pure_bio_1451.wav,0
pure_bio_1452.wav,0
pure_bio_1453.wav,0
pure_bio_1454.wav,0
pure_bio_1455.wav,0
pure_bio_1456.wav,0
pure_bio_1457.wav,0
pure_bio_1458.wav,0
pure_bio_1459.wav,0
pure_bio_1460.wav,0
pure_bio_1461.wav,0
pure_bio_1462.wav,0
pure_bio_1463.wav,0
pure_bio_1464.wav,0
pure_bio_1465.wav,0
pure_bio_1466.wav,0
pure_bio_1467.wav,0
pure_bio_1468.wav,0
pure_bio_1469.wav,0
pure_bio_1470.wav,0
pure_bio_1471.wav,0
pure_bio_1472.wav,0
pure_bio_1473.wav,0
pure_bio_1474.wav,0
pure_bio_1475.wav,0
pure_bio_1476.wav,0
pure_bio_1477.wav,0
pure_bio_1478.wav,0
pure_bio_1479.wav,0
pure_bio_1480.wav,0
pure_bio_1481.wav,0
pure_bio_1482.wav,0
pure_bio_1483.wav,0
pure_bio_1484.wav,0
pure_bio_1485.wav,0
pure_bio_1486.wav,0
pure_bio_1487.wav,0
pure_bio_1488.wav,0
pure_bio_1489.wav,0
pure_bio_1490.wav,0
pure_bio_1491.wav,0
pure_bio_1492.wav,0
pure_bio_1493.wav,0
pure_bio_1494.wav,0
pure_bio_1495.wav,0
pure_bio_1496.wav,0
pure_bio_1497.wav,0
pure_bio_1498.wav,0
pure_bio_1499.wav,0
pure_bio_1500.wav,0
pure_bio_1501.wav,0
pure_bio_1502.wav,0
pure_bio_1503.wav,0
pure_bio_1504.wav,0
pure_bio_1505.wav,0
pure_bio_1506.wav,0
pure_bio_1507.wav,0
pure_bio_1508.wav,0
pure_bio_1509.wav,0
pure_bio_1510.wav,0
pure_bio_1511.wav,0
pure_bio_1512.wav,0
pure_bio_1513.wav,0
pure_bio_1514.wav,0
pure_bio_1515.wav,0
pure_bio_1516.wav,0
pure_bio_1517.wav,0
pure_bio_1518.wav,0
pure_bio_1519.wav,0
pure_bio_1520.wav,0
pure_bio_1521.wav,0
pure_bio_1522.wav,0
pure_bio_1523.wav,0
pure_bio_1524.wav,0
pure_bio_1525.wav,0
pure_bio_1526.wav,0
pure_bio_1527.wav,0
pure_bio_1528.wav,0
pure_bio_1529.wav,0
pure_bio_1530.wav,0
pure_bio_1531.wav,0
pure_bio_1532.wav,0
pure_bio_1533.wav,0
pure_bio_1534.wav,0
pure_bio_1535.wav,0
pure_bio_1536.wav,0
pure_bio_1537.wav,0
pure_bio_1538.wav,0
pure_bio_1539.wav,0
pure_bio_1540.wav,0
pure_bio_1541.wav,0
pure_bio_1542.wav,0
pure_bio_1543.wav,0
pure_bio_1544.wav,0
pure_bio_1545.wav,0
pure_bio_1546.wav,0
pure_bio_1547.wav,0
pure_bio_1548.wav,0
pure_bio_1549.wav,0
pure_bio_1550.wav,0
pure_bio_1551.wav,0
pure_bio_1552.wav,0
pure_bio_1553.wav,0
pure_bio_1554.wav,0
pure_bio_1555.wav,0
pure_bio_1556.wav,0
pure_bio_1557.wav,0
pure_bio_1558.wav,0
pure_bio_1559.wav,0
pure_bio_1560.wav,0
pure_bio_1561.wav,0
pure_bio_1562.wav,0
pure_bio_1563.wav,0
pure_bio_1564.wav,0
pure_bio_1565.wav,0
pure_bio_1566.wav,0
pure_bio_1567.wav,0
pure_bio_1568.wav,0
pure_bio_1569.wav,0
pure_bio_1570.wav,0
pure_bio_1571.wav,0
pure_bio_1572.wav,0
pure_bio_1573.wav,0
pure_bio_1574.wav,0
pure_bio_1575.wav,0
pure_bio_1576.wav,0
pure_bio_1577.wav,0
pure_bio_1578.wav,0
pure_bio_1579.wav,0
pure_bio_1580.wav,0
pure_bio_1581.wav,0
pure_bio_1582.wav,0
pure_bio_1583.wav,0
pure_bio_1584.wav,0
pure_bio_1585.wav,0
pure_bio_1586.wav,0
pure_bio_1587.wav,0
pure_bio_1588.wav,0
pure_bio_1589.wav,0
pure_bio_1590.wav,0
pure_bio_1591.wav,0
pure_bio_1592.wav,0
pure_bio_1593.wav,0
pure_bio_1594.wav,0
pure_bio_1595.wav,0
pure_bio_1596.wav,0
pure_bio_1597.wav,0
pure_bio_1598.wav,0
pure_bio_1599.wav,0
pure_bio_1600.wav,0
pure_bio_1601.wav,0
pure_bio_1602.wav,0
pure_bio_1603.wav,0
pure_bio_1604.wav,0
pure_bio_1605.wav,0
pure_bio_1606.wav,0
pure_bio_1607.wav,0
pure_bio_1608.wav,0
pure_bio_1609.wav,0
pure_bio_1610.wav,0
pure_bio_1611.wav,0
pure_bio_1612.wav,0
pure_bio_1613.wav,0
pure_bio_1614.wav,0
pure_bio_1615.wav,0
pure_bio_1616.wav,0
pure_bio_1617.wav,0
pure_bio_1618.wav,0
pure_bio_1619.wav,0
pure_bio_1620.wav,0
pure_bio_1621.wav,0
pure_bio_1622.wav,0
pure_bio_1623.wav,0
pure_bio_1624.wav,0
pure_bio_1625.wav,0
pure_bio_1626.wav,0
pure_bio_1627.wav,0
pure_bio_1628.wav,0
pure_bio_1629.wav,0
pure_bio_1630.wav,0
pure_bio_1631.wav,0
pure_bio_1632.wav,0
pure_bio_1633.wav,0
pure_bio_1634.wav,0
pure_bio_1635.wav,0
pure_bio_1636.wav,0
pure_bio_1637.wav,0
pure_bio_1638.wav,0
pure_bio_1639.wav,0
pure_bio_1640.wav,0
pure_bio_1641.wav,0
pure_bio_1642.wav,0
pure_bio_1643.wav,0
pure_bio_1644.wav,0
pure_bio_1645.wav,0
pure_bio_1646.wav,0
pure_bio_1647.wav,0
pure_bio_1648.wav,0
pure_bio_1649.wav,0
pure_bio_1650.wav,0
pure_bio_1651.wav,0
pure_bio_1652.wav,0
pure_bio_1653.wav,0
pure_bio_1654.wav,0
pure_bio_1655.wav,0
pure_bio_1656.wav,0
pure_bio_1657.wav,0
pure_bio_1658.wav,0
pure_bio_1659.wav,0
pure_bio_1660.wav,0
pure_bio_1661.wav,0
pure_bio_1662.wav,0
pure_bio_1663.wav,0
pure_bio_1664.wav,0
pure_bio_1665.wav,0
pure_bio_1666.wav,0
pure_antro_0000.wav,1
pure_antro_0001.wav,1
pure_antro_0002.wav,1
pure_antro_0003.wav,1
pure_antro_0004.wav,1
pure_antro_0005.wav,1
pure_antro_0006.wav,1
pure_antro_0007.wav,1
pure_antro_0008.wav,1
pure_antro_0009.wav,1
pure_antro_0010.wav,1
pure_antro_0011.wav,1
pure_antro_0012.wav,1
pure_antro_0013.wav,1
pure_antro_0014.wav,1
pure_antro_0015.wav,1
pure_antro_0016.wav,1
pure_antro_0017.wav,1
pure_antro_0018.wav,1
pure_antro_0019.wav,1
pure_antro_0020.wav,1
pure_antro_0021.wav,1
pure_antro_0022.wav,1
pure_antro_0023.wav,1
pure_antro_0024.wav,1
pure_antro_0025.wav,1
pure_antro_0026.wav,1
pure_antro_0027.wav,1
pure_antro_0028.wav,1
pure_antro_0029.wav,1
pure_antro_0030.wav,1
pure_antro_0031.wav,1
pure_antro_0032.wav,1
pure_antro_0033.wav,1
pure_antro_0034.wav,1
pure_antro_0035.wav,1
pure_antro_0036.wav,1
pure_antro_0037.wav,1
pure_antro_0038.wav,1
pure_antro_0039.wav,1
pure_antro_0040.wav,1
pure_antro_0041.wav,1
pure_antro_0042.wav,1
pure_antro_0043.wav,1
pure_antro_0044.wav,1
pure_antro_0045.wav,1
pure_antro_0046.wav,1
pure_antro_0047.wav,1
pure_antro_0048.wav,1
pure_antro_0049.wav,1
pure_antro_0050.wav,1
pure_antro_0051.wav,1
pure_antro_0052.wav,1
pure_antro_0053.wav,1
pure_antro_0054.wav,1
pure_antro_0055.wav,1
pure_antro_0056.wav,1
pure_antro_0057.wav,1
pure_antro_0058.wav,1
pure_antro_0059.wav,1
pure_antro_0060.wav,1
pure_antro_0061.wav,1
pure_antro_0062.wav,1
pure_antro_0063.wav,1
pure_antro_0064.wav,1
pure_antro_0065.wav,1
pure_antro_0066.wav,1
pure_antro_0067.wav,1
pure_antro_0068.wav,1
pure_antro_0069.wav,1
pure_antro_0070.wav,1
pure_antro_0071.wav,1
pure_antro_0072.wav,1
pure_antro_0073.wav,1
pure_antro_0074.wav,1
pure_antro_0075.wav,1
pure_antro_0076.wav,1
pure_antro_0077.wav,1
pure_antro_0078.wav,1
pure_antro_0079.wav,1
pure_antro_0080.wav,1
pure_antro_0081.wav,1
pure_antro_0082.wav,1
pure_antro_0083.wav,1
pure_antro_0084.wav,1
pure_antro_0085.wav,1
pure_antro_0086.wav,1
pure_antro_0087.wav,1
pure_antro_0088.wav,1
pure_antro_0089.wav,1
pure_antro_0090.wav,1
pure_antro_0091.wav,1
pure_antro_0092.wav,1
pure_antro_0093.wav,1
pure_antro_0094.wav,1
pure_antro_0095.wav,1
pure_antro_0096.wav,1
pure_antro_0097.wav,1
pure_antro_0098.wav,1
pure_antro_0099.wav,1
pure_antro_0100.wav,1
pure_antro_0101.wav,1
pure_antro_0102.wav,1
pure_antro_0103.wav,1
pure_antro_0104.wav,1
pure_antro_0105.wav,1
pure_antro_0106.wav,1
pure_antro_0107.wav,1
pure_antro_0108.wav,1
pure_antro_0109.wav,1
pure_antro_0110.wav,1
pure_antro_0111.wav,1
pure_antro_0112.wav,1
pure_antro_0113.wav,1
pure_antro_0114.wav,1
pure_antro_0115.wav,1
pure_antro_0116.wav,1
pure_antro_0117.wav,1
pure_antro_0118.wav,1
pure_antro_0119.wav,1
pure_antro_0120.wav,1
pure_antro_0121.wav,1
pure_antro_0122.wav,1
pure_antro_0123.wav,1
pure_antro_0124.wav,1
pure_antro_0125.wav,1
pure_antro_0126.wav,1
pure_antro_0127.wav,1
pure_antro_0128.wav,1
pure_antro_0129.wav,1
pure_antro_0130.wav,1
pure_antro_0131.wav,1
pure_antro_0132.wav,1
pure_antro_0133.wav,1
pure_antro_0134.wav,1
pure_antro_0135.wav,1
pure_antro_0136.wav,1
pure_antro_0137.wav,1
pure_antro_0138.wav,1
pure_antro_0139.wav,1
pure_antro_0140.wav,1
pure_antro_0141.wav,1
pure_antro_0142.wav,1
pure_antro_0143.wav,1
pure_antro_0144.wav,1
pure_antro_0145.wav,1
pure_antro_0146.wav,1
pure_antro_0147.wav,1
pure_antro_0148.wav,1
pure_antro_0149.wav,1
pure_antro_0150.wav,1
pure_antro_0151.wav,1
pure_antro_0152.wav,1
pure_antro_0153.wav,1
pure_antro_0154.wav,1
pure_antro_0155.wav,1
pure_antro_0156.wav,1
pure_antro_0157.wav,1
pure_antro_0158.wav,1
pure_antro_0159.wav,1
pure_antro_0160.wav,1
pure_antro_0161.wav,1
pure_antro_0162.wav,1
pure_antro_0163.wav,1
pure_antro_0164.wav,1
pure_antro_0165.wav,1
pure_antro_0166.wav,1
pure_antro_0167.wav,1
pure_antro_0168.wav,1
pure_antro_0169.wav,1
pure_antro_0170.wav,1
pure_antro_0171.wav,1
pure_antro_0172.wav,1
pure_antro_0173.wav,1
pure_antro_0174.wav,1
pure_antro_0175.wav,1
pure_antro_0176.wav,1
pure_antro_0177.wav,1
pure_antro_0178.wav,1
pure_antro_0179.wav,1
pure_antro_0180.wav,1
pure_antro_0181.wav,1
pure_antro_0182.wav,1
pure_antro_0183.wav,1
pure_antro_0184.wav,1
pure_antro_0185.wav,1
pure_antro_0186.wav,1
pure_antro_0187.wav,1
pure_antro_0188.wav,1
pure_antro_0189.wav,1
pure_antro_0190.wav,1
pure_antro_0191.wav,1
pure_antro_0192.wav,1
pure_antro_0193.wav,1
pure_antro_0194.wav,1
pure_antro_0195.wav,1
pure_antro_0196.wav,1
pure_antro_0197.wav,1
pure_antro_0198.wav,1
pure_antro_0199.wav,1
pure_antro_0200.wav,1
pure_antro_0201.wav,1
pure_antro_0202.wav,1
pure_antro_0203.wav,1
pure_antro_0204.wav,1
pure_antro_0205.wav,1
pure_antro_0206.wav,1
pure_antro_0207.wav,1
pure_antro_0208.wav,1
pure_antro_0209.wav,1
pure_antro_0210.wav,1
pure_antro_0211.wav,1
pure_antro_0212.wav,1
pure_antro_0213.wav,1
pure_antro_0214.wav,1
pure_antro_0215.wav,1
pure_antro_0216.wav,1
pure_antro_0217.wav,1
pure_antro_0218.wav,1
pure_antro_0219.wav,1
pure_antro_0220.wav,1
pure_antro_0221.wav,1
pure_antro_0222.wav,1
pure_antro_0223.wav,1
pure_antro_0224.wav,1
pure_antro_0225.wav,1
pure_antro_0226.wav,1
pure_antro_0227.wav,1
pure_antro_0228.wav,1
pure_antro_0229.wav,1
pure_antro_0230.wav,1
pure_antro_0231.wav,1
pure_antro_0232.wav,1
pure_antro_0233.wav,1
pure_antro_0234.wav,1
pure_antro_0235.wav,1
pure_antro_0236.wav,1
pure_antro_0237.wav,1
pure_antro_0238.wav,1
pure_antro_0239.wav,1
pure_antro_0240.wav,1
pure_antro_0241.wav,1
pure_antro_0242.wav,1
pure_antro_0243.wav,1
pure_antro_0244.wav,1
pure_antro_0245.wav,1
pure_antro_0246.wav,1
pure_antro_0247.wav,1
pure_antro_0248.wav,1
pure_antro_0249.wav,1
pure_antro_0250.wav,1
pure_antro_0251.wav,1
pure_antro_0252.wav,1
pure_antro_0253.wav,1
pure_antro_0254.wav,1
pure_antro_0255.wav,1
pure_antro_0256.wav,1
pure_antro_0257.wav,1
pure_antro_0258.wav,1
pure_antro_0259.wav,1
pure_antro_0260.wav,1
pure_antro_0261.wav,1
pure_antro_0262.wav,1
pure_antro_0263.wav,1
pure_antro_0264.wav,1
pure_antro_0265.wav,1
pure_antro_0266.wav,1
pure_antro_0267.wav,1
pure_antro_0268.wav,1
pure_antro_0269.wav,1
pure_antro_0270.wav,1
pure_antro_0271.wav,1
pure_antro_0272.wav,1
pure_antro_0273.wav,1
pure_antro_0274.wav,1
pure_antro_0275.wav,1
pure_antro_0276.wav,1
pure_antro_0277.wav,1
pure_antro_0278.wav,1
pure_antro_0279.wav,1
pure_antro_0280.wav,1
pure_antro_0281.wav,1
pure_antro_0282.wav,1
pure_antro_0283.wav,1
pure_antro_0284.wav,1
pure_antro_0285.wav,1
pure_antro_0286.wav,1
pure_antro_0287.wav,1
pure_antro_0288.wav,1
pure_antro_0289.wav,1
pure_antro_0290.wav,1
pure_antro_0291.wav,1
pure_antro_0292.wav,1
pure_antro_0293.wav,1
pure_antro_0294.wav,1
pure_antro_0295.wav,1
pure_antro_0296.wav,1
pure_antro_0297.wav,1
pure_antro_0298.wav,1
pure_antro_0299.wav,1
pure_antro_0300.wav,1
pure_antro_0301.wav,1
pure_antro_0302.wav,1
pure_antro_0303.wav,1
pure_antro_0304.wav,1
pure_antro_0305.wav,1
pure_antro_0306.wav,1
pure_antro_0307.wav,1
pure_antro_0308.wav,1
pure_antro_0309.wav,1
pure_antro_0310.wav,1
pure_antro_0311.wav,1
pure_antro_0312.wav,1
pure_antro_0313.wav,1
pure_antro_0314.wav,1
pure_antro_0315.wav,1
pure_antro_0316.wav,1
pure_antro_0317.wav,1
pure_antro_0318.wav,1
pure_antro_0319.wav,1
pure_antro_0320.wav,1
pure_antro_0321.wav,1
pure_antro_0322.wav,1
pure_antro_0323.wav,1
pure_antro_0324.wav,1
pure_antro_0325.wav,1
pure_antro_0326.wav,1
pure_antro_0327.wav,1
pure_antro_0328.wav,1
pure_antro_0329.wav,1
pure_antro_0330.wav,1
pure_antro_0331.wav,1
pure_antro_0332.wav,1
pure_antro_0333.wav,1
pure_antro_0334.wav,1
pure_antro_0335.wav,1
pure_antro_0336.wav,1
pure_antro_0337.wav,1
pure_antro_0338.wav,1
pure_antro_0339.wav,1
pure_antro_0340.wav,1
pure_antro_0341.wav,1
pure_antro_0342.wav,1
pure_antro_0343.wav,1
pure_antro_0344.wav,1
pure_antro_0345.wav,1
pure_antro_0346.wav,1
pure_antro_0347.wav,1
pure_antro_0348.wav,1
pure_antro_0349.wav,1
pure_antro_0350.wav,1
pure_antro_0351.wav,1
pure_antro_0352.wav,1
pure_antro_0353.wav,1
pure_antro_0354.wav,1
pure_antro_0355.wav,1
pure_antro_0356.wav,1
pure_antro_0357.wav,1
pure_antro_0358.wav,1
pure_antro_0359.wav,1
pure_antro_0360.wav,1
pure_antro_0361.wav,1
pure_antro_0362.wav,1
pure_antro_0363.wav,1
pure_antro_0364.wav,1
pure_antro_0365.wav,1
pure_antro_0366.wav,1
pure_antro_0367.wav,1
pure_antro_0368.wav,1
pure_antro_0369.wav,1
pure_antro_0370.wav,1
pure_antro_0371.wav,1
pure_antro_0372.wav,1
pure_antro_0373.wav,1
pure_antro_0374.wav,1
pure_antro_0375.wav,1
pure_antro_0376.wav,1
pure_antro_0377.wav,1
pure_antro_0378.wav,1
pure_antro_0379.wav,1
pure_antro_0380.wav,1
pure_antro_0381.wav,1
pure_antro_0382.wav,1
pure_antro_0383.wav,1
pure_antro_0384.wav,1
pure_antro_0385.wav,1
pure_antro_0386.wav,1
pure_antro_0387.wav,1
pure_antro_0388.wav,1
pure_antro_0389.wav,1
pure_antro_0390.wav,1
pure_antro_0391.wav,1
pure_antro_0392.wav,1
pure_antro_0393.wav,1
pure_antro_0394.wav,1
pure_antro_0395.wav,1
pure_antro_0396.wav,1
pure_antro_0397.wav,1
pure_antro_0398.wav,1
pure_antro_0399.wav,1
pure_antro_0400.wav,1
pure_antro_0401.wav,1
pure_antro_0402.wav,1
pure_antro_0403.wav,1
pure_antro_0404.wav,1
pure_antro_0405.wav,1
pure_antro_0406.wav,1
pure_antro_0407.wav,1
pure_antro_0408.wav,1
pure_antro_0409.wav,1
pure_antro_0410.wav,1
pure_antro_0411.wav,1
pure_antro_0412.wav,1
pure_antro_0413.wav,1
pure_antro_0414.wav,1
pure_antro_0415.wav,1
pure_antro_0416.wav,1
pure_antro_0417.wav,1
pure_antro_0418.wav,1
pure_antro_0419.wav,1
pure_antro_0420.wav,1
pure_antro_0421.wav,1
pure_antro_0422.wav,1
pure_antro_0423.wav,1
pure_antro_0424.wav,1
pure_antro_0425.wav,1
pure_antro_0426.wav,1
pure_antro_0427.wav,1
pure_antro_0428.wav,1
pure_antro_0429.wav,1
pure_antro_0430.wav,1
pure_antro_0431.wav,1
pure_antro_0432.wav,1
pure_antro_0433.wav,1
pure_antro_0434.wav,1
pure_antro_0435.wav,1
pure_antro_0436.wav,1
pure_antro_0437.wav,1
pure_antro_0438.wav,1
pure_antro_0439.wav,1
pure_antro_0440.wav,1
pure_antro_0441.wav,1
pure_antro_0442.wav,1
pure_antro_0443.wav,1
pure_antro_0444.wav,1
pure_antro_0445.wav,1
pure_antro_0446.wav,1
pure_antro_0447.wav,1
pure_antro_0448.wav,1
pure_antro_0449.wav,1
pure_antro_0450.wav,1
pure_antro_0451.wav,1
pure_antro_0452.wav,1
pure_antro_0453.wav,1
pure_antro_0454.wav,1
pure_antro_0455.wav,1
pure_antro_0456.wav,1
pure_antro_0457.wav,1
pure_antro_0458.wav,1
pure_antro_0459.wav,1
pure_antro_0460.wav,1
pure_antro_0461.wav,1
pure_antro_0462.wav,1
pure_antro_0463.wav,1
pure_antro_0464.wav,1
pure_antro_0465.wav,1
pure_antro_0466.wav,1
pure_antro_0467.wav,1
pure_antro_0468.wav,1
pure_antro_0469.wav,1
pure_antro_0470.wav,1
pure_antro_0471.wav,1
pure_antro_0472.wav,1
pure_antro_0473.wav,1
pure_antro_0474.wav,1
pure_antro_0475.wav,1
pure_antro_0476.wav,1
pure_antro_0477.wav,1
pure_antro_0478.wav,1
pure_antro_0479.wav,1
pure_antro_0480.wav,1
pure_antro_0481.wav,1
pure_antro_0482.wav,1
pure_antro_0483.wav,1
pure_antro_0484.wav,1
pure_antro_0485.wav,1
pure_antro_0486.wav,1
pure_antro_0487.wav,1
pure_antro_0488.wav,1
pure_antro_0489.wav,1
pure_antro_0490.wav,1
pure_antro_0491.wav,1
pure_antro_0492.wav,1
pure_antro_0493.wav,1
pure_antro_0494.wav,1
pure_antro_0495.wav,1
pure_antro_0496.wav,1
pure_antro_0497.wav,1
pure_antro_0498.wav,1
pure_antro_0499.wav,1
pure_antro_0500.wav,1
pure_antro_0501.wav,1
pure_antro_0502.wav,1
pure_antro_0503.wav,1
pure_antro_0504.wav,1
pure_antro_0505.wav,1
pure_antro_0506.wav,1
pure_antro_0507.wav,1
pure_antro_0508.wav,1
pure_antro_0509.wav,1
pure_antro_0510.wav,1
pure_antro_0511.wav,1
pure_antro_0512.wav,1
pure_antro_0513.wav,1
pure_antro_0514.wav,1
pure_antro_0515.wav,1
pure_antro_0516.wav,1
pure_antro_0517.wav,1
pure_antro_0518.wav,1
pure_antro_0519.wav,1
pure_antro_0520.wav,1
pure_antro_0521.wav,1
pure_antro_0522.wav,1
pure_antro_0523.wav,1
pure_antro_0524.wav,1
pure_antro_0525.wav,1
pure_antro_0526.wav,1
pure_antro_0527.wav,1
pure_antro_0528.wav,1
pure_antro_0529.wav,1
pure_antro_0530.wav,1
pure_antro_0531.wav,1
pure_antro_0532.wav,1
pure_antro_0533.wav,1
pure_antro_0534.wav,1
pure_antro_0535.wav,1
pure_antro_0536.wav,1
pure_antro_0537.wav,1
pure_antro_0538.wav,1
pure_antro_0539.wav,1
pure_antro_0540.wav,1
pure_antro_0541.wav,1
pure_antro_0542.wav,1
pure_antro_0543.wav,1
pure_antro_0544.wav,1
pure_antro_0545.wav,1
pure_antro_0546.wav,1
pure_antro_0547.wav,1
pure_antro_0548.wav,1
pure_antro_0549.wav,1
pure_antro_0550.wav,1
pure_antro_0551.wav,1
pure_antro_0552.wav,1
pure_antro_0553.wav,1
pure_antro_0554.wav,1
pure_antro_0555.wav,1
pure_antro_0556.wav,1
pure_antro_0557.wav,1
pure_antro_0558.wav,1
pure_antro_0559.wav,1
pure_antro_0560.wav,1
pure_antro_0561.wav,1
pure_antro_0562.wav,1
pure_antro_0563.wav,1
pure_antro_0564.wav,1
pure_antro_0565.wav,1
pure_antro_0566.wav,1
pure_antro_0567.wav,1
pure_antro_0568.wav,1
pure_antro_0569.wav,1
pure_antro_0570.wav,1
pure_antro_0571.wav,1
pure_antro_0572.wav,1
pure_antro_0573.wav,1
pure_antro_0574.wav,1
pure_antro_0575.wav,1
pure_antro_0576.wav,1
pure_antro_0577.wav,1
pure_antro_0578.wav,1
pure_antro_0579.wav,1
pure_antro_0580.wav,1
pure_antro_0581.wav,1
pure_antro_0582.wav,1
pure_antro_0583.wav,1
pure_antro_0584.wav,1
pure_antro_0585.wav,1
pure_antro_0586.wav,1
pure_antro_0587.wav,1
pure_antro_0588.wav,1
pure_antro_0589.wav,1
pure_antro_0590.wav,1
pure_antro_0591.wav,1
pure_antro_0592.wav,1
pure_antro_0593.wav,1
pure_antro_0594.wav,1
pure_antro_0595.wav,1
pure_antro_0596.wav,1
pure_antro_0597.wav,1
pure_antro_0598.wav,1
pure_antro_0599.wav,1
pure_antro_0600.wav,1
pure_antro_0601.wav,1
pure_antro_0602.wav,1
pure_antro_0603.wav,1
pure_antro_0604.wav,1
pure_antro_0605.wav,1
pure_antro_0606.wav,1
pure_antro_0607.wav,1
pure_antro_0608.wav,1
pure_antro_0609.wav,1
pure_antro_0610.wav,1
pure_antro_0611.wav,1
pure_antro_0612.wav,1
pure_antro_0613.wav,1
pure_antro_0614.wav,1
pure_antro_0615.wav,1
pure_antro_0616.wav,1
pure_antro_0617.wav,1
pure_antro_0618.wav,1
pure_antro_0619.wav,1
pure_antro_0620.wav,1
pure_antro_0621.wav,1
pure_antro_0622.wav,1
pure_antro_0623.wav,1
pure_antro_0624.wav,1
pure_antro_0625.wav,1
pure_antro_0626.wav,1
pure_antro_0627.wav,1
pure_antro_0628.wav,1
pure_antro_0629.wav,1
pure_antro_0630.wav,1
pure_antro_0631.wav,1
pure_antro_0632.wav,1
pure_antro_0633.wav,1
pure_antro_0634.wav,1
pure_antro_0635.wav,1
pure_antro_0636.wav,1
pure_antro_0637.wav,1
pure_antro_0638.wav,1
pure_antro_0639.wav,1
pure_antro_0640.wav,1
pure_antro_0641.wav,1
pure_antro_0642.wav,1
pure_antro_0643.wav,1
pure_antro_0644.wav,1
pure_antro_0645.wav,1
pure_antro_0646.wav,1
pure_antro_0647.wav,1
pure_antro_0648.wav,1
pure_antro_0649.wav,1
pure_antro_0650.wav,1
pure_antro_0651.wav,1
pure_antro_0652.wav,1
pure_antro_0653.wav,1
pure_antro_0654.wav,1
pure_antro_0655.wav,1
pure_antro_0656.wav,1
pure_antro_0657.wav,1
pure_antro_0658.wav,1
pure_antro_0659.wav,1
pure_antro_0660.wav,1
pure_antro_0661.wav,1
pure_antro_0662.wav,1
pure_antro_0663.wav,1
pure_antro_0664.wav,1
pure_antro_0665.wav,1
pure_antro_0666.wav,1
pure_antro_0667.wav,1
pure_antro_0668.wav,1
pure_antro_0669.wav,1
pure_antro_0670.wav,1
pure_antro_0671.wav,1
pure_antro_0672.wav,1
pure_antro_0673.wav,1
pure_antro_0674.wav,1
pure_antro_0675.wav,1
pure_antro_0676.wav,1
pure_antro_0677.wav,1
pure_antro_0678.wav,1
pure_antro_0679.wav,1
pure_antro_0680.wav,1
pure_antro_0681.wav,1
pure_antro_0682.wav,1
pure_antro_0683.wav,1
pure_antro_0684.wav,1
pure_antro_0685.wav,1
pure_antro_0686.wav,1
pure_antro_0687.wav,1
pure_antro_0688.wav,1
pure_antro_0689.wav,1
pure_antro_0690.wav,1
pure_antro_0691.wav,1
pure_antro_0692.wav,1
pure_antro_0693.wav,1
pure_antro_0694.wav,1
pure_antro_0695.wav,1
pure_antro_0696.wav,1
pure_antro_0697.wav,1
pure_antro_0698.wav,1
pure_antro_0699.wav,1
pure_antro_0700.wav,1
pure_antro_0701.wav,1
pure_antro_0702.wav,1
pure_antro_0703.wav,1
pure_antro_0704.wav,1
pure_antro_0705.wav,1
pure_antro_0706.wav,1
pure_antro_0707.wav,1
pure_antro_0708.wav,1
pure_antro_0709.wav,1
pure_antro_0710.wav,1
pure_antro_0711.wav,1
pure_antro_0712.wav,1
pure_antro_0713.wav,1
pure_antro_0714.wav,1
pure_antro_0715.wav,1
pure_antro_0716.wav,1
pure_antro_0717.wav,1
pure_antro_0718.wav,1
pure_antro_0719.wav,1
pure_antro_0720.wav,1
pure_antro_0721.wav,1
pure_antro_0722.wav,1
pure_antro_0723.wav,1
pure_antro_0724.wav,1
pure_antro_0725.wav,1
pure_antro_0726.wav,1
pure_antro_0727.wav,1
pure_antro_0728.wav,1
pure_antro_0729.wav,1
pure_antro_0730.wav,1
pure_antro_0731.wav,1
pure_antro_0732.wav,1
pure_antro_0733.wav,1
pure_antro_0734.wav,1
pure_antro_0735.wav,1
pure_antro_0736.wav,1
pure_antro_0737.wav,1
pure_antro_0738.wav,1
pure_antro_0739.wav,1
pure_antro_0740.wav,1
pure_antro_0741.wav,1
pure_antro_0742.wav,1
pure_antro_0743.wav,1
pure_antro_0744.wav,1
pure_antro_0745.wav,1
pure_antro_0746.wav,1
pure_antro_0747.wav,1
pure_antro_0748.wav,1
pure_antro_0749.wav,1
pure_antro_0750.wav,1
pure_antro_0751.wav,1
pure_antro_0752.wav,1
pure_antro_0753.wav,1
pure_antro_0754.wav,1
pure_antro_0755.wav,1
pure_antro_0756.wav,1
pure_antro_0757.wav,1
pure_antro_0758.wav,1
pure_antro_0759.wav,1
pure_antro_0760.wav,1
pure_antro_0761.wav,1
pure_antro_0762.wav,1
pure_antro_0763.wav,1
pure_antro_0764.wav,1
pure_antro_0765.wav,1
pure_antro_0766.wav,1
pure_antro_0767.wav,1
pure_antro_0768.wav,1
pure_antro_0769.wav,1
pure_antro_0770.wav,1
pure_antro_0771.wav,1
pure_antro_0772.wav,1
pure_antro_0773.wav,1
pure_antro_0774.wav,1
pure_antro_0775.wav,1
pure_antro_0776.wav,1
pure_antro_0777.wav,1
pure_antro_0778.wav,1
pure_antro_0779.wav,1
pure_antro_0780.wav,1
pure_antro_0781.wav,1
pure_antro_0782.wav,1
pure_antro_0783.wav,1
pure_antro_0784.wav,1
pure_antro_0785.wav,1
pure_antro_0786.wav,1
pure_antro_0787.wav,1
pure_antro_0788.wav,1
pure_antro_0789.wav,1
pure_antro_0790.wav,1
pure_antro_0791.wav,1
pure_antro_0792.wav,1
pure_antro_0793.wav,1
pure_antro_0794.wav,1
pure_antro_0795.wav,1
pure_antro_0796.wav,1
pure_antro_0797.wav,1
pure_antro_0798.wav,1
pure_antro_0799.wav,1
pure_antro_0800.wav,1
pure_antro_0801.wav,1
pure_antro_0802.wav,1
pure_antro_0803.wav,1
pure_antro_0804.wav,1
pure_antro_0805.wav,1
pure_antro_0806.wav,1
pure_antro_0807.wav,1
pure_antro_0808.wav,1
pure_antro_0809.wav,1
pure_antro_0810.wav,1
pure_antro_0811.wav,1
pure_antro_0812.wav,1
pure_antro_0813.wav,1
pure_antro_0814.wav,1
pure_antro_0815.wav,1
pure_antro_0816.wav,1
pure_antro_0817.wav,1
pure_antro_0818.wav,1
pure_antro_0819.wav,1
pure_antro_0820.wav,1
pure_antro_0821.wav,1
pure_antro_0822.wav,1
pure_antro_0823.wav,1
pure_antro_0824.wav,1
pure_antro_0825.wav,1
pure_antro_0826.wav,1
pure_antro_0827.wav,1
pure_antro_0828.wav,1
pure_antro_0829.wav,1
pure_antro_0830.wav,1
pure_antro_0831.wav,1
pure_antro_0832.wav,1
pure_antro_0833.wav,1
pure_antro_0834.wav,1
pure_antro_0835.wav,1
pure_antro_0836.wav,1
pure_antro_0837.wav,1
pure_antro_0838.wav,1
pure_antro_0839.wav,1
pure_antro_0840.wav,1
pure_antro_0841.wav,1
pure_antro_0842.wav,1
pure_antro_0843.wav,1
pure_antro_0844.wav,1
pure_antro_0845.wav,1
pure_antro_0846.wav,1
pure_antro_0847.wav,1
pure_antro_0848.wav,1
pure_antro_0849.wav,1
pure_antro_0850.wav,1
pure_antro_0851.wav,1
pure_antro_0852.wav,1
pure_antro_0853.wav,1
pure_antro_0854.wav,1
pure_antro_0855.wav,1
pure_antro_0856.wav,1
pure_antro_0857.wav,1
pure_antro_0858.wav,1
pure_antro_0859.wav,1
pure_antro_0860.wav,1
pure_antro_0861.wav,1
pure_antro_0862.wav,1
pure_antro_0863.wav,1
pure_antro_0864.wav,1
pure_antro_0865.wav,1
pure_antro_0866.wav,1
pure_antro_0867.wav,1
pure_antro_0868.wav,1
pure_antro_0869.wav,1
pure_antro_0870.wav,1
pure_antro_0871.wav,1
pure_antro_0872.wav,1
pure_antro_0873.wav,1
pure_antro_0874.wav,1
pure_antro_0875.wav,1
pure_antro_0876.wav,1
pure_antro_0877.wav,1
pure_antro_0878.wav,1
pure_antro_0879.wav,1
pure_antro_0880.wav,1
pure_antro_0881.wav,1
pure_antro_0882.wav,1
pure_antro_0883.wav,1
pure_antro_0884.wav,1
pure_antro_0885.wav,1
pure_antro_0886.wav,1
pure_antro_0887.wav,1
pure_antro_0888.wav,1
pure_antro_0889.wav,1
pure_antro_0890.wav,1
pure_antro_0891.wav,1
pure_antro_0892.wav,1
pure_antro_0893.wav,1
pure_antro_0894.wav,1
pure_antro_0895.wav,1
pure_antro_0896.wav,1
pure_antro_0897.wav,1
pure_antro_0898.wav,1
pure_antro_0899.wav,1
pure_antro_0900.wav,1
pure_antro_0901.wav,1
pure_antro_0902.wav,1
pure_antro_0903.wav,1
pure_antro_0904.wav,1
pure_antro_0905.wav,1
pure_antro_0906.wav,1
pure_antro_0907.wav,1
pure_antro_0908.wav,1
pure_antro_0909.wav,1
pure_antro_0910.wav,1
pure_antro_0911.wav,1
pure_antro_0912.wav,1
pure_antro_0913.wav,1
pure_antro_0914.wav,1
pure_antro_0915.wav,1
pure_antro_0916.wav,1
pure_antro_0917.wav,1
pure_antro_0918.wav,1
pure_antro_0919.wav,1
pure_antro_0920.wav,1
pure_antro_0921.wav,1
pure_antro_0922.wav,1
pure_antro_0923.wav,1
pure_antro_0924.wav,1
pure_antro_0925.wav,1
pure_antro_0926.wav,1
pure_antro_0927.wav,1
pure_antro_0928.wav,1
pure_antro_0929.wav,1
pure_antro_0930.wav,1
pure_antro_0931.wav,1
pure_antro_0932.wav,1
pure_antro_0933.wav,1
pure_antro_0934.wav,1
pure_antro_0935.wav,1
pure_antro_0936.wav,1
pure_antro_0937.wav,1
pure_antro_0938.wav,1
pure_antro_0939.wav,1
pure_antro_0940.wav,1
pure_antro_0941.wav,1
pure_antro_0942.wav,1
pure_antro_0943.wav,1
pure_antro_0944.wav,1
pure_antro_0945.wav,1
pure_antro_0946.wav,1
pure_antro_0947.wav,1
pure_antro_0948.wav,1
pure_antro_0949.wav,1
pure_antro_0950.wav,1
pure_antro_0951.wav,1
pure_antro_0952.wav,1
pure_antro_0953.wav,1
pure_antro_0954.wav,1
pure_antro_0955.wav,1
pure_antro_0956.wav,1
pure_antro_0957.wav,1
pure_antro_0958.wav,1
pure_antro_0959.wav,1
pure_antro_0960.wav,1
pure_antro_0961.wav,1
pure_antro_0962.wav,1
pure_antro_0963.wav,1
pure_antro_0964.wav,1
pure_antro_0965.wav,1
pure_antro_0966.wav,1
pure_antro_0967.wav,1
pure_antro_0968.wav,1
pure_antro_0969.wav,1
pure_antro_0970.wav,1
pure_antro_0971.wav,1
pure_antro_0972.wav,1
pure_antro_0973.wav,1
pure_antro_0974.wav,1
pure_antro_0975.wav,1
pure_antro_0976.wav,1
pure_antro_0977.wav,1
pure_antro_0978.wav,1
pure_antro_0979.wav,1
pure_antro_0980.wav,1
pure_antro_0981.wav,1
pure_antro_0982.wav,1
pure_antro_0983.wav,1
pure_antro_0984.wav,1
pure_antro_0985.wav,1
pure_antro_0986.wav,1
pure_antro_0987.wav,1
pure_antro_0988.wav,1
pure_antro_0989.wav,1
pure_antro_0990.wav,1
pure_antro_0991.wav,1
pure_antro_0992.wav,1
pure_antro_0993.wav,1
pure_antro_0994.wav,1
pure_antro_0995.wav,1
pure_antro_0996.wav,1
pure_antro_0997.wav,1
pure_antro_0998.wav,1
pure_antro_0999.wav,1
pure_antro_1000.wav,1
pure_antro_1001.wav,1
pure_antro_1002.wav,1
pure_antro_1003.wav,1
pure_antro_1004.wav,1
pure_antro_1005.wav,1
pure_antro_1006.wav,1
pure_antro_1007.wav,1
pure_antro_1008.wav,1
pure_antro_1009.wav,1
pure_antro_1010.wav,1
pure_antro_1011.wav,1
pure_antro_1012.wav,1
pure_antro_1013.wav,1
pure_antro_1014.wav,1
pure_antro_1015.wav,1
pure_antro_1016.wav,1
pure_antro_1017.wav,1
pure_antro_1018.wav,1
pure_antro_1019.wav,1
pure_antro_1020.wav,1
pure_antro_1021.wav,1
pure_antro_1022.wav,1
pure_antro_1023.wav,1
pure_antro_1024.wav,1
pure_antro_1025.wav,1
pure_antro_1026.wav,1
pure_antro_1027.wav,1
pure_antro_1028.wav,1
pure_antro_1029.wav,1
pure_antro_1030.wav,1
pure_antro_1031.wav,1
pure_antro_1032.wav,1
pure_antro_1033.wav,1
pure_antro_1034.wav,1
pure_antro_1035.wav,1
pure_antro_1036.wav,1
pure_antro_1037.wav,1
pure_antro_1038.wav,1
pure_antro_1039.wav,1
pure_antro_1040.wav,1
pure_antro_1041.wav,1
pure_antro_1042.wav,1
pure_antro_1043.wav,1
pure_antro_1044.wav,1
pure_antro_1045.wav,1
pure_antro_1046.wav,1
pure_antro_1047.wav,1
pure_antro_1048.wav,1
pure_antro_1049.wav,1
pure_antro_1050.wav,1
pure_antro_1051.wav,1
pure_antro_1052.wav,1
pure_antro_1053.wav,1
pure_antro_1054.wav,1
pure_antro_1055.wav,1
pure_antro_1056.wav,1
pure_antro_1057.wav,1
pure_antro_1058.wav,1
pure_antro_1059.wav,1
pure_antro_1060.wav,1
pure_antro_1061.wav,1
pure_antro_1062.wav,1
pure_antro_1063.wav,1
pure_antro_1064.wav,1
pure_antro_1065.wav,1
pure_antro_1066.wav,1
pure_antro_1067.wav,1
pure_antro_1068.wav,1
pure_antro_1069.wav,1
pure_antro_1070.wav,1
pure_antro_1071.wav,1
pure_antro_1072.wav,1
pure_antro_1073.wav,1
pure_antro_1074.wav,1
pure_antro_1075.wav,1
pure_antro_1076.wav,1
pure_antro_1077.wav,1
pure_antro_1078.wav,1
pure_antro_1079.wav,1
pure_antro_1080.wav,1
pure_antro_1081.wav,1
pure_antro_1082.wav,1
pure_antro_1083.wav,1
pure_antro_1084.wav,1
pure_antro_1085.wav,1
pure_antro_1086.wav,1
pure_antro_1087.wav,1
pure_antro_1088.wav,1
pure_antro_1089.wav,1
pure_antro_1090.wav,1
pure_antro_1091.wav,1
pure_antro_1092.wav,1
pure_antro_1093.wav,1
pure_antro_1094.wav,1
pure_antro_1095.wav,1
pure_antro_1096.wav,1
pure_antro_1097.wav,1
pure_antro_1098.wav,1
pure_antro_1099.wav,1
pure_antro_1100.wav,1
pure_antro_1101.wav,1
pure_antro_1102.wav,1
pure_antro_1103.wav,1
pure_antro_1104.wav,1
pure_antro_1105.wav,1
pure_antro_1106.wav,1
pure_antro_1107.wav,1
pure_antro_1108.wav,1
pure_antro_1109.wav,1
pure_antro_1110.wav,1
pure_antro_1111.wav,1
pure_antro_1112.wav,1
pure_antro_1113.wav,1
pure_antro_1114.wav,1
pure_antro_1115.wav,1
pure_antro_1116.wav,1
pure_antro_1117.wav,1
pure_antro_1118.wav,1
pure_antro_1119.wav,1
pure_antro_1120.wav,1
pure_antro_1121.wav,1
pure_antro_1122.wav,1
pure_antro_1123.wav,1
pure_antro_1124.wav,1
pure_antro_1125.wav,1
pure_antro_1126.wav,1
pure_antro_1127.wav,1
pure_antro_1128.wav,1
pure_antro_1129.wav,1
pure_antro_1130.wav,1
pure_antro_1131.wav,1
pure_antro_1132.wav,1
pure_antro_1133.wav,1
pure_antro_1134.wav,1
pure_antro_1135.wav,1
pure_antro_1136.wav,1
pure_antro_1137.wav,1
pure_antro_1138.wav,1
pure_antro_1139.wav,1
pure_antro_1140.wav,1
pure_antro_1141.wav,1
pure_antro_1142.wav,1
pure_antro_1143.wav,1
pure_antro_1144.wav,1
pure_antro_1145.wav,1
pure_antro_1146.wav,1
pure_antro_1147.wav,1
pure_antro_1148.wav,1
pure_antro_1149.wav,1
pure_antro_1150.wav,1
pure_antro_1151.wav,1
pure_antro_1152.wav,1
pure_antro_1153.wav,1
pure_antro_1154.wav,1
pure_antro_1155.wav,1
pure_antro_1156.wav,1
pure_antro_1157.wav,1
pure_antro_1158.wav,1
pure_antro_1159.wav,1
pure_antro_1160.wav,1
pure_antro_1161.wav,1
pure_antro_1162.wav,1
pure_antro_1163.wav,1
pure_antro_1164.wav,1
pure_antro_1165.wav,1
pure_antro_1166.wav,1
pure_antro_1167.wav,1
pure_antro_1168.wav,1
pure_antro_1169.wav,1
pure_antro_1170.wav,1
pure_antro_1171.wav,1
pure_antro_1172.wav,1
pure_antro_1173.wav,1
pure_antro_1174.wav,1
pure_antro_1175.wav,1
pure_antro_1176.wav,1
pure_antro_1177.wav,1
pure_antro_1178.wav,1
pure_antro_1179.wav,1
pure_antro_1180.wav,1
pure_antro_1181.wav,1
pure_antro_1182.wav,1
pure_antro_1183.wav,1
pure_antro_1184.wav,1
pure_antro_1185.wav,1
pure_antro_1186.wav,1
pure_antro_1187.wav,1
pure_antro_1188.wav,1
pure_antro_1189.wav,1
pure_antro_1190.wav,1
pure_antro_1191.wav,1
pure_antro_1192.wav,1
pure_antro_1193.wav,1
pure_antro_1194.wav,1
pure_antro_1195.wav,1
pure_antro_1196.wav,1
pure_antro_1197.wav,1
pure_antro_1198.wav,1
pure_antro_1199.wav,1
pure_antro_1200.wav,1
pure_antro_1201.wav,1
pure_antro_1202.wav,1
pure_antro_1203.wav,1
pure_antro_1204.wav,1
pure_antro_1205.wav,1
pure_antro_1206.wav,1
pure_antro_1207.wav,1
pure_antro_1208.wav,1
pure_antro_1209.wav,1
pure_antro_1210.wav,1
pure_antro_1211.wav,1
pure_antro_1212.wav,1
pure_antro_1213.wav,1
pure_antro_1214.wav,1
pure_antro_1215.wav,1
pure_antro_1216.wav,1
pure_antro_1217.wav,1
pure_antro_1218.wav,1
pure_antro_1219.wav,1
pure_antro_1220.wav,1
pure_antro_1221.wav,1
pure_antro_1222.wav,1
pure_antro_1223.wav,1
pure_antro_1224.wav,1
pure_antro_1225.wav,1
pure_antro_1226.wav,1
pure_antro_1227.wav,1
pure_antro_1228.wav,1
pure_antro_1229.wav,1
pure_antro_1230.wav,1
pure_antro_1231.wav,1
pure_antro_1232.wav,1
pure_antro_1233.wav,1
pure_antro_1234.wav,1
pure_antro_1235.wav,1
pure_antro_1236.wav,1
pure_antro_1237.wav,1
pure_antro_1238.wav,1
pure_antro_1239.wav,1
pure_antro_1240.wav,1
pure_antro_1241.wav,1
pure_antro_1242.wav,1
pure_antro_1243.wav,1
pure_antro_1244.wav,1
pure_antro_1245.wav,1
pure_antro_1246.wav,1
pure_antro_1247.wav,1
pure_antro_1248.wav,1
pure_antro_1249.wav,1
pure_antro_1250.wav,1
pure_antro_1251.wav,1
pure_antro_1252.wav,1
pure_antro_1253.wav,1
pure_antro_1254.wav,1
pure_antro_1255.wav,1
pure_antro_1256.wav,1
pure_antro_1257.wav,1
pure_antro_1258.wav,1
pure_antro_1259.wav,1
pure_antro_1260.wav,1
pure_antro_1261.wav,1
pure_antro_1262.wav,1
pure_antro_1263.wav,1
pure_antro_1264.wav,1
pure_antro_1265.wav,1
pure_antro_1266.wav,1
pure_antro_1267.wav,1
pure_antro_1268.wav,1
pure_antro_1269.wav,1
pure_antro_1270.wav,1
pure_antro_1271.wav,1
pure_antro_1272.wav,1
pure_antro_1273.wav,1
pure_antro_1274.wav,1
pure_antro_1275.wav,1
pure_antro_1276.wav,1
pure_antro_1277.wav,1
pure_antro_1278.wav,1
pure_antro_1279.wav,1
pure_antro_1280.wav,1
pure_antro_1281.wav,1
pure_antro_1282.wav,1
pure_antro_1283.wav,1
pure_antro_1284.wav,1
pure_antro_1285.wav,1
pure_antro_1286.wav,1
pure_antro_1287.wav,1
pure_antro_1288.wav,1
pure_antro_1289.wav,1
pure_antro_1290.wav,1
pure_antro_1291.wav,1
pure_antro_1292.wav,1
pure_antro_1293.wav,1
pure_antro_1294.wav,1
pure_antro_1295.wav,1
pure_antro_1296.wav,1
pure_antro_1297.wav,1
pure_antro_1298.wav,1
pure_antro_1299.wav,1
pure_antro_1300.wav,1
pure_antro_1301.wav,1
pure_antro_1302.wav,1
pure_antro_1303.wav,1
pure_antro_1304.wav,1
pure_antro_1305.wav,1
pure_antro_1306.wav,1
pure_antro_1307.wav,1
pure_antro_1308.wav,1
pure_antro_1309.wav,1
pure_antro_1310.wav,1
pure_antro_1311.wav,1
pure_antro_1312.wav,1
pure_antro_1313.wav,1
pure_antro_1314.wav,1
pure_antro_1315.wav,1
pure_antro_1316.wav,1
pure_antro_1317.wav,1
pure_antro_1318.wav,1
pure_antro_1319.wav,1
pure_antro_1320.wav,1
pure_antro_1321.wav,1
pure_antro_1322.wav,1
pure_antro_1323.wav,1
pure_antro_1324.wav,1
pure_antro_1325.wav,1
pure_antro_1326.wav,1
pure_antro_1327.wav,1
pure_antro_1328.wav,1
pure_antro_1329.wav,1
pure_antro_1330.wav,1
pure_antro_1331.wav,1
pure_antro_1332.wav,1
pure_antro_1333.wav,1
pure_antro_1334.wav,1
pure_antro_1335.wav,1
pure_antro_1336.wav,1
pure_antro_1337.wav,1
pure_antro_1338.wav,1
pure_antro_1339.wav,1
pure_antro_1340.wav,1
pure_antro_1341.wav,1
pure_antro_1342.wav,1
pure_antro_1343.wav,1
pure_antro_1344.wav,1
pure_antro_1345.wav,1
pure_antro_1346.wav,1
pure_antro_1347.wav,1
pure_antro_1348.wav,1
pure_antro_1349.wav,1
pure_antro_1350.wav,1
pure_antro_1351.wav,1
pure_antro_1352.wav,1
pure_antro_1353.wav,1
pure_antro_1354.wav,1
pure_antro_1355.wav,1
pure_antro_1356.wav,1
pure_antro_1357.wav,1
pure_antro_1358.wav,1
pure_antro_1359.wav,1
pure_antro_1360.wav,1
pure_antro_1361.wav,1
pure_antro_1362.wav,1
pure_antro_1363.wav,1
pure_antro_1364.wav,1
pure_antro_1365.wav,1
pure_antro_1366.wav,1
pure_antro_1367.wav,1
pure_antro_1368.wav,1
pure_antro_1369.wav,1
pure_antro_1370.wav,1
pure_antro_1371.wav,1
pure_antro_1372.wav,1
pure_antro_1373.wav,1
pure_antro_1374.wav,1
pure_antro_1375.wav,1
pure_antro_1376.wav,1
pure_antro_1377.wav,1
pure_antro_1378.wav,1
pure_antro_1379.wav,1
pure_antro_1380.wav,1
pure_antro_1381.wav,1
pure_antro_1382.wav,1
pure_antro_1383.wav,1
pure_antro_1384.wav,1
pure_antro_1385.wav,1
pure_antro_1386.wav,1
pure_antro_1387.wav,1
pure_antro_1388.wav,1
pure_antro_1389.wav,1
pure_antro_1390.wav,1
pure_antro_1391.wav,1
pure_antro_1392.wav,1
pure_antro_1393.wav,1
pure_antro_1394.wav,1
pure_antro_1395.wav,1
pure_antro_1396.wav,1
pure_antro_1397.wav,1
pure_antro_1398.wav,1
pure_antro_1399.wav,1
pure_antro_1400.wav,1
pure_antro_1401.wav,1
pure_antro_1402.wav,1
pure_antro_1403.wav,1
pure_antro_1404.wav,1
pure_antro_1405.wav,1
pure_antro_1406.wav,1
pure_antro_1407.wav,1
pure_antro_1408.wav,1
pure_antro_1409.wav,1
pure_antro_1410.wav,1
pure_antro_1411.wav,1
pure_antro_1412.wav,1
pure_antro_1413.wav,1
pure_antro_1414.wav,1
pure_antro_1415.wav,1
pure_antro_1416.wav,1
pure_antro_1417.wav,1
pure_antro_1418.wav,1
pure_antro_1419.wav,1
pure_antro_1420.wav,1
pure_antro_1421.wav,1
pure_antro_1422.wav,1
pure_antro_1423.wav,1
pure_antro_1424.wav,1
pure_antro_1425.wav,1
pure_antro_1426.wav,1
pure_antro_1427.wav,1
pure_antro_1428.wav,1
pure_antro_1429.wav,1
pure_antro_1430.wav,1
pure_antro_1431.wav,1
pure_antro_1432.wav,1
pure_antro_1433.wav,1
pure_antro_1434.wav,1
pure_antro_1435.wav,1
pure_antro_1436.wav,1
pure_antro_1437.wav,1
pure_antro_1438.wav,1
pure_antro_1439.wav,1
pure_antro_1440.wav,1
pure_antro_1441.wav,1
pure_antro_1442.wav,1
pure_antro_1443.wav,1
pure_antro_1444.wav,1
pure_antro_1445.wav,1
pure_antro_1446.wav,1
pure_antro_1447.wav,1
pure_antro_1448.wav,1
pure_antro_1449.wav,1
pure_antro_1450.wav,1
pure_antro_1451.wav,1
pure_antro_1452.wav,1
pure_antro_1453.wav,1
pure_antro_1454.wav,1
pure_antro_1455.wav,1
pure_antro_1456.wav,1
pure_antro_1457.wav,1
pure_antro_1458.wav,1
pure_antro_1459.wav,1
pure_antro_1460.wav,1
pure_antro_1461.wav,1
pure_antro_1462.wav,1
pure_antro_1463.wav,1
pure_antro_1464.wav,1
pure_antro_1465.wav,1
pure_antro_1466.wav,1
pure_antro_1467.wav,1
pure_antro_1468.wav,1
pure_antro_1469.wav,1
pure_antro_1470.wav,1
pure_antro_1471.wav,1
pure_antro_1472.wav,1
pure_antro_1473.wav,1
pure_antro_1474.wav,1
pure_antro_1475.wav,1
pure_antro_1476.wav,1
pure_antro_1477.wav,1
pure_antro_1478.wav,1
pure_antro_1479.wav,1
pure_antro_1480.wav,1
pure_antro_1481.wav,1
pure_antro_1482.wav,1
pure_antro_1483.wav,1
pure_antro_1484.wav,1
pure_antro_1485.wav,1
pure_antro_1486.wav,1
pure_antro_1487.wav,1
pure_antro_1488.wav,1
pure_antro_1489.wav,1
pure_antro_1490.wav,1
pure_antro_1491.wav,1
pure_antro_1492.wav,1
pure_antro_1493.wav,1
pure_antro_1494.wav,1
pure_antro_1495.wav,1
pure_antro_1496.wav,1
pure_antro_1497.wav,1
pure_antro_1498.wav,1
pure_antro_1499.wav,1
pure_antro_1500.wav,1
pure_antro_1501.wav,1
pure_antro_1502.wav,1
pure_antro_1503.wav,1
pure_antro_1504.wav,1
pure_antro_1505.wav,1
pure_antro_1506.wav,1
pure_antro_1507.wav,1
pure_antro_1508.wav,1
pure_antro_1509.wav,1
pure_antro_1510.wav,1
pure_antro_1511.wav,1
pure_antro_1512.wav,1
pure_antro_1513.wav,1
pure_antro_1514.wav,1
pure_antro_1515.wav,1
pure_antro_1516.wav,1
pure_antro_1517.wav,1
pure_antro_1518.wav,1
pure_antro_1519.wav,1
pure_antro_1520.wav,1
pure_antro_1521.wav,1
pure_antro_1522.wav,1
pure_antro_1523.wav,1
pure_antro_1524.wav,1
pure_antro_1525.wav,1
pure_antro_1526.wav,1
pure_antro_1527.wav,1
pure_antro_1528.wav,1
pure_antro_1529.wav,1
pure_antro_1530.wav,1
pure_antro_1531.wav,1
pure_antro_1532.wav,1
pure_antro_1533.wav,1
pure_antro_1534.wav,1
pure_antro_1535.wav,1
pure_antro_1536.wav,1
pure_antro_1537.wav,1
pure_antro_1538.wav,1
pure_antro_1539.wav,1
pure_antro_1540.wav,1
pure_antro_1541.wav,1
pure_antro_1542.wav,1
pure_antro_1543.wav,1
pure_antro_1544.wav,1
pure_antro_1545.wav,1
pure_antro_1546.wav,1
pure_antro_1547.wav,1
pure_antro_1548.wav,1
pure_antro_1549.wav,1
pure_antro_1550.wav,1
pure_antro_1551.wav,1
pure_antro_1552.wav,1
pure_antro_1553.wav,1
pure_antro_1554.wav,1
pure_antro_1555.wav,1
pure_antro_1556.wav,1
pure_antro_1557.wav,1
pure_antro_1558.wav,1
pure_antro_1559.wav,1
pure_antro_1560.wav,1
pure_antro_1561.wav,1
pure_antro_1562.wav,1
pure_antro_1563.wav,1
pure_antro_1564.wav,1
pure_antro_1565.wav,1
pure_antro_1566.wav,1
pure_antro_1567.wav,1
pure_antro_1568.wav,1
pure_antro_1569.wav,1
pure_antro_1570.wav,1
pure_antro_1571.wav,1
pure_antro_1572.wav,1
pure_antro_1573.wav,1
pure_antro_1574.wav,1
pure_antro_1575.wav,1
pure_antro_1576.wav,1
pure_antro_1577.wav,1
pure_antro_1578.wav,1
pure_antro_1579.wav,1
pure_antro_1580.wav,1
pure_antro_1581.wav,1
pure_antro_1582.wav,1
pure_antro_1583.wav,1
pure_antro_1584.wav,1
pure_antro_1585.wav,1
pure_antro_1586.wav,1
pure_antro_1587.wav,1
pure_antro_1588.wav,1
pure_antro_1589.wav,1
pure_antro_1590.wav,1
pure_antro_1591.wav,1
pure_antro_1592.wav,1
pure_antro_1593.wav,1
pure_antro_1594.wav,1
pure_antro_1595.wav,1
pure_antro_1596.wav,1
pure_antro_1597.wav,1
pure_antro_1598.wav,1
pure_antro_1599.wav,1
pure_antro_1600.wav,1
pure_antro_1601.wav,1
pure_antro_1602.wav,1
pure_antro_1603.wav,1
pure_antro_1604.wav,1
pure_antro_1605.wav,1
pure_antro_1606.wav,1
pure_antro_1607.wav,1
pure_antro_1608.wav,1
pure_antro_1609.wav,1
pure_antro_1610.wav,1
pure_antro_1611.wav,1
pure_antro_1612.wav,1
pure_antro_1613.wav,1
pure_antro_1614.wav,1
pure_antro_1615.wav,1
pure_antro_1616.wav,1
pure_antro_1617.wav,1
pure_antro_1618.wav,1
pure_antro_1619.wav,1
pure_antro_1620.wav,1
pure_antro_1621.wav,1
pure_antro_1622.wav,1
pure_antro_1623.wav,1
pure_antro_1624.wav,1
pure_antro_1625.wav,1
pure_antro_1626.wav,1
pure_antro_1627.wav,1
pure_antro_1628.wav,1
pure_antro_1629.wav,1
pure_antro_1630.wav,1
pure_antro_1631.wav,1
pure_antro_1632.wav,1
pure_antro_1633.wav,1
pure_antro_1634.wav,1
pure_antro_1635.wav,1
pure_antro_1636.wav,1
pure_antro_1637.wav,1
pure_antro_1638.wav,1
pure_antro_1639.wav,1
pure_antro_1640.wav,1
pure_antro_1641.wav,1
pure_antro_1642.wav,1
pure_antro_1643.wav,1
pure_antro_1644.wav,1
pure_antro_1645.wav,1
pure_antro_1646.wav,1
pure_antro_1647.wav,1
pure_antro_1648.wav,1
pure_antro_1649.wav,1
pure_antro_1650.wav,1
pure_antro_1651.wav,1
pure_antro_1652.wav,1
pure_antro_1653.wav,1
pure_antro_1654.wav,1
pure_antro_1655.wav,1
pure_antro_1656.wav,1
pure_antro_1657.wav,1
pure_antro_1658.wav,1
pure_antro_1659.wav,1
pure_antro_1660.wav,1
pure_antro_1661.wav,1
pure_antro_1662.wav,1
pure_antro_1663.wav,1
pure_antro_1664.wav,1
pure_antro_1665.wav,1
pure_antro_1666.wav,1
pure_geo_0000.wav,2
pure_geo_0001.wav,2
pure_geo_0002.wav,2
pure_geo_0003.wav,2
pure_geo_0004.wav,2
pure_geo_0005.wav,2
pure_geo_0006.wav,2
pure_geo_0007.wav,2
pure_geo_0008.wav,2
pure_geo_0009.wav,2
pure_geo_0010.wav,2
pure_geo_0011.wav,2
pure_geo_0012.wav,2
pure_geo_0013.wav,2
pure_geo_0014.wav,2
pure_geo_0015.wav,2
pure_geo_0016.wav,2
pure_geo_0017.wav,2
pure_geo_0018.wav,2
pure_geo_0019.wav,2
pure_geo_0020.wav,2
pure_geo_0021.wav,2
pure_geo_0022.wav,2
pure_geo_0023.wav,2
pure_geo_0024.wav,2
pure_geo_0025.wav,2
pure_geo_0026.wav,2
pure_geo_0027.wav,2
pure_geo_0028.wav,2
pure_geo_0029.wav,2
pure_geo_0030.wav,2
pure_geo_0031.wav,2
pure_geo_0032.wav,2
pure_geo_0033.wav,2
pure_geo_0034.wav,2
pure_geo_0035.wav,2
pure_geo_0036.wav,2
pure_geo_0037.wav,2
pure_geo_0038.wav,2
pure_geo_0039.wav,2
pure_geo_0040.wav,2
pure_geo_0041.wav,2
pure_geo_0042.wav,2
pure_geo_0043.wav,2
pure_geo_0044.wav,2
pure_geo_0045.wav,2
pure_geo_0046.wav,2
pure_geo_0047.wav,2
pure_geo_0048.wav,2
pure_geo_0049.wav,2
pure_geo_0050.wav,2
pure_geo_0051.wav,2
pure_geo_0052.wav,2
pure_geo_0053.wav,2
pure_geo_0054.wav,2
pure_geo_0055.wav,2
pure_geo_0056.wav,2
pure_geo_0057.wav,2
pure_geo_0058.wav,2
pure_geo_0059.wav,2
pure_geo_0060.wav,2
pure_geo_0061.wav,2
pure_geo_0062.wav,2
pure_geo_0063.wav,2
pure_geo_0064.wav,2
pure_geo_0065.wav,2
pure_geo_0066.wav,2
pure_geo_0067.wav,2
pure_geo_0068.wav,2
pure_geo_0069.wav,2
pure_geo_0070.wav,2
pure_geo_0071.wav,2
pure_geo_0072.wav,2
pure_geo_0073.wav,2
pure_geo_0074.wav,2
pure_geo_0075.wav,2
pure_geo_0076.wav,2
pure_geo_0077.wav,2
pure_geo_0078.wav,2
pure_geo_0079.wav,2
pure_geo_0080.wav,2
pure_geo_0081.wav,2
pure_geo_0082.wav,2
pure_geo_0083.wav,2
pure_geo_0084.wav,2
pure_geo_0085.wav,2
pure_geo_0086.wav,2
pure_geo_0087.wav,2
pure_geo_0088.wav,2
pure_geo_0089.wav,2
pure_geo_0090.wav,2
pure_geo_0091.wav,2
pure_geo_0092.wav,2
pure_geo_0093.wav,2
pure_geo_0094.wav,2
pure_geo_0095.wav,2
pure_geo_0096.wav,2
pure_geo_0097.wav,2
pure_geo_0098.wav,2
pure_geo_0099.wav,2
pure_geo_0100.wav,2
pure_geo_0101.wav,2
pure_geo_0102.wav,2
pure_geo_0103.wav,2
pure_geo_0104.wav,2
pure_geo_0105.wav,2
pure_geo_0106.wav,2
pure_geo_0107.wav,2
pure_geo_0108.wav,2
pure_geo_0109.wav,2
pure_geo_0110.wav,2
pure_geo_0111.wav,2
pure_geo_0112.wav,2
pure_geo_0113.wav,2
pure_geo_0114.wav,2
pure_geo_0115.wav,2
pure_geo_0116.wav,2
pure_geo_0117.wav,2
pure_geo_0118.wav,2
pure_geo_0119.wav,2
pure_geo_0120.wav,2
pure_geo_0121.wav,2
pure_geo_0122.wav,2
pure_geo_0123.wav,2
pure_geo_0124.wav,2
pure_geo_0125.wav,2
pure_geo_0126.wav,2
pure_geo_0127.wav,2
pure_geo_0128.wav,2
pure_geo_0129.wav,2
pure_geo_0130.wav,2
pure_geo_0131.wav,2
pure_geo_0132.wav,2
pure_geo_0133.wav,2
pure_geo_0134.wav,2
pure_geo_0135.wav,2
pure_geo_0136.wav,2
pure_geo_0137.wav,2
pure_geo_0138.wav,2
pure_geo_0139.wav,2
pure_geo_0140.wav,2
pure_geo_0141.wav,2
pure_geo_0142.wav,2
pure_geo_0143.wav,2
pure_geo_0144.wav,2
pure_geo_0145.wav,2
pure_geo_0146.wav,2
pure_geo_0147.wav,2
pure_geo_0148.wav,2
pure_geo_0149.wav,2
pure_geo_0150.wav,2
pure_geo_0151.wav,2
pure_geo_0152.wav,2
pure_geo_0153.wav,2
pure_geo_0154.wav,2
pure_geo_0155.wav,2
pure_geo_0156.wav,2
pure_geo_0157.wav,2
pure_geo_0158.wav,2
pure_geo_0159.wav,2
pure_geo_0160.wav,2
pure_geo_0161.wav,2
pure_geo_0162.wav,2
pure_geo_0163.wav,2
pure_geo_0164.wav,2
pure_geo_0165.wav,2
pure_geo_0166.wav,2
pure_geo_0167.wav,2
pure_geo_0168.wav,2
pure_geo_0169.wav,2
pure_geo_0170.wav,2
pure_geo_0171.wav,2
pure_geo_0172.wav,2
pure_geo_0173.wav,2
pure_geo_0174.wav,2
pure_geo_0175.wav,2
pure_geo_0176.wav,2
pure_geo_0177.wav,2
pure_geo_0178.wav,2
pure_geo_0179.wav,2
pure_geo_0180.wav,2
pure_geo_0181.wav,2
pure_geo_0182.wav,2
pure_geo_0183.wav,2
pure_geo_0184.wav,2
pure_geo_0185.wav,2
pure_geo_0186.wav,2
pure_geo_0187.wav,2
pure_geo_0188.wav,2
pure_geo_0189.wav,2
pure_geo_0190.wav,2
pure_geo_0191.wav,2
pure_geo_0192.wav,2
pure_geo_0193.wav,2
pure_geo_0194.wav,2
pure_geo_0195.wav,2
pure_geo_0196.wav,2
pure_geo_0197.wav,2
pure_geo_0198.wav,2
pure_geo_0199.wav,2
pure_geo_0200.wav,2
pure_geo_0201.wav,2
pure_geo_0202.wav,2
pure_geo_0203.wav,2
pure_geo_0204.wav,2
pure_geo_0205.wav,2
pure_geo_0206.wav,2
pure_geo_0207.wav,2
pure_geo_0208.wav,2
pure_geo_0209.wav,2
pure_geo_0210.wav,2
pure_geo_0211.wav,2
pure_geo_0212.wav,2
pure_geo_0213.wav,2
pure_geo_0214.wav,2
pure_geo_0215.wav,2
pure_geo_0216.wav,2
pure_geo_0217.wav,2
pure_geo_0218.wav,2
pure_geo_0219.wav,2
pure_geo_0220.wav,2
pure_geo_0221.wav,2
pure_geo_0222.wav,2
pure_geo_0223.wav,2
pure_geo_0224.wav,2
pure_geo_0225.wav,2
pure_geo_0226.wav,2
pure_geo_0227.wav,2
pure_geo_0228.wav,2
pure_geo_0229.wav,2
pure_geo_0230.wav,2
pure_geo_0231.wav,2
pure_geo_0232.wav,2
pure_geo_0233.wav,2
pure_geo_0234.wav,2
pure_geo_0235.wav,2
pure_geo_0236.wav,2
pure_geo_0237.wav,2
pure_geo_0238.wav,2
pure_geo_0239.wav,2
pure_geo_0240.wav,2
pure_geo_0241.wav,2
pure_geo_0242.wav,2
pure_geo_0243.wav,2
pure_geo_0244.wav,2
pure_geo_0245.wav,2
pure_geo_0246.wav,2
pure_geo_0247.wav,2
pure_geo_0248.wav,2
pure_geo_0249.wav,2
pure_geo_0250.wav,2
pure_geo_0251.wav,2
pure_geo_0252.wav,2
pure_geo_0253.wav,2
pure_geo_0254.wav,2
pure_geo_0255.wav,2
pure_geo_0256.wav,2
pure_geo_0257.wav,2
pure_geo_0258.wav,2
pure_geo_0259.wav,2
pure_geo_0260.wav,2
pure_geo_0261.wav,2
pure_geo_0262.wav,2
pure_geo_0263.wav,2
pure_geo_0264.wav,2
pure_geo_0265.wav,2
pure_geo_0266.wav,2
pure_geo_0267.wav,2
pure_geo_0268.wav,2
pure_geo_0269.wav,2
pure_geo_0270.wav,2
pure_geo_0271.wav,2
pure_geo_0272.wav,2
pure_geo_0273.wav,2
pure_geo_0274.wav,2
pure_geo_0275.wav,2
pure_geo_0276.wav,2
pure_geo_0277.wav,2
pure_geo_0278.wav,2
pure_geo_0279.wav,2
pure_geo_0280.wav,2
pure_geo_0281.wav,2
pure_geo_0282.wav,2
pure_geo_0283.wav,2
pure_geo_0284.wav,2
pure_geo_0285.wav,2
pure_geo_0286.wav,2
pure_geo_0287.wav,2
pure_geo_0288.wav,2
pure_geo_0289.wav,2
pure_geo_0290.wav,2
pure_geo_0291.wav,2
pure_geo_0292.wav,2
pure_geo_0293.wav,2
pure_geo_0294.wav,2
pure_geo_0295.wav,2
pure_geo_0296.wav,2
pure_geo_0297.wav,2
pure_geo_0298.wav,2
pure_geo_0299.wav,2
pure_geo_0300.wav,2
pure_geo_0301.wav,2
pure_geo_0302.wav,2
pure_geo_0303.wav,2
pure_geo_0304.wav,2
pure_geo_0305.wav,2
pure_geo_0306.wav,2
pure_geo_0307.wav,2
pure_geo_0308.wav,2
pure_geo_0309.wav,2
pure_geo_0310.wav,2
pure_geo_0311.wav,2
pure_geo_0312.wav,2
pure_geo_0313.wav,2
pure_geo_0314.wav,2
pure_geo_0315.wav,2
pure_geo_0316.wav,2
pure_geo_0317.wav,2
pure_geo_0318.wav,2
pure_geo_0319.wav,2
pure_geo_0320.wav,2
pure_geo_0321.wav,2
pure_geo_0322.wav,2
pure_geo_0323.wav,2
pure_geo_0324.wav,2
pure_geo_0325.wav,2
pure_geo_0326.wav,2
pure_geo_0327.wav,2
pure_geo_0328.wav,2
pure_geo_0329.wav,2
pure_geo_0330.wav,2
pure_geo_0331.wav,2
pure_geo_0332.wav,2
pure_geo_0333.wav,2
pure_geo_0334.wav,2
pure_geo_0335.wav,2
pure_geo_0336.wav,2
pure_geo_0337.wav,2
pure_geo_0338.wav,2
pure_geo_0339.wav,2
pure_geo_0340.wav,2
pure_geo_0341.wav,2
pure_geo_0342.wav,2
pure_geo_0343.wav,2
pure_geo_0344.wav,2
pure_geo_0345.wav,2
pure_geo_0346.wav,2
pure_geo_0347.wav,2
pure_geo_0348.wav,2
pure_geo_0349.wav,2
pure_geo_0350.wav,2
pure_geo_0351.wav,2
pure_geo_0352.wav,2
pure_geo_0353.wav,2
pure_geo_0354.wav,2
pure_geo_0355.wav,2
pure_geo_0356.wav,2
pure_geo_0357.wav,2
pure_geo_0358.wav,2
pure_geo_0359.wav,2
pure_geo_0360.wav,2
pure_geo_0361.wav,2
pure_geo_0362.wav,2
pure_geo_0363.wav,2
pure_geo_0364.wav,2
pure_geo_0365.wav,2
pure_geo_0366.wav,2
pure_geo_0367.wav,2
pure_geo_0368.wav,2
pure_geo_0369.wav,2
pure_geo_0370.wav,2
pure_geo_0371.wav,2
pure_geo_0372.wav,2
pure_geo_0373.wav,2
pure_geo_0374.wav,2
pure_geo_0375.wav,2
pure_geo_0376.wav,2
pure_geo_0377.wav,2
pure_geo_0378.wav,2
pure_geo_0379.wav,2
pure_geo_0380.wav,2
pure_geo_0381.wav,2
pure_geo_0382.wav,2
pure_geo_0383.wav,2
pure_geo_0384.wav,2
pure_geo_0385.wav,2
pure_geo_0386.wav,2
pure_geo_0387.wav,2
pure_geo_0388.wav,2
pure_geo_0389.wav,2
pure_geo_0390.wav,2
pure_geo_0391.wav,2
pure_geo_0392.wav,2
pure_geo_0393.wav,2
pure_geo_0394.wav,2
pure_geo_0395.wav,2
pure_geo_0396.wav,2
pure_geo_0397.wav,2
pure_geo_0398.wav,2
pure_geo_0399.wav,2
pure_geo_0400.wav,2
pure_geo_0401.wav,2
pure_geo_0402.wav,2
pure_geo_0403.wav,2
pure_geo_0404.wav,2
pure_geo_0405.wav,2
pure_geo_0406.wav,2
pure_geo_0407.wav,2
pure_geo_0408.wav,2
pure_geo_0409.wav,2
pure_geo_0410.wav,2
pure_geo_0411.wav,2
pure_geo_0412.wav,2
pure_geo_0413.wav,2
pure_geo_0414.wav,2
pure_geo_0415.wav,2
pure_geo_0416.wav,2
pure_geo_0417.wav,2
pure_geo_0418.wav,2
pure_geo_0419.wav,2
pure_geo_0420.wav,2
pure_geo_0421.wav,2
pure_geo_0422.wav,2
pure_geo_0423.wav,2
pure_geo_0424.wav,2
pure_geo_0425.wav,2
pure_geo_0426.wav,2
pure_geo_0427.wav,2
pure_geo_0428.wav,2
pure_geo_0429.wav,2
pure_geo_0430.wav,2
pure_geo_0431.wav,2
pure_geo_0432.wav,2
pure_geo_0433.wav,2
pure_geo_0434.wav,2
pure_geo_0435.wav,2
pure_geo_0436.wav,2
pure_geo_0437.wav,2
pure_geo_0438.wav,2
pure_geo_0439.wav,2
pure_geo_0440.wav,2
pure_geo_0441.wav,2
pure_geo_0442.wav,2
pure_geo_0443.wav,2
pure_geo_0444.wav,2
pure_geo_0445.wav,2
pure_geo_0446.wav,2
pure_geo_0447.wav,2
pure_geo_0448.wav,2
pure_geo_0449.wav,2
pure_geo_0450.wav,2
pure_geo_0451.wav,2
pure_geo_0452.wav,2
pure_geo_0453.wav,2
pure_geo_0454.wav,2
pure_geo_0455.wav,2
pure_geo_0456.wav,2
pure_geo_0457.wav,2
pure_geo_0458.wav,2
pure_geo_0459.wav,2
pure_geo_0460.wav,2
pure_geo_0461.wav,2
pure_geo_0462.wav,2
pure_geo_0463.wav,2
pure_geo_0464.wav,2
pure_geo_0465.wav,2
pure_geo_0466.wav,2
pure_geo_0467.wav,2
pure_geo_0468.wav,2
pure_geo_0469.wav,2
pure_geo_0470.wav,2
pure_geo_0471.wav,2
pure_geo_0472.wav,2
pure_geo_0473.wav,2
pure_geo_0474.wav,2
pure_geo_0475.wav,2
pure_geo_0476.wav,2
pure_geo_0477.wav,2
pure_geo_0478.wav,2
pure_geo_0479.wav,2
pure_geo_0480.wav,2
pure_geo_0481.wav,2
pure_geo_0482.wav,2
pure_geo_0483.wav,2
pure_geo_0484.wav,2
pure_geo_0485.wav,2
pure_geo_0486.wav,2
pure_geo_0487.wav,2
pure_geo_0488.wav,2
pure_geo_0489.wav,2
pure_geo_0490.wav,2
pure_geo_0491.wav,2
pure_geo_0492.wav,2
pure_geo_0493.wav,2
pure_geo_0494.wav,2
pure_geo_0495.wav,2
pure_geo_0496.wav,2
pure_geo_0497.wav,2
pure_geo_0498.wav,2
pure_geo_0499.wav,2
pure_geo_0500.wav,2
pure_geo_0501.wav,2
pure_geo_0502.wav,2
pure_geo_0503.wav,2
pure_geo_0504.wav,2
pure_geo_0505.wav,2
pure_geo_0506.wav,2
pure_geo_0507.wav,2
pure_geo_0508.wav,2
pure_geo_0509.wav,2
pure_geo_0510.wav,2
pure_geo_0511.wav,2
pure_geo_0512.wav,2
pure_geo_0513.wav,2
pure_geo_0514.wav,2
pure_geo_0515.wav,2
pure_geo_0516.wav,2
pure_geo_0517.wav,2
pure_geo_0518.wav,2
pure_geo_0519.wav,2
pure_geo_0520.wav,2
pure_geo_0521.wav,2
pure_geo_0522.wav,2
pure_geo_0523.wav,2
pure_geo_0524.wav,2
pure_geo_0525.wav,2
pure_geo_0526.wav,2
pure_geo_0527.wav,2
pure_geo_0528.wav,2
pure_geo_0529.wav,2
pure_geo_0530.wav,2
pure_geo_0531.wav,2
pure_geo_0532.wav,2
pure_geo_0533.wav,2
pure_geo_0534.wav,2
pure_geo_0535.wav,2
pure_geo_0536.wav,2
pure_geo_0537.wav,2
pure_geo_0538.wav,2
pure_geo_0539.wav,2
pure_geo_0540.wav,2
pure_geo_0541.wav,2
pure_geo_0542.wav,2
pure_geo_0543.wav,2
pure_geo_0544.wav,2
pure_geo_0545.wav,2
pure_geo_0546.wav,2
pure_geo_0547.wav,2
pure_geo_0548.wav,2
pure_geo_0549.wav,2
pure_geo_0550.wav,2
pure_geo_0551.wav,2
pure_geo_0552.wav,2
pure_geo_0553.wav,2
pure_geo_0554.wav,2
pure_geo_0555.wav,2
pure_geo_0556.wav,2
pure_geo_0557.wav,2
pure_geo_0558.wav,2
pure_geo_0559.wav,2
pure_geo_0560.wav,2
pure_geo_0561.wav,2
pure_geo_0562.wav,2
pure_geo_0563.wav,2
pure_geo_0564.wav,2
pure_geo_0565.wav,2
pure_geo_0566.wav,2
pure_geo_0567.wav,2
pure_geo_0568.wav,2
pure_geo_0569.wav,2
pure_geo_0570.wav,2
pure_geo_0571.wav,2
pure_geo_0572.wav,2
pure_geo_0573.wav,2
pure_geo_0574.wav,2
pure_geo_0575.wav,2
pure_geo_0576.wav,2
pure_geo_0577.wav,2
pure_geo_0578.wav,2
pure_geo_0579.wav,2
pure_geo_0580.wav,2
pure_geo_0581.wav,2
pure_geo_0582.wav,2
pure_geo_0583.wav,2
pure_geo_0584.wav,2
pure_geo_0585.wav,2
pure_geo_0586.wav,2
pure_geo_0587.wav,2
pure_geo_0588.wav,2
pure_geo_0589.wav,2
pure_geo_0590.wav,2
pure_geo_0591.wav,2
pure_geo_0592.wav,2
pure_geo_0593.wav,2
pure_geo_0594.wav,2
pure_geo_0595.wav,2
pure_geo_0596.wav,2
pure_geo_0597.wav,2
pure_geo_0598.wav,2
pure_geo_0599.wav,2
pure_geo_0600.wav,2
pure_geo_0601.wav,2
pure_geo_0602.wav,2
pure_geo_0603.wav,2
pure_geo_0604.wav,2
pure_geo_0605.wav,2
pure_geo_0606.wav,2
pure_geo_0607.wav,2
pure_geo_0608.wav,2
pure_geo_0609.wav,2
pure_geo_0610.wav,2
pure_geo_0611.wav,2
pure_geo_0612.wav,2
pure_geo_0613.wav,2
pure_geo_0614.wav,2
pure_geo_0615.wav,2
pure_geo_0616.wav,2
pure_geo_0617.wav,2
pure_geo_0618.wav,2
pure_geo_0619.wav,2
pure_geo_0620.wav,2
pure_geo_0621.wav,2
pure_geo_0622.wav,2
pure_geo_0623.wav,2
pure_geo_0624.wav,2
pure_geo_0625.wav,2
pure_geo_0626.wav,2
pure_geo_0627.wav,2
pure_geo_0628.wav,2
pure_geo_0629.wav,2
pure_geo_0630.wav,2
pure_geo_0631.wav,2
pure_geo_0632.wav,2
pure_geo_0633.wav,2
pure_geo_0634.wav,2
pure_geo_0635.wav,2
pure_geo_0636.wav,2
pure_geo_0637.wav,2
pure_geo_0638.wav,2
pure_geo_0639.wav,2
pure_geo_0640.wav,2
pure_geo_0641.wav,2
pure_geo_0642.wav,2
pure_geo_0643.wav,2
pure_geo_0644.wav,2
pure_geo_0645.wav,2
pure_geo_0646.wav,2
pure_geo_0647.wav,2
pure_geo_0648.wav,2
pure_geo_0649.wav,2
pure_geo_0650.wav,2
pure_geo_0651.wav,2
pure_geo_0652.wav,2
pure_geo_0653.wav,2
pure_geo_0654.wav,2
pure_geo_0655.wav,2
pure_geo_0656.wav,2
pure_geo_0657.wav,2
pure_geo_0658.wav,2
pure_geo_0659.wav,2
pure_geo_0660.wav,2
pure_geo_0661.wav,2
pure_geo_0662.wav,2
pure_geo_0663.wav,2
pure_geo_0664.wav,2
pure_geo_0665.wav,2
pure_geo_0666.wav,2
pure_geo_0667.wav,2
pure_geo_0668.wav,2
pure_geo_0669.wav,2
pure_geo_0670.wav,2
pure_geo_0671.wav,2
pure_geo_0672.wav,2
pure_geo_0673.wav,2
pure_geo_0674.wav,2
pure_geo_0675.wav,2
pure_geo_0676.wav,2
pure_geo_0677.wav,2
pure_geo_0678.wav,2
pure_geo_0679.wav,2
pure_geo_0680.wav,2
pure_geo_0681.wav,2
pure_geo_0682.wav,2
pure_geo_0683.wav,2
pure_geo_0684.wav,2
pure_geo_0685.wav,2
pure_geo_0686.wav,2
pure_geo_0687.wav,2
pure_geo_0688.wav,2
pure_geo_0689.wav,2
pure_geo_0690.wav,2
pure_geo_0691.wav,2
pure_geo_0692.wav,2
pure_geo_0693.wav,2
pure_geo_0694.wav,2
pure_geo_0695.wav,2
pure_geo_0696.wav,2
pure_geo_0697.wav,2
pure_geo_0698.wav,2
pure_geo_0699.wav,2
pure_geo_0700.wav,2
pure_geo_0701.wav,2
pure_geo_0702.wav,2
pure_geo_0703.wav,2
pure_geo_0704.wav,2
pure_geo_0705.wav,2
pure_geo_0706.wav,2
pure_geo_0707.wav,2
pure_geo_0708.wav,2
pure_geo_0709.wav,2
pure_geo_0710.wav,2
pure_geo_0711.wav,2
pure_geo_0712.wav,2
pure_geo_0713.wav,2
pure_geo_0714.wav,2
pure_geo_0715.wav,2
pure_geo_0716.wav,2
pure_geo_0717.wav,2
pure_geo_0718.wav,2
pure_geo_0719.wav,2
pure_geo_0720.wav,2
pure_geo_0721.wav,2
pure_geo_0722.wav,2
pure_geo_0723.wav,2
pure_geo_0724.wav,2
pure_geo_0725.wav,2
pure_geo_0726.wav,2
pure_geo_0727.wav,2
pure_geo_0728.wav,2
pure_geo_0729.wav,2
pure_geo_0730.wav,2
pure_geo_0731.wav,2
pure_geo_0732.wav,2
pure_geo_0733.wav,2
pure_geo_0734.wav,2
pure_geo_0735.wav,2
pure_geo_0736.wav,2
pure_geo_0737.wav,2
pure_geo_0738.wav,2
pure_geo_0739.wav,2
pure_geo_0740.wav,2
pure_geo_0741.wav,2
pure_geo_0742.wav,2
pure_geo_0743.wav,2
pure_geo_0744.wav,2
pure_geo_0745.wav,2
pure_geo_0746.wav,2
pure_geo_0747.wav,2
pure_geo_0748.wav,2
pure_geo_0749.wav,2
pure_geo_0750.wav,2
pure_geo_0751.wav,2
pure_geo_0752.wav,2
pure_geo_0753.wav,2
pure_geo_0754.wav,2
pure_geo_0755.wav,2
pure_geo_0756.wav,2
pure_geo_0757.wav,2
pure_geo_0758.wav,2
pure_geo_0759.wav,2
pure_geo_0760.wav,2
pure_geo_0761.wav,2
pure_geo_0762.wav,2
pure_geo_0763.wav,2
pure_geo_0764.wav,2
pure_geo_0765.wav,2
pure_geo_0766.wav,2
pure_geo_0767.wav,2
pure_geo_0768.wav,2
pure_geo_0769.wav,2
pure_geo_0770.wav,2
pure_geo_0771.wav,2
pure_geo_0772.wav,2
pure_geo_0773.wav,2
pure_geo_0774.wav,2
pure_geo_0775.wav,2
pure_geo_0776.wav,2
pure_geo_0777.wav,2
pure_geo_0778.wav,2
pure_geo_0779.wav,2
pure_geo_0780.wav,2
pure_geo_0781.wav,2
pure_geo_0782.wav,2
pure_geo_0783.wav,2
pure_geo_0784.wav,2
pure_geo_0785.wav,2
pure_geo_0786.wav,2
pure_geo_0787.wav,2
pure_geo_0788.wav,2
pure_geo_0789.wav,2
pure_geo_0790.wav,2
pure_geo_0791.wav,2
pure_geo_0792.wav,2
pure_geo_0793.wav,2
pure_geo_0794.wav,2
pure_geo_0795.wav,2
pure_geo_0796.wav,2
pure_geo_0797.wav,2
pure_geo_0798.wav,2
pure_geo_0799.wav,2
pure_geo_0800.wav,2
pure_geo_0801.wav,2
pure_geo_0802.wav,2
pure_geo_0803.wav,2
pure_geo_0804.wav,2
pure_geo_0805.wav,2
pure_geo_0806.wav,2
pure_geo_0807.wav,2
pure_geo_0808.wav,2
pure_geo_0809.wav,2
pure_geo_0810.wav,2
pure_geo_0811.wav,2
pure_geo_0812.wav,2
pure_geo_0813.wav,2
pure_geo_0814.wav,2
pure_geo_0815.wav,2
pure_geo_0816.wav,2
pure_geo_0817.wav,2
pure_geo_0818.wav,2
pure_geo_0819.wav,2
pure_geo_0820.wav,2
pure_geo_0821.wav,2
pure_geo_0822.wav,2
pure_geo_0823.wav,2
pure_geo_0824.wav,2
pure_geo_0825.wav,2
pure_geo_0826.wav,2
pure_geo_0827.wav,2
pure_geo_0828.wav,2
pure_geo_0829.wav,2
pure_geo_0830.wav,2
pure_geo_0831.wav,2
pure_geo_0832.wav,2
pure_geo_0833.wav,2
pure_geo_0834.wav,2
pure_geo_0835.wav,2
pure_geo_0836.wav,2
pure_geo_0837.wav,2
pure_geo_0838.wav,2
pure_geo_0839.wav,2
pure_geo_0840.wav,2
pure_geo_0841.wav,2
pure_geo_0842.wav,2
pure_geo_0843.wav,2
pure_geo_0844.wav,2
pure_geo_0845.wav,2
pure_geo_0846.wav,2
pure_geo_0847.wav,2
pure_geo_0848.wav,2
pure_geo_0849.wav,2
pure_geo_0850.wav,2
pure_geo_0851.wav,2
pure_geo_0852.wav,2
pure_geo_0853.wav,2
pure_geo_0854.wav,2
pure_geo_0855.wav,2
pure_geo_0856.wav,2
pure_geo_0857.wav,2
pure_geo_0858.wav,2
pure_geo_0859.wav,2
pure_geo_0860.wav,2
pure_geo_0861.wav,2
pure_geo_0862.wav,2
pure_geo_0863.wav,2
pure_geo_0864.wav,2
pure_geo_0865.wav,2
pure_geo_0866.wav,2
pure_geo_0867.wav,2
pure_geo_0868.wav,2
pure_geo_0869.wav,2
pure_geo_0870.wav,2
pure_geo_0871.wav,2
pure_geo_0872.wav,2
pure_geo_0873.wav,2
pure_geo_0874.wav,2
pure_geo_0875.wav,2
pure_geo_0876.wav,2
pure_geo_0877.wav,2
pure_geo_0878.wav,2
pure_geo_0879.wav,2
pure_geo_0880.wav,2
pure_geo_0881.wav,2
pure_geo_0882.wav,2
pure_geo_0883.wav,2
pure_geo_0884.wav,2
pure_geo_0885.wav,2
pure_geo_0886.wav,2
pure_geo_0887.wav,2
pure_geo_0888.wav,2
pure_geo_0889.wav,2
pure_geo_0890.wav,2
pure_geo_0891.wav,2
pure_geo_0892.wav,2
pure_geo_0893.wav,2
pure_geo_0894.wav,2
pure_geo_0895.wav,2
pure_geo_0896.wav,2
pure_geo_0897.wav,2
pure_geo_0898.wav,2
pure_geo_0899.wav,2
pure_geo_0900.wav,2
pure_geo_0901.wav,2
pure_geo_0902.wav,2
pure_geo_0903.wav,2
pure_geo_0904.wav,2
pure_geo_0905.wav,2
pure_geo_0906.wav,2
pure_geo_0907.wav,2
pure_geo_0908.wav,2
pure_geo_0909.wav,2
pure_geo_0910.wav,2
pure_geo_0911.wav,2
pure_geo_0912.wav,2
pure_geo_0913.wav,2
pure_geo_0914.wav,2
pure_geo_0915.wav,2
pure_geo_0916.wav,2
pure_geo_0917.wav,2
pure_geo_0918.wav,2
pure_geo_0919.wav,2
pure_geo_0920.wav,2
pure_geo_0921.wav,2
pure_geo_0922.wav,2
pure_geo_0923.wav,2
pure_geo_0924.wav,2
pure_geo_0925.wav,2
pure_geo_0926.wav,2
pure_geo_0927.wav,2
pure_geo_0928.wav,2
pure_geo_0929.wav,2
pure_geo_0930.wav,2
pure_geo_0931.wav,2
pure_geo_0932.wav,2
pure_geo_0933.wav,2
pure_geo_0934.wav,2
pure_geo_0935.wav,2
pure_geo_0936.wav,2
pure_geo_0937.wav,2
pure_geo_0938.wav,2
pure_geo_0939.wav,2
pure_geo_0940.wav,2
pure_geo_0941.wav,2
pure_geo_0942.wav,2
pure_geo_0943.wav,2
pure_geo_0944.wav,2
pure_geo_0945.wav,2
pure_geo_0946.wav,2
pure_geo_0947.wav,2
pure_geo_0948.wav,2
pure_geo_0949.wav,2
pure_geo_0950.wav,2
pure_geo_0951.wav,2
pure_geo_0952.wav,2
pure_geo_0953.wav,2
pure_geo_0954.wav,2
pure_geo_0955.wav,2
pure_geo_0956.wav,2
pure_geo_0957.wav,2
pure_geo_0958.wav,2
pure_geo_0959.wav,2
pure_geo_0960.wav,2
pure_geo_0961.wav,2
pure_geo_0962.wav,2
pure_geo_0963.wav,2
pure_geo_0964.wav,2
pure_geo_0965.wav,2
pure_geo_0966.wav,2
pure_geo_0967.wav,2
pure_geo_0968.wav,2
pure_geo_0969.wav,2
pure_geo_0970.wav,2
pure_geo_0971.wav,2
pure_geo_0972.wav,2
pure_geo_0973.wav,2
pure_geo_0974.wav,2
pure_geo_0975.wav,2
pure_geo_0976.wav,2
pure_geo_0977.wav,2
pure_geo_0978.wav,2
pure_geo_0979.wav,2
pure_geo_0980.wav,2
pure_geo_0981.wav,2
pure_geo_0982.wav,2
pure_geo_0983.wav,2
pure_geo_0984.wav,2
pure_geo_0985.wav,2
pure_geo_0986.wav,2
pure_geo_0987.wav,2
pure_geo_0988.wav,2
pure_geo_0989.wav,2
pure_geo_0990.wav,2
pure_geo_0991.wav,2
pure_geo_0992.wav,2
pure_geo_0993.wav,2
pure_geo_0994.wav,2
pure_geo_0995.wav,2
pure_geo_0996.wav,2
pure_geo_0997.wav,2
pure_geo_0998.wav,2
pure_geo_0999.wav,2
pure_geo_1000.wav,2
pure_geo_1001.wav,2
pure_geo_1002.wav,2
pure_geo_1003.wav,2
pure_geo_1004.wav,2
pure_geo_1005.wav,2
pure_geo_1006.wav,2
pure_geo_1007.wav,2
pure_geo_1008.wav,2
pure_geo_1009.wav,2
pure_geo_1010.wav,2
pure_geo_1011.wav,2
pure_geo_1012.wav,2
pure_geo_1013.wav,2
pure_geo_1014.wav,2
pure_geo_1015.wav,2
pure_geo_1016.wav,2
pure_geo_1017.wav,2
pure_geo_1018.wav,2
pure_geo_1019.wav,2
pure_geo_1020.wav,2
pure_geo_1021.wav,2
pure_geo_1022.wav,2
pure_geo_1023.wav,2
pure_geo_1024.wav,2
pure_geo_1025.wav,2
pure_geo_1026.wav,2
pure_geo_1027.wav,2
pure_geo_1028.wav,2
pure_geo_1029.wav,2
pure_geo_1030.wav,2
pure_geo_1031.wav,2
pure_geo_1032.wav,2
pure_geo_1033.wav,2
pure_geo_1034.wav,2
pure_geo_1035.wav,2
pure_geo_1036.wav,2
pure_geo_1037.wav,2
pure_geo_1038.wav,2
pure_geo_1039.wav,2
pure_geo_1040.wav,2
pure_geo_1041.wav,2
pure_geo_1042.wav,2
pure_geo_1043.wav,2
pure_geo_1044.wav,2
pure_geo_1045.wav,2
pure_geo_1046.wav,2
pure_geo_1047.wav,2
pure_geo_1048.wav,2
pure_geo_1049.wav,2
pure_geo_1050.wav,2
pure_geo_1051.wav,2
pure_geo_1052.wav,2
pure_geo_1053.wav,2
pure_geo_1054.wav,2
pure_geo_1055.wav,2
pure_geo_1056.wav,2
pure_geo_1057.wav,2
pure_geo_1058.wav,2
pure_geo_1059.wav,2
pure_geo_1060.wav,2
pure_geo_1061.wav,2
pure_geo_1062.wav,2
pure_geo_1063.wav,2
pure_geo_1064.wav,2
pure_geo_1065.wav,2
pure_geo_1066.wav,2
pure_geo_1067.wav,2
pure_geo_1068.wav,2
pure_geo_1069.wav,2
pure_geo_1070.wav,2
pure_geo_1071.wav,2
pure_geo_1072.wav,2
pure_geo_1073.wav,2
pure_geo_1074.wav,2
pure_geo_1075.wav,2
pure_geo_1076.wav,2
pure_geo_1077.wav,2
pure_geo_1078.wav,2
pure_geo_1079.wav,2
pure_geo_1080.wav,2
pure_geo_1081.wav,2
pure_geo_1082.wav,2
pure_geo_1083.wav,2
pure_geo_1084.wav,2
pure_geo_1085.wav,2
pure_geo_1086.wav,2
pure_geo_1087.wav,2
pure_geo_1088.wav,2
pure_geo_1089.wav,2
pure_geo_1090.wav,2
pure_geo_1091.wav,2
pure_geo_1092.wav,2
pure_geo_1093.wav,2
pure_geo_1094.wav,2
pure_geo_1095.wav,2
pure_geo_1096.wav,2
pure_geo_1097.wav,2
pure_geo_1098.wav,2
pure_geo_1099.wav,2
pure_geo_1100.wav,2
pure_geo_1101.wav,2
pure_geo_1102.wav,2
pure_geo_1103.wav,2
pure_geo_1104.wav,2
pure_geo_1105.wav,2
pure_geo_1106.wav,2
pure_geo_1107.wav,2
pure_geo_1108.wav,2
pure_geo_1109.wav,2
pure_geo_1110.wav,2
pure_geo_1111.wav,2
pure_geo_1112.wav,2
pure_geo_1113.wav,2
pure_geo_1114.wav,2
pure_geo_1115.wav,2
pure_geo_1116.wav,2
pure_geo_1117.wav,2
pure_geo_1118.wav,2
pure_geo_1119.wav,2
pure_geo_1120.wav,2
pure_geo_1121.wav,2
pure_geo_1122.wav,2
pure_geo_1123.wav,2
pure_geo_1124.wav,2
pure_geo_1125.wav,2
pure_geo_1126.wav,2
pure_geo_1127.wav,2
pure_geo_1128.wav,2
pure_geo_1129.wav,2
pure_geo_1130.wav,2
pure_geo_1131.wav,2
pure_geo_1132.wav,2
pure_geo_1133.wav,2
pure_geo_1134.wav,2
pure_geo_1135.wav,2
pure_geo_1136.wav,2
pure_geo_1137.wav,2
pure_geo_1138.wav,2
pure_geo_1139.wav,2
pure_geo_1140.wav,2
pure_geo_1141.wav,2
pure_geo_1142.wav,2
pure_geo_1143.wav,2
pure_geo_1144.wav,2
pure_geo_1145.wav,2
pure_geo_1146.wav,2
pure_geo_1147.wav,2
pure_geo_1148.wav,2
pure_geo_1149.wav,2
pure_geo_1150.wav,2
pure_geo_1151.wav,2
pure_geo_1152.wav,2
pure_geo_1153.wav,2
pure_geo_1154.wav,2
pure_geo_1155.wav,2
pure_geo_1156.wav,2
pure_geo_1157.wav,2
pure_geo_1158.wav,2
pure_geo_1159.wav,2
pure_geo_1160.wav,2
pure_geo_1161.wav,2
pure_geo_1162.wav,2
pure_geo_1163.wav,2
pure_geo_1164.wav,2
pure_geo_1165.wav,2
pure_geo_1166.wav,2
pure_geo_1167.wav,2
pure_geo_1168.wav,2
pure_geo_1169.wav,2
pure_geo_1170.wav,2
pure_geo_1171.wav,2
pure_geo_1172.wav,2
pure_geo_1173.wav,2
pure_geo_1174.wav,2
pure_geo_1175.wav,2
pure_geo_1176.wav,2
pure_geo_1177.wav,2
pure_geo_1178.wav,2
pure_geo_1179.wav,2
pure_geo_1180.wav,2
pure_geo_1181.wav,2
pure_geo_1182.wav,2
pure_geo_1183.wav,2
pure_geo_1184.wav,2
pure_geo_1185.wav,2
pure_geo_1186.wav,2
pure_geo_1187.wav,2
pure_geo_1188.wav,2
pure_geo_1189.wav,2
pure_geo_1190.wav,2
pure_geo_1191.wav,2
pure_geo_1192.wav,2
pure_geo_1193.wav,2
pure_geo_1194.wav,2
pure_geo_1195.wav,2
pure_geo_1196.wav,2
pure_geo_1197.wav,2
pure_geo_1198.wav,2
pure_geo_1199.wav,2
pure_geo_1200.wav,2
pure_geo_1201.wav,2
pure_geo_1202.wav,2
pure_geo_1203.wav,2
pure_geo_1204.wav,2
pure_geo_1205.wav,2
pure_geo_1206.wav,2
pure_geo_1207.wav,2
pure_geo_1208.wav,2
pure_geo_1209.wav,2
pure_geo_1210.wav,2
pure_geo_1211.wav,2
pure_geo_1212.wav,2
pure_geo_1213.wav,2
pure_geo_1214.wav,2
pure_geo_1215.wav,2
pure_geo_1216.wav,2
pure_geo_1217.wav,2
pure_geo_1218.wav,2
pure_geo_1219.wav,2
pure_geo_1220.wav,2
pure_geo_1221.wav,2
pure_geo_1222.wav,2
pure_geo_1223.wav,2
pure_geo_1224.wav,2
pure_geo_1225.wav,2
pure_geo_1226.wav,2
pure_geo_1227.wav,2
pure_geo_1228.wav,2
pure_geo_1229.wav,2
pure_geo_1230.wav,2
pure_geo_1231.wav,2
pure_geo_1232.wav,2
pure_geo_1233.wav,2
pure_geo_1234.wav,2
pure_geo_1235.wav,2
pure_geo_1236.wav,2
pure_geo_1237.wav,2
pure_geo_1238.wav,2
pure_geo_1239.wav,2
pure_geo_1240.wav,2
pure_geo_1241.wav,2
pure_geo_1242.wav,2
pure_geo_1243.wav,2
pure_geo_1244.wav,2
pure_geo_1245.wav,2
pure_geo_1246.wav,2
pure_geo_1247.wav,2
pure_geo_1248.wav,2
pure_geo_1249.wav,2
pure_geo_1250.wav,2
pure_geo_1251.wav,2
pure_geo_1252.wav,2
pure_geo_1253.wav,2
pure_geo_1254.wav,2
pure_geo_1255.wav,2
pure_geo_1256.wav,2
pure_geo_1257.wav,2
pure_geo_1258.wav,2
pure_geo_1259.wav,2
pure_geo_1260.wav,2
pure_geo_1261.wav,2
pure_geo_1262.wav,2
pure_geo_1263.wav,2
pure_geo_1264.wav,2
pure_geo_1265.wav,2
pure_geo_1266.wav,2
pure_geo_1267.wav,2
pure_geo_1268.wav,2
pure_geo_1269.wav,2
pure_geo_1270.wav,2
pure_geo_1271.wav,2
pure_geo_1272.wav,2
pure_geo_1273.wav,2
pure_geo_1274.wav,2
pure_geo_1275.wav,2
pure_geo_1276.wav,2
pure_geo_1277.wav,2
pure_geo_1278.wav,2
pure_geo_1279.wav,2
pure_geo_1280.wav,2
pure_geo_1281.wav,2
pure_geo_1282.wav,2
pure_geo_1283.wav,2
pure_geo_1284.wav,2
pure_geo_1285.wav,2
pure_geo_1286.wav,2
pure_geo_1287.wav,2
pure_geo_1288.wav,2
pure_geo_1289.wav,2
pure_geo_1290.wav,2
pure_geo_1291.wav,2
pure_geo_1292.wav,2
pure_geo_1293.wav,2
pure_geo_1294.wav,2
pure_geo_1295.wav,2
pure_geo_1296.wav,2
pure_geo_1297.wav,2
pure_geo_1298.wav,2
pure_geo_1299.wav,2
pure_geo_1300.wav,2
pure_geo_1301.wav,2
pure_geo_1302.wav,2
pure_geo_1303.wav,2
pure_geo_1304.wav,2
pure_geo_1305.wav,2
pure_geo_1306.wav,2
pure_geo_1307.wav,2
pure_geo_1308.wav,2
pure_geo_1309.wav,2
pure_geo_1310.wav,2
pure_geo_1311.wav,2
pure_geo_1312.wav,2
pure_geo_1313.wav,2
pure_geo_1314.wav,2
pure_geo_1315.wav,2
pure_geo_1316.wav,2
pure_geo_1317.wav,2
pure_geo_1318.wav,2
pure_geo_1319.wav,2
pure_geo_1320.wav,2
pure_geo_1321.wav,2
pure_geo_1322.wav,2
pure_geo_1323.wav,2
pure_geo_1324.wav,2
pure_geo_1325.wav,2
pure_geo_1326.wav,2
pure_geo_1327.wav,2
pure_geo_1328.wav,2
pure_geo_1329.wav,2
pure_geo_1330.wav,2
pure_geo_1331.wav,2
pure_geo_1332.wav,2
pure_geo_1333.wav,2
pure_geo_1334.wav,2
pure_geo_1335.wav,2
pure_geo_1336.wav,2
pure_geo_1337.wav,2
pure_geo_1338.wav,2
pure_geo_1339.wav,2
pure_geo_1340.wav,2
pure_geo_1341.wav,2
pure_geo_1342.wav,2
pure_geo_1343.wav,2
pure_geo_1344.wav,2
pure_geo_1345.wav,2
pure_geo_1346.wav,2
pure_geo_1347.wav,2
pure_geo_1348.wav,2
pure_geo_1349.wav,2
pure_geo_1350.wav,2
pure_geo_1351.wav,2
pure_geo_1352.wav,2
pure_geo_1353.wav,2
pure_geo_1354.wav,2
pure_geo_1355.wav,2
pure_geo_1356.wav,2
pure_geo_1357.wav,2
pure_geo_1358.wav,2
pure_geo_1359.wav,2
pure_geo_1360.wav,2
pure_geo_1361.wav,2
pure_geo_1362.wav,2
pure_geo_1363.wav,2
pure_geo_1364.wav,2
pure_geo_1365.wav,2
pure_geo_1366.wav,2
pure_geo_1367.wav,2
pure_geo_1368.wav,2
pure_geo_1369.wav,2
pure_geo_1370.wav,2
pure_geo_1371.wav,2
pure_geo_1372.wav,2
pure_geo_1373.wav,2
pure_geo_1374.wav,2
pure_geo_1375.wav,2
pure_geo_1376.wav,2
pure_geo_1377.wav,2
pure_geo_1378.wav,2
pure_geo_1379.wav,2
pure_geo_1380.wav,2
pure_geo_1381.wav,2
pure_geo_1382.wav,2
pure_geo_1383.wav,2
pure_geo_1384.wav,2
pure_geo_1385.wav,2
pure_geo_1386.wav,2
pure_geo_1387.wav,2
pure_geo_1388.wav,2
pure_geo_1389.wav,2
pure_geo_1390.wav,2
pure_geo_1391.wav,2
pure_geo_1392.wav,2
pure_geo_1393.wav,2
pure_geo_1394.wav,2
pure_geo_1395.wav,2
pure_geo_1396.wav,2
pure_geo_1397.wav,2
pure_geo_1398.wav,2
pure_geo_1399.wav,2
pure_geo_1400.wav,2
pure_geo_1401.wav,2
pure_geo_1402.wav,2
pure_geo_1403.wav,2
pure_geo_1404.wav,2
pure_geo_1405.wav,2
pure_geo_1406.wav,2
pure_geo_1407.wav,2
pure_geo_1408.wav,2
pure_geo_1409.wav,2
pure_geo_1410.wav,2
pure_geo_1411.wav,2
pure_geo_1412.wav,2
pure_geo_1413.wav,2
pure_geo_1414.wav,2
pure_geo_1415.wav,2
pure_geo_1416.wav,2
pure_geo_1417.wav,2
pure_geo_1418.wav,2
pure_geo_1419.wav,2
pure_geo_1420.wav,2
pure_geo_1421.wav,2
pure_geo_1422.wav,2
pure_geo_1423.wav,2
pure_geo_1424.wav,2
pure_geo_1425.wav,2
pure_geo_1426.wav,2
pure_geo_1427.wav,2
pure_geo_1428.wav,2
pure_geo_1429.wav,2
pure_geo_1430.wav,2
pure_geo_1431.wav,2
pure_geo_1432.wav,2
pure_geo_1433.wav,2
pure_geo_1434.wav,2
pure_geo_1435.wav,2
pure_geo_1436.wav,2
pure_geo_1437.wav,2
pure_geo_1438.wav,2
pure_geo_1439.wav,2
pure_geo_1440.wav,2
pure_geo_1441.wav,2
pure_geo_1442.wav,2
pure_geo_1443.wav,2
pure_geo_1444.wav,2
pure_geo_1445.wav,2
pure_geo_1446.wav,2
pure_geo_1447.wav,2
pure_geo_1448.wav,2
pure_geo_1449.wav,2
pure_geo_1450.wav,2
pure_geo_1451.wav,2
pure_geo_1452.wav,2
pure_geo_1453.wav,2
pure_geo_1454.wav,2
pure_geo_1455.wav,2
pure_geo_1456.wav,2
pure_geo_1457.wav,2
pure_geo_1458.wav,2
pure_geo_1459.wav,2
pure_geo_1460.wav,2
pure_geo_1461.wav,2
pure_geo_1462.wav,2
pure_geo_1463.wav,2
pure_geo_1464.wav,2
pure_geo_1465.wav,2
pure_geo_1466.wav,2
pure_geo_1467.wav,2
pure_geo_1468.wav,2
pure_geo_1469.wav,2
pure_geo_1470.wav,2
pure_geo_1471.wav,2
pure_geo_1472.wav,2
pure_geo_1473.wav,2
pure_geo_1474.wav,2
pure_geo_1475.wav,2
pure_geo_1476.wav,2
pure_geo_1477.wav,2
pure_geo_1478.wav,2
pure_geo_1479.wav,2
pure_geo_1480.wav,2
pure_geo_1481.wav,2
pure_geo_1482.wav,2
pure_geo_1483.wav,2
pure_geo_1484.wav,2
pure_geo_1485.wav,2
pure_geo_1486.wav,2
pure_geo_1487.wav,2
pure_geo_1488.wav,2
pure_geo_1489.wav,2
pure_geo_1490.wav,2
pure_geo_1491.wav,2
pure_geo_1492.wav,2
pure_geo_1493.wav,2
pure_geo_1494.wav,2
pure_geo_1495.wav,2
pure_geo_1496.wav,2
pure_geo_1497.wav,2
pure_geo_1498.wav,2
pure_geo_1499.wav,2
pure_geo_1500.wav,2
pure_geo_1501.wav,2
pure_geo_1502.wav,2
pure_geo_1503.wav,2
pure_geo_1504.wav,2
pure_geo_1505.wav,2
pure_geo_1506.wav,2
pure_geo_1507.wav,2
pure_geo_1508.wav,2
pure_geo_1509.wav,2
pure_geo_1510.wav,2
pure_geo_1511.wav,2
pure_geo_1512.wav,2
pure_geo_1513.wav,2
pure_geo_1514.wav,2
pure_geo_1515.wav,2
pure_geo_1516.wav,2
pure_geo_1517.wav,2
pure_geo_1518.wav,2
pure_geo_1519.wav,2
pure_geo_1520.wav,2
pure_geo_1521.wav,2
pure_geo_1522.wav,2
pure_geo_1523.wav,2
pure_geo_1524.wav,2
pure_geo_1525.wav,2
pure_geo_1526.wav,2
pure_geo_1527.wav,2
pure_geo_1528.wav,2
pure_geo_1529.wav,2
pure_geo_1530.wav,2
pure_geo_1531.wav,2
pure_geo_1532.wav,2
pure_geo_1533.wav,2
pure_geo_1534.wav,2
pure_geo_1535.wav,2
pure_geo_1536.wav,2
pure_geo_1537.wav,2
pure_geo_1538.wav,2
pure_geo_1539.wav,2
pure_geo_1540.wav,2
pure_geo_1541.wav,2
pure_geo_1542.wav,2
pure_geo_1543.wav,2
pure_geo_1544.wav,2
pure_geo_1545.wav,2
pure_geo_1546.wav,2
pure_geo_1547.wav,2
pure_geo_1548.wav,2
pure_geo_1549.wav,2
pure_geo_1550.wav,2
pure_geo_1551.wav,2
pure_geo_1552.wav,2
pure_geo_1553.wav,2
pure_geo_1554.wav,2
pure_geo_1555.wav,2
pure_geo_1556.wav,2
pure_geo_1557.wav,2
pure_geo_1558.wav,2
pure_geo_1559.wav,2
pure_geo_1560.wav,2
pure_geo_1561.wav,2
pure_geo_1562.wav,2
pure_geo_1563.wav,2
pure_geo_1564.wav,2
pure_geo_1565.wav,2
pure_geo_1566.wav,2
pure_geo_1567.wav,2
pure_geo_1568.wav,2
pure_geo_1569.wav,2
pure_geo_1570.wav,2
pure_geo_1571.wav,2
pure_geo_1572.wav,2
pure_geo_1573.wav,2
pure_geo_1574.wav,2
pure_geo_1575.wav,2
pure_geo_1576.wav,2
pure_geo_1577.wav,2
pure_geo_1578.wav,2
pure_geo_1579.wav,2
pure_geo_1580.wav,2
pure_geo_1581.wav,2
pure_geo_1582.wav,2
pure_geo_1583.wav,2
pure_geo_1584.wav,2
pure_geo_1585.wav,2
pure_geo_1586.wav,2
pure_geo_1587.wav,2
pure_geo_1588.wav,2
pure_geo_1589.wav,2
pure_geo_1590.wav,2
pure_geo_1591.wav,2
pure_geo_1592.wav,2
pure_geo_1593.wav,2
pure_geo_1594.wav,2
pure_geo_1595.wav,2
pure_geo_1596.wav,2
pure_geo_1597.wav,2
pure_geo_1598.wav,2
pure_geo_1599.wav,2
pure_geo_1600.wav,2
pure_geo_1601.wav,2
pure_geo_1602.wav,2
pure_geo_1603.wav,2
pure_geo_1604.wav,2
pure_geo_1605.wav,2
pure_geo_1606.wav,2
pure_geo_1607.wav,2
pure_geo_1608.wav,2
pure_geo_1609.wav,2
pure_geo_1610.wav,2
pure_geo_1611.wav,2
pure_geo_1612.wav,2
pure_geo_1613.wav,2
pure_geo_1614.wav,2
pure_geo_1615.wav,2
pure_geo_1616.wav,2
pure_geo_1617.wav,2
pure_geo_1618.wav,2
pure_geo_1619.wav,2
pure_geo_1620.wav,2
pure_geo_1621.wav,2
pure_geo_1622.wav,2
pure_geo_1623.wav,2
pure_geo_1624.wav,2
pure_geo_1625.wav,2
pure_geo_1626.wav,2
pure_geo_1627.wav,2
pure_geo_1628.wav,2
pure_geo_1629.wav,2
pure_geo_1630.wav,2
pure_geo_1631.wav,2
pure_geo_1632.wav,2
pure_geo_1633.wav,2
pure_geo_1634.wav,2
pure_geo_1635.wav,2
pure_geo_1636.wav,2
pure_geo_1637.wav,2
pure_geo_1638.wav,2
pure_geo_1639.wav,2
pure_geo_1640.wav,2
pure_geo_1641.wav,2
pure_geo_1642.wav,2
pure_geo_1643.wav,2
pure_geo_1644.wav,2
pure_geo_1645.wav,2
pure_geo_1646.wav,2
pure_geo_1647.wav,2
pure_geo_1648.wav,2
pure_geo_1649.wav,2
pure_geo_1650.wav,2
pure_geo_1651.wav,2
pure_geo_1652.wav,2
pure_geo_1653.wav,2
pure_geo_1654.wav,2
pure_geo_1655.wav,2
pure_geo_1656.wav,2
pure_geo_1657.wav,2
pure_geo_1658.wav,2
pure_geo_1659.wav,2
pure_geo_1660.wav,2
pure_geo_1661.wav,2
pure_geo_1662.wav,2
pure_geo_1663.wav,2
pure_geo_1664.wav,2
pure_geo_1665.wav,2
pure_geo_1666.wav,2
hybrid_bio_antro_0000.wav,3
hybrid_bio_antro_0001.wav,3
hybrid_bio_antro_0002.wav,3
hybrid_bio_antro_0003.wav,3
hybrid_bio_antro_0004.wav,3
hybrid_bio_antro_0005.wav,3
hybrid_bio_antro_0006.wav,3
hybrid_bio_antro_0007.wav,3
hybrid_bio_antro_0008.wav,3
hybrid_bio_antro_0009.wav,3
hybrid_bio_antro_0010.wav,3
hybrid_bio_antro_0011.wav,3
hybrid_bio_antro_0012.wav,3
hybrid_bio_antro_0013.wav,3
hybrid_bio_antro_0014.wav,3
hybrid_bio_antro_0015.wav,3
hybrid_bio_antro_0016.wav,3
hybrid_bio_antro_0017.wav,3
hybrid_bio_antro_0018.wav,3
hybrid_bio_antro_0019.wav,3
hybrid_bio_antro_0020.wav,3
hybrid_bio_antro_0021.wav,3
hybrid_bio_antro_0022.wav,3
hybrid_bio_antro_0023.wav,3
hybrid_bio_antro_0024.wav,3
hybrid_bio_antro_0025.wav,3
hybrid_bio_antro_0026.wav,3
hybrid_bio_antro_0027.wav,3
hybrid_bio_antro_0028.wav,3
hybrid_bio_antro_0029.wav,3
hybrid_bio_antro_0030.wav,3
hybrid_bio_antro_0031.wav,3
hybrid_bio_antro_0032.wav,3
hybrid_bio_antro_0033.wav,3
hybrid_bio_antro_0034.wav,3
hybrid_bio_antro_0035.wav,3
hybrid_bio_antro_0036.wav,3
hybrid_bio_antro_0037.wav,3
hybrid_bio_antro_0038.wav,3
hybrid_bio_antro_0039.wav,3
hybrid_bio_antro_0040.wav,3
hybrid_bio_antro_0041.wav,3
hybrid_bio_antro_0042.wav,3
hybrid_bio_antro_0043.wav,3
hybrid_bio_antro_0044.wav,3
hybrid_bio_antro_0045.wav,3
hybrid_bio_antro_0046.wav,3
hybrid_bio_antro_0047.wav,3
hybrid_bio_antro_0048.wav,3
hybrid_bio_antro_0049.wav,3
hybrid_bio_antro_0050.wav,3
hybrid_bio_antro_0051.wav,3
hybrid_bio_antro_0052.wav,3
hybrid_bio_antro_0053.wav,3
hybrid_bio_antro_0054.wav,3
hybrid_bio_antro_0055.wav,3
hybrid_bio_antro_0056.wav,3
hybrid_bio_antro_0057.wav,3
hybrid_bio_antro_0058.wav,3
hybrid_bio_antro_0059.wav,3
hybrid_bio_antro_0060.wav,3
hybrid_bio_antro_0061.wav,3
hybrid_bio_antro_0062.wav,3
hybrid_bio_antro_0063.wav,3
hybrid_bio_antro_0064.wav,3
hybrid_bio_antro_0065.wav,3
hybrid_bio_antro_0066.wav,3
hybrid_bio_antro_0067.wav,3
hybrid_bio_antro_0068.wav,3
hybrid_bio_antro_0069.wav,3
hybrid_bio_antro_0070.wav,3
hybrid_bio_antro_0071.wav,3
hybrid_bio_antro_0072.wav,3
hybrid_bio_antro_0073.wav,3
hybrid_bio_antro_0074.wav,3
hybrid_bio_antro_0075.wav,3
hybrid_bio_antro_0076.wav,3
hybrid_bio_antro_0077.wav,3
hybrid_bio_antro_0078.wav,3
hybrid_bio_antro_0079.wav,3
hybrid_bio_antro_0080.wav,3
hybrid_bio_antro_0081.wav,3
hybrid_bio_antro_0082.wav,3
hybrid_bio_antro_0083.wav,3
hybrid_bio_antro_0084.wav,3
hybrid_bio_antro_0085.wav,3
hybrid_bio_antro_0086.wav,3
hybrid_bio_antro_0087.wav,3
hybrid_bio_antro_0088.wav,3
hybrid_bio_antro_0089.wav,3
hybrid_bio_antro_0090.wav,3
hybrid_bio_antro_0091.wav,3
hybrid_bio_antro_0092.wav,3
hybrid_bio_antro_0093.wav,3
hybrid_bio_antro_0094.wav,3
hybrid_bio_antro_0095.wav,3
hybrid_bio_antro_0096.wav,3
hybrid_bio_antro_0097.wav,3
hybrid_bio_antro_0098.wav,3
hybrid_bio_antro_0099.wav,3
hybrid_bio_antro_0100.wav,3
hybrid_bio_antro_0101.wav,3
hybrid_bio_antro_0102.wav,3
hybrid_bio_antro_0103.wav,3
hybrid_bio_antro_0104.wav,3
hybrid_bio_antro_0105.wav,3
hybrid_bio_antro_0106.wav,3
hybrid_bio_antro_0107.wav,3
hybrid_bio_antro_0108.wav,3
hybrid_bio_antro_0109.wav,3
hybrid_bio_antro_0110.wav,3
hybrid_bio_antro_0111.wav,3
hybrid_bio_antro_0112.wav,3
hybrid_bio_antro_0113.wav,3
hybrid_bio_antro_0114.wav,3
hybrid_bio_antro_0115.wav,3
hybrid_bio_antro_0116.wav,3
hybrid_bio_antro_0117.wav,3
hybrid_bio_antro_0118.wav,3
hybrid_bio_antro_0119.wav,3
hybrid_bio_antro_0120.wav,3
hybrid_bio_antro_0121.wav,3
hybrid_bio_antro_0122.wav,3
hybrid_bio_antro_0123.wav,3
hybrid_bio_antro_0124.wav,3
hybrid_bio_antro_0125.wav,3
hybrid_bio_antro_0126.wav,3
hybrid_bio_antro_0127.wav,3
hybrid_bio_antro_0128.wav,3
hybrid_bio_antro_0129.wav,3
hybrid_bio_antro_0130.wav,3
hybrid_bio_antro_0131.wav,3
hybrid_bio_antro_0132.wav,3
hybrid_bio_antro_0133.wav,3
hybrid_bio_antro_0134.wav,3
hybrid_bio_antro_0135.wav,3
hybrid_bio_antro_0136.wav,3
hybrid_bio_antro_0137.wav,3
hybrid_bio_antro_0138.wav,3
hybrid_bio_antro_0139.wav,3
hybrid_bio_antro_0140.wav,3
hybrid_bio_antro_0141.wav,3
hybrid_bio_antro_0142.wav,3
hybrid_bio_antro_0143.wav,3
hybrid_bio_antro_0144.wav,3
hybrid_bio_antro_0145.wav,3
hybrid_bio_antro_0146.wav,3
hybrid_bio_antro_0147.wav,3
hybrid_bio_antro_0148.wav,3
hybrid_bio_antro_0149.wav,3
hybrid_bio_antro_0150.wav,3
hybrid_bio_antro_0151.wav,3
hybrid_bio_antro_0152.wav,3
hybrid_bio_antro_0153.wav,3
hybrid_bio_antro_0154.wav,3
hybrid_bio_antro_0155.wav,3
hybrid_bio_antro_0156.wav,3
hybrid_bio_antro_0157.wav,3
hybrid_bio_antro_0158.wav,3
hybrid_bio_antro_0159.wav,3
hybrid_bio_antro_0160.wav,3
hybrid_bio_antro_0161.wav,3
hybrid_bio_antro_0162.wav,3
hybrid_bio_antro_0163.wav,3
hybrid_bio_antro_0164.wav,3
hybrid_bio_antro_0165.wav,3
hybrid_bio_antro_0166.wav,3
hybrid_bio_antro_0167.wav,3
hybrid_bio_antro_0168.wav,3
hybrid_bio_antro_0169.wav,3
hybrid_bio_antro_0170.wav,3
hybrid_bio_antro_0171.wav,3
hybrid_bio_antro_0172.wav,3
hybrid_bio_antro_0173.wav,3
hybrid_bio_antro_0174.wav,3
hybrid_bio_antro_0175.wav,3
hybrid_bio_antro_0176.wav,3
hybrid_bio_antro_0177.wav,3
hybrid_bio_antro_0178.wav,3
hybrid_bio_antro_0179.wav,3
hybrid_bio_antro_0180.wav,3
hybrid_bio_antro_0181.wav,3
hybrid_bio_antro_0182.wav,3
hybrid_bio_antro_0183.wav,3
hybrid_bio_antro_0184.wav,3
hybrid_bio_antro_0185.wav,3
hybrid_bio_antro_0186.wav,3
hybrid_bio_antro_0187.wav,3
hybrid_bio_antro_0188.wav,3
hybrid_bio_antro_0189.wav,3
hybrid_bio_antro_0190.wav,3
hybrid_bio_antro_0191.wav,3
hybrid_bio_antro_0192.wav,3
hybrid_bio_antro_0193.wav,3
hybrid_bio_antro_0194.wav,3
hybrid_bio_antro_0195.wav,3
hybrid_bio_antro_0196.wav,3
hybrid_bio_antro_0197.wav,3
hybrid_bio_antro_0198.wav,3
hybrid_bio_antro_0199.wav,3
hybrid_bio_antro_0200.wav,3
hybrid_bio_antro_0201.wav,3
hybrid_bio_antro_0202.wav,3
hybrid_bio_antro_0203.wav,3
hybrid_bio_antro_0204.wav,3
hybrid_bio_antro_0205.wav,3
hybrid_bio_antro_0206.wav,3
hybrid_bio_antro_0207.wav,3
hybrid_bio_antro_0208.wav,3
hybrid_bio_antro_0209.wav,3
hybrid_bio_antro_0210.wav,3
hybrid_bio_antro_0211.wav,3
hybrid_bio_antro_0212.wav,3
hybrid_bio_antro_0213.wav,3
hybrid_bio_antro_0214.wav,3
hybrid_bio_antro_0215.wav,3
hybrid_bio_antro_0216.wav,3
hybrid_bio_antro_0217.wav,3
hybrid_bio_antro_0218.wav,3
hybrid_bio_antro_0219.wav,3
hybrid_bio_antro_0220.wav,3
hybrid_bio_antro_0221.wav,3
hybrid_bio_antro_0222.wav,3
hybrid_bio_antro_0223.wav,3
hybrid_bio_antro_0224.wav,3
hybrid_bio_antro_0225.wav,3
hybrid_bio_antro_0226.wav,3
hybrid_bio_antro_0227.wav,3
hybrid_bio_antro_0228.wav,3
hybrid_bio_antro_0229.wav,3
hybrid_bio_antro_0230.wav,3
hybrid_bio_antro_0231.wav,3
hybrid_bio_antro_0232.wav,3
hybrid_bio_antro_0233.wav,3
hybrid_bio_antro_0234.wav,3
hybrid_bio_antro_0235.wav,3
hybrid_bio_antro_0236.wav,3
hybrid_bio_antro_0237.wav,3
hybrid_bio_antro_0238.wav,3
hybrid_bio_antro_0239.wav,3
hybrid_bio_antro_0240.wav,3
hybrid_bio_antro_0241.wav,3
hybrid_bio_antro_0242.wav,3
hybrid_bio_antro_0243.wav,3
hybrid_bio_antro_0244.wav,3
hybrid_bio_antro_0245.wav,3
hybrid_bio_antro_0246.wav,3
hybrid_bio_antro_0247.wav,3
hybrid_bio_antro_0248.wav,3
hybrid_bio_antro_0249.wav,3
hybrid_bio_antro_0250.wav,3
hybrid_bio_antro_0251.wav,3
hybrid_bio_antro_0252.wav,3
hybrid_bio_antro_0253.wav,3
hybrid_bio_antro_0254.wav,3
hybrid_bio_antro_0255.wav,3
hybrid_bio_antro_0256.wav,3
hybrid_bio_antro_0257.wav,3
hybrid_bio_antro_0258.wav,3
hybrid_bio_antro_0259.wav,3
hybrid_bio_antro_0260.wav,3
hybrid_bio_antro_0261.wav,3
hybrid_bio_antro_0262.wav,3
hybrid_bio_antro_0263.wav,3
hybrid_bio_antro_0264.wav,3
hybrid_bio_antro_0265.wav,3
hybrid_bio_antro_0266.wav,3
hybrid_bio_antro_0267.wav,3
hybrid_bio_antro_0268.wav,3
hybrid_bio_antro_0269.wav,3
hybrid_bio_antro_0270.wav,3
hybrid_bio_antro_0271.wav,3
hybrid_bio_antro_0272.wav,3
hybrid_bio_antro_0273.wav,3
hybrid_bio_antro_0274.wav,3
hybrid_bio_antro_0275.wav,3
hybrid_bio_antro_0276.wav,3
hybrid_bio_antro_0277.wav,3
hybrid_bio_antro_0278.wav,3
hybrid_bio_antro_0279.wav,3
hybrid_bio_antro_0280.wav,3
hybrid_bio_antro_0281.wav,3
hybrid_bio_antro_0282.wav,3
hybrid_bio_antro_0283.wav,3
hybrid_bio_antro_0284.wav,3
hybrid_bio_antro_0285.wav,3
hybrid_bio_antro_0286.wav,3
hybrid_bio_antro_0287.wav,3
hybrid_bio_antro_0288.wav,3
hybrid_bio_antro_0289.wav,3
hybrid_bio_antro_0290.wav,3
hybrid_bio_antro_0291.wav,3
hybrid_bio_antro_0292.wav,3
hybrid_bio_antro_0293.wav,3
hybrid_bio_antro_0294.wav,3
hybrid_bio_antro_0295.wav,3
hybrid_bio_antro_0296.wav,3
hybrid_bio_antro_0297.wav,3
hybrid_bio_antro_0298.wav,3
hybrid_bio_antro_0299.wav,3
hybrid_bio_antro_0300.wav,3
hybrid_bio_antro_0301.wav,3
hybrid_bio_antro_0302.wav,3
hybrid_bio_antro_0303.wav,3
hybrid_bio_antro_0304.wav,3
hybrid_bio_antro_0305.wav,3
hybrid_bio_antro_0306.wav,3
hybrid_bio_antro_0307.wav,3
hybrid_bio_antro_0308.wav,3
hybrid_bio_antro_0309.wav,3
hybrid_bio_antro_0310.wav,3
hybrid_bio_antro_0311.wav,3
hybrid_bio_antro_0312.wav,3
hybrid_bio_antro_0313.wav,3
hybrid_bio_antro_0314.wav,3
hybrid_bio_antro_0315.wav,3
hybrid_bio_antro_0316.wav,3
hybrid_bio_antro_0317.wav,3
hybrid_bio_antro_0318.wav,3
hybrid_bio_antro_0319.wav,3
hybrid_bio_antro_0320.wav,3
hybrid_bio_antro_0321.wav,3
hybrid_bio_antro_0322.wav,3
hybrid_bio_antro_0323.wav,3
hybrid_bio_antro_0324.wav,3
hybrid_bio_antro_0325.wav,3
hybrid_bio_antro_0326.wav,3
hybrid_bio_antro_0327.wav,3
hybrid_bio_antro_0328.wav,3
hybrid_bio_antro_0329.wav,3
hybrid_bio_antro_0330.wav,3
hybrid_bio_antro_0331.wav,3
hybrid_bio_antro_0332.wav,3
hybrid_bio_antro_0333.wav,3
hybrid_bio_antro_0334.wav,3
hybrid_bio_antro_0335.wav,3
hybrid_bio_antro_0336.wav,3
hybrid_bio_antro_0337.wav,3
hybrid_bio_antro_0338.wav,3
hybrid_bio_antro_0339.wav,3
hybrid_bio_antro_0340.wav,3
hybrid_bio_antro_0341.wav,3
hybrid_bio_antro_0342.wav,3
hybrid_bio_antro_0343.wav,3
hybrid_bio_antro_0344.wav,3
hybrid_bio_antro_0345.wav,3
hybrid_bio_antro_0346.wav,3
hybrid_bio_antro_0347.wav,3
hybrid_bio_antro_0348.wav,3
hybrid_bio_antro_0349.wav,3
hybrid_bio_antro_0350.wav,3
hybrid_bio_antro_0351.wav,3
hybrid_bio_antro_0352.wav,3
hybrid_bio_antro_0353.wav,3
hybrid_bio_antro_0354.wav,3
hybrid_bio_antro_0355.wav,3
hybrid_bio_antro_0356.wav,3
hybrid_bio_antro_0357.wav,3
hybrid_bio_antro_0358.wav,3
hybrid_bio_antro_0359.wav,3
hybrid_bio_antro_0360.wav,3
hybrid_bio_antro_0361.wav,3
hybrid_bio_antro_0362.wav,3
hybrid_bio_antro_0363.wav,3
hybrid_bio_antro_0364.wav,3
hybrid_bio_antro_0365.wav,3
hybrid_bio_antro_0366.wav,3
hybrid_bio_antro_0367.wav,3
hybrid_bio_antro_0368.wav,3
hybrid_bio_antro_0369.wav,3
hybrid_bio_antro_0370.wav,3
hybrid_bio_antro_0371.wav,3
hybrid_bio_antro_0372.wav,3
hybrid_bio_antro_0373.wav,3
hybrid_bio_antro_0374.wav,3
hybrid_bio_antro_0375.wav,3
hybrid_bio_antro_0376.wav,3
hybrid_bio_antro_0377.wav,3
hybrid_bio_antro_0378.wav,3
hybrid_bio_antro_0379.wav,3
hybrid_bio_antro_0380.wav,3
hybrid_bio_antro_0381.wav,3
hybrid_bio_antro_0382.wav,3
hybrid_bio_antro_0383.wav,3
hybrid_bio_antro_0384.wav,3
hybrid_bio_antro_0385.wav,3
hybrid_bio_antro_0386.wav,3
hybrid_bio_antro_0387.wav,3
hybrid_bio_antro_0388.wav,3
hybrid_bio_antro_0389.wav,3
hybrid_bio_antro_0390.wav,3
hybrid_bio_antro_0391.wav,3
hybrid_bio_antro_0392.wav,3
hybrid_bio_antro_0393.wav,3
hybrid_bio_antro_0394.wav,3
hybrid_bio_antro_0395.wav,3
hybrid_bio_antro_0396.wav,3
hybrid_bio_antro_0397.wav,3
hybrid_bio_antro_0398.wav,3
hybrid_bio_antro_0399.wav,3
hybrid_bio_antro_0400.wav,3
hybrid_bio_antro_0401.wav,3
hybrid_bio_antro_0402.wav,3
hybrid_bio_antro_0403.wav,3
hybrid_bio_antro_0404.wav,3
hybrid_bio_antro_0405.wav,3
hybrid_bio_antro_0406.wav,3
hybrid_bio_antro_0407.wav,3
hybrid_bio_antro_0408.wav,3
hybrid_bio_antro_0409.wav,3
hybrid_bio_antro_0410.wav,3
hybrid_bio_antro_0411.wav,3
hybrid_bio_antro_0412.wav,3
hybrid_bio_antro_0413.wav,3
hybrid_bio_antro_0414.wav,3
hybrid_bio_antro_0415.wav,3
hybrid_bio_antro_0416.wav,3
hybrid_bio_antro_0417.wav,3
hybrid_bio_antro_0418.wav,3
hybrid_bio_antro_0419.wav,3
hybrid_bio_antro_0420.wav,3
hybrid_bio_antro_0421.wav,3
hybrid_bio_antro_0422.wav,3
hybrid_bio_antro_0423.wav,3
hybrid_bio_antro_0424.wav,3
hybrid_bio_antro_0425.wav,3
hybrid_bio_antro_0426.wav,3
hybrid_bio_antro_0427.wav,3
hybrid_bio_antro_0428.wav,3
hybrid_bio_antro_0429.wav,3
hybrid_bio_antro_0430.wav,3
hybrid_bio_antro_0431.wav,3
hybrid_bio_antro_0432.wav,3
hybrid_bio_antro_0433.wav,3
hybrid_bio_antro_0434.wav,3
hybrid_bio_antro_0435.wav,3
hybrid_bio_antro_0436.wav,3
hybrid_bio_antro_0437.wav,3
hybrid_bio_antro_0438.wav,3
hybrid_bio_antro_0439.wav,3
hybrid_bio_antro_0440.wav,3
hybrid_bio_antro_0441.wav,3
hybrid_bio_antro_0442.wav,3
hybrid_bio_antro_0443.wav,3
hybrid_bio_antro_0444.wav,3
hybrid_bio_antro_0445.wav,3
hybrid_bio_antro_0446.wav,3
hybrid_bio_antro_0447.wav,3
hybrid_bio_antro_0448.wav,3
hybrid_bio_antro_0449.wav,3
hybrid_bio_antro_0450.wav,3
hybrid_bio_antro_0451.wav,3
hybrid_bio_antro_0452.wav,3
hybrid_bio_antro_0453.wav,3
hybrid_bio_antro_0454.wav,3
hybrid_bio_antro_0455.wav,3
hybrid_bio_antro_0456.wav,3
hybrid_bio_antro_0457.wav,3
hybrid_bio_antro_0458.wav,3
hybrid_bio_antro_0459.wav,3
hybrid_bio_antro_0460.wav,3
hybrid_bio_antro_0461.wav,3
hybrid_bio_antro_0462.wav,3
hybrid_bio_antro_0463.wav,3
hybrid_bio_antro_0464.wav,3
hybrid_bio_antro_0465.wav,3
hybrid_bio_antro_0466.wav,3
hybrid_bio_antro_0467.wav,3
hybrid_bio_antro_0468.wav,3
hybrid_bio_antro_0469.wav,3
hybrid_bio_antro_0470.wav,3
hybrid_bio_antro_0471.wav,3
hybrid_bio_antro_0472.wav,3
hybrid_bio_antro_0473.wav,3
hybrid_bio_antro_0474.wav,3
hybrid_bio_antro_0475.wav,3
hybrid_bio_antro_0476.wav,3
hybrid_bio_antro_0477.wav,3
hybrid_bio_antro_0478.wav,3
hybrid_bio_antro_0479.wav,3
hybrid_bio_antro_0480.wav,3
hybrid_bio_antro_0481.wav,3
hybrid_bio_antro_0482.wav,3
hybrid_bio_antro_0483.wav,3
hybrid_bio_antro_0484.wav,3
hybrid_bio_antro_0485.wav,3
hybrid_bio_antro_0486.wav,3
hybrid_bio_antro_0487.wav,3
hybrid_bio_antro_0488.wav,3
hybrid_bio_antro_0489.wav,3
hybrid_bio_antro_0490.wav,3
hybrid_bio_antro_0491.wav,3
hybrid_bio_antro_0492.wav,3
hybrid_bio_antro_0493.wav,3
hybrid_bio_antro_0494.wav,3
hybrid_bio_antro_0495.wav,3
hybrid_bio_antro_0496.wav,3
hybrid_bio_antro_0497.wav,3
hybrid_bio_antro_0498.wav,3
hybrid_bio_antro_0499.wav,3
hybrid_bio_antro_0500.wav,3
hybrid_bio_antro_0501.wav,3
hybrid_bio_antro_0502.wav,3
hybrid_bio_antro_0503.wav,3
hybrid_bio_antro_0504.wav,3
hybrid_bio_antro_0505.wav,3
hybrid_bio_antro_0506.wav,3
hybrid_bio_antro_0507.wav,3
hybrid_bio_antro_0508.wav,3
hybrid_bio_antro_0509.wav,3
hybrid_bio_antro_0510.wav,3
hybrid_bio_antro_0511.wav,3
hybrid_bio_antro_0512.wav,3
hybrid_bio_antro_0513.wav,3
hybrid_bio_antro_0514.wav,3
hybrid_bio_antro_0515.wav,3
hybrid_bio_antro_0516.wav,3
hybrid_bio_antro_0517.wav,3
hybrid_bio_antro_0518.wav,3
hybrid_bio_antro_0519.wav,3
hybrid_bio_antro_0520.wav,3
hybrid_bio_antro_0521.wav,3
hybrid_bio_antro_0522.wav,3
hybrid_bio_antro_0523.wav,3
hybrid_bio_antro_0524.wav,3
hybrid_bio_antro_0525.wav,3
hybrid_bio_antro_0526.wav,3
hybrid_bio_antro_0527.wav,3
hybrid_bio_antro_0528.wav,3
hybrid_bio_antro_0529.wav,3
hybrid_bio_antro_0530.wav,3
hybrid_bio_antro_0531.wav,3
hybrid_bio_antro_0532.wav,3
hybrid_bio_antro_0533.wav,3
hybrid_bio_antro_0534.wav,3
hybrid_bio_antro_0535.wav,3
hybrid_bio_antro_0536.wav,3
hybrid_bio_antro_0537.wav,3
hybrid_bio_antro_0538.wav,3
hybrid_bio_antro_0539.wav,3
hybrid_bio_antro_0540.wav,3
hybrid_bio_antro_0541.wav,3
hybrid_bio_antro_0542.wav,3
hybrid_bio_antro_0543.wav,3
hybrid_bio_antro_0544.wav,3
hybrid_bio_antro_0545.wav,3
hybrid_bio_antro_0546.wav,3
hybrid_bio_antro_0547.wav,3
hybrid_bio_antro_0548.wav,3
hybrid_bio_antro_0549.wav,3
hybrid_bio_antro_0550.wav,3
hybrid_bio_antro_0551.wav,3
hybrid_bio_antro_0552.wav,3
hybrid_bio_antro_0553.wav,3
hybrid_bio_antro_0554.wav,3
hybrid_bio_antro_0555.wav,3
hybrid_bio_antro_0556.wav,3
hybrid_bio_antro_0557.wav,3
hybrid_bio_antro_0558.wav,3
hybrid_bio_antro_0559.wav,3
hybrid_bio_antro_0560.wav,3
hybrid_bio_antro_0561.wav,3
hybrid_bio_antro_0562.wav,3
hybrid_bio_antro_0563.wav,3
hybrid_bio_antro_0564.wav,3
hybrid_bio_antro_0565.wav,3
hybrid_bio_antro_0566.wav,3
hybrid_bio_antro_0567.wav,3
hybrid_bio_antro_0568.wav,3
hybrid_bio_antro_0569.wav,3
hybrid_bio_antro_0570.wav,3
hybrid_bio_antro_0571.wav,3
hybrid_bio_antro_0572.wav,3
hybrid_bio_antro_0573.wav,3
hybrid_bio_antro_0574.wav,3
hybrid_bio_antro_0575.wav,3
hybrid_bio_antro_0576.wav,3
hybrid_bio_antro_0577.wav,3
hybrid_bio_antro_0578.wav,3
hybrid_bio_antro_0579.wav,3
hybrid_bio_antro_0580.wav,3
hybrid_bio_antro_0581.wav,3
hybrid_bio_antro_0582.wav,3
hybrid_bio_antro_0583.wav,3
hybrid_bio_antro_0584.wav,3
hybrid_bio_antro_0585.wav,3
hybrid_bio_antro_0586.wav,3
hybrid_bio_antro_0587.wav,3
hybrid_bio_antro_0588.wav,3
hybrid_bio_antro_0589.wav,3
hybrid_bio_antro_0590.wav,3
hybrid_bio_antro_0591.wav,3
hybrid_bio_antro_0592.wav,3
hybrid_bio_antro_0593.wav,3
hybrid_bio_antro_0594.wav,3
hybrid_bio_antro_0595.wav,3
hybrid_bio_antro_0596.wav,3
hybrid_bio_antro_0597.wav,3
hybrid_bio_antro_0598.wav,3
hybrid_bio_antro_0599.wav,3
hybrid_bio_antro_0600.wav,3
hybrid_bio_antro_0601.wav,3
hybrid_bio_antro_0602.wav,3
hybrid_bio_antro_0603.wav,3
hybrid_bio_antro_0604.wav,3
hybrid_bio_antro_0605.wav,3
hybrid_bio_antro_0606.wav,3
hybrid_bio_antro_0607.wav,3
hybrid_bio_antro_0608.wav,3
hybrid_bio_antro_0609.wav,3
hybrid_bio_antro_0610.wav,3
hybrid_bio_antro_0611.wav,3
hybrid_bio_antro_0612.wav,3
hybrid_bio_antro_0613.wav,3
hybrid_bio_antro_0614.wav,3
hybrid_bio_antro_0615.wav,3
hybrid_bio_antro_0616.wav,3
hybrid_bio_antro_0617.wav,3
hybrid_bio_antro_0618.wav,3
hybrid_bio_antro_0619.wav,3
hybrid_bio_antro_0620.wav,3
hybrid_bio_antro_0621.wav,3
hybrid_bio_antro_0622.wav,3
hybrid_bio_antro_0623.wav,3
hybrid_bio_antro_0624.wav,3
hybrid_bio_antro_0625.wav,3
hybrid_bio_antro_0626.wav,3
hybrid_bio_antro_0627.wav,3
hybrid_bio_antro_0628.wav,3
hybrid_bio_antro_0629.wav,3
hybrid_bio_antro_0630.wav,3
hybrid_bio_antro_0631.wav,3
hybrid_bio_antro_0632.wav,3
hybrid_bio_antro_0633.wav,3
hybrid_bio_antro_0634.wav,3
hybrid_bio_antro_0635.wav,3
hybrid_bio_antro_0636.wav,3
hybrid_bio_antro_0637.wav,3
hybrid_bio_antro_0638.wav,3
hybrid_bio_antro_0639.wav,3
hybrid_bio_antro_0640.wav,3
hybrid_bio_antro_0641.wav,3
hybrid_bio_antro_0642.wav,3
hybrid_bio_antro_0643.wav,3
hybrid_bio_antro_0644.wav,3
hybrid_bio_antro_0645.wav,3
hybrid_bio_antro_0646.wav,3
hybrid_bio_antro_0647.wav,3
hybrid_bio_antro_0648.wav,3
hybrid_bio_antro_0649.wav,3
hybrid_bio_antro_0650.wav,3
hybrid_bio_antro_0651.wav,3
hybrid_bio_antro_0652.wav,3
hybrid_bio_antro_0653.wav,3
hybrid_bio_antro_0654.wav,3
hybrid_bio_antro_0655.wav,3
hybrid_bio_antro_0656.wav,3
hybrid_bio_antro_0657.wav,3
hybrid_bio_antro_0658.wav,3
hybrid_bio_antro_0659.wav,3
hybrid_bio_antro_0660.wav,3
hybrid_bio_antro_0661.wav,3
hybrid_bio_antro_0662.wav,3
hybrid_bio_antro_0663.wav,3
hybrid_bio_antro_0664.wav,3
hybrid_bio_antro_0665.wav,3
hybrid_bio_antro_0666.wav,3
hybrid_bio_antro_0667.wav,3
hybrid_bio_antro_0668.wav,3
hybrid_bio_antro_0669.wav,3
hybrid_bio_antro_0670.wav,3
hybrid_bio_antro_0671.wav,3
hybrid_bio_antro_0672.wav,3
hybrid_bio_antro_0673.wav,3
hybrid_bio_antro_0674.wav,3
hybrid_bio_antro_0675.wav,3
hybrid_bio_antro_0676.wav,3
hybrid_bio_antro_0677.wav,3
hybrid_bio_antro_0678.wav,3
hybrid_bio_antro_0679.wav,3
hybrid_bio_antro_0680.wav,3
hybrid_bio_antro_0681.wav,3
hybrid_bio_antro_0682.wav,3
hybrid_bio_antro_0683.wav,3
hybrid_bio_antro_0684.wav,3
hybrid_bio_antro_0685.wav,3
hybrid_bio_antro_0686.wav,3
hybrid_bio_antro_0687.wav,3
hybrid_bio_antro_0688.wav,3
hybrid_bio_antro_0689.wav,3
hybrid_bio_antro_0690.wav,3
hybrid_bio_antro_0691.wav,3
hybrid_bio_antro_0692.wav,3
hybrid_bio_antro_0693.wav,3
hybrid_bio_antro_0694.wav,3
hybrid_bio_antro_0695.wav,3
hybrid_bio_antro_0696.wav,3
hybrid_bio_antro_0697.wav,3
hybrid_bio_antro_0698.wav,3
hybrid_bio_antro_0699.wav,3
hybrid_bio_antro_0700.wav,3
hybrid_bio_antro_0701.wav,3
hybrid_bio_antro_0702.wav,3
hybrid_bio_antro_0703.wav,3
hybrid_bio_antro_0704.wav,3
hybrid_bio_antro_0705.wav,3
hybrid_bio_antro_0706.wav,3
hybrid_bio_antro_0707.wav,3
hybrid_bio_antro_0708.wav,3
hybrid_bio_antro_0709.wav,3
hybrid_bio_antro_0710.wav,3
hybrid_bio_antro_0711.wav,3
hybrid_bio_antro_0712.wav,3
hybrid_bio_antro_0713.wav,3
hybrid_bio_antro_0714.wav,3
hybrid_bio_antro_0715.wav,3
hybrid_bio_antro_0716.wav,3
hybrid_bio_antro_0717.wav,3
hybrid_bio_antro_0718.wav,3
hybrid_bio_antro_0719.wav,3
hybrid_bio_antro_0720.wav,3
hybrid_bio_antro_0721.wav,3
hybrid_bio_antro_0722.wav,3
hybrid_bio_antro_0723.wav,3
hybrid_bio_antro_0724.wav,3
hybrid_bio_antro_0725.wav,3
hybrid_bio_antro_0726.wav,3
hybrid_bio_antro_0727.wav,3
hybrid_bio_antro_0728.wav,3
hybrid_bio_antro_0729.wav,3
hybrid_bio_antro_0730.wav,3
hybrid_bio_antro_0731.wav,3
hybrid_bio_antro_0732.wav,3
hybrid_bio_antro_0733.wav,3
hybrid_bio_antro_0734.wav,3
hybrid_bio_antro_0735.wav,3
hybrid_bio_antro_0736.wav,3
hybrid_bio_antro_0737.wav,3
hybrid_bio_antro_0738.wav,3
hybrid_bio_antro_0739.wav,3
hybrid_bio_antro_0740.wav,3
hybrid_bio_antro_0741.wav,3
hybrid_bio_antro_0742.wav,3
hybrid_bio_antro_0743.wav,3
hybrid_bio_antro_0744.wav,3
hybrid_bio_antro_0745.wav,3
hybrid_bio_antro_0746.wav,3
hybrid_bio_antro_0747.wav,3
hybrid_bio_antro_0748.wav,3
hybrid_bio_antro_0749.wav,3
hybrid_bio_antro_0750.wav,3
hybrid_bio_antro_0751.wav,3
hybrid_bio_antro_0752.wav,3
hybrid_bio_antro_0753.wav,3
hybrid_bio_antro_0754.wav,3
hybrid_bio_antro_0755.wav,3
hybrid_bio_antro_0756.wav,3
hybrid_bio_antro_0757.wav,3
hybrid_bio_antro_0758.wav,3
hybrid_bio_antro_0759.wav,3
hybrid_bio_antro_0760.wav,3
hybrid_bio_antro_0761.wav,3
hybrid_bio_antro_0762.wav,3
hybrid_bio_antro_0763.wav,3
hybrid_bio_antro_0764.wav,3
hybrid_bio_antro_0765.wav,3
hybrid_bio_antro_0766.wav,3
hybrid_bio_antro_0767.wav,3
hybrid_bio_antro_0768.wav,3
hybrid_bio_antro_0769.wav,3
hybrid_bio_antro_0770.wav,3
hybrid_bio_antro_0771.wav,3
hybrid_bio_antro_0772.wav,3
hybrid_bio_antro_0773.wav,3
hybrid_bio_antro_0774.wav,3
hybrid_bio_antro_0775.wav,3
hybrid_bio_antro_0776.wav,3
hybrid_bio_antro_0777.wav,3
hybrid_bio_antro_0778.wav,3
hybrid_bio_antro_0779.wav,3
hybrid_bio_antro_0780.wav,3
hybrid_bio_antro_0781.wav,3
hybrid_bio_antro_0782.wav,3
hybrid_bio_antro_0783.wav,3
hybrid_bio_antro_0784.wav,3
hybrid_bio_antro_0785.wav,3
hybrid_bio_antro_0786.wav,3
hybrid_bio_antro_0787.wav,3
hybrid_bio_antro_0788.wav,3
hybrid_bio_antro_0789.wav,3
hybrid_bio_antro_0790.wav,3
hybrid_bio_antro_0791.wav,3
hybrid_bio_antro_0792.wav,3
hybrid_bio_antro_0793.wav,3
hybrid_bio_antro_0794.wav,3
hybrid_bio_antro_0795.wav,3
hybrid_bio_antro_0796.wav,3
hybrid_bio_antro_0797.wav,3
hybrid_bio_antro_0798.wav,3
hybrid_bio_antro_0799.wav,3
hybrid_bio_antro_0800.wav,3
hybrid_bio_antro_0801.wav,3
hybrid_bio_antro_0802.wav,3
hybrid_bio_antro_0803.wav,3
hybrid_bio_antro_0804.wav,3
hybrid_bio_antro_0805.wav,3
hybrid_bio_antro_0806.wav,3
hybrid_bio_antro_0807.wav,3
hybrid_bio_antro_0808.wav,3
hybrid_bio_antro_0809.wav,3
hybrid_bio_antro_0810.wav,3
hybrid_bio_antro_0811.wav,3
hybrid_bio_antro_0812.wav,3
hybrid_bio_antro_0813.wav,3
hybrid_bio_antro_0814.wav,3
hybrid_bio_antro_0815.wav,3
hybrid_bio_antro_0816.wav,3
hybrid_bio_antro_0817.wav,3
hybrid_bio_antro_0818.wav,3
hybrid_bio_antro_0819.wav,3
hybrid_bio_antro_0820.wav,3
hybrid_bio_antro_0821.wav,3
hybrid_bio_antro_0822.wav,3
hybrid_bio_antro_0823.wav,3
hybrid_bio_antro_0824.wav,3
hybrid_bio_antro_0825.wav,3
hybrid_bio_antro_0826.wav,3
hybrid_bio_antro_0827.wav,3
hybrid_bio_antro_0828.wav,3
hybrid_bio_antro_0829.wav,3
hybrid_bio_antro_0830.wav,3
hybrid_bio_antro_0831.wav,3
hybrid_bio_antro_0832.wav,3
hybrid_bio_antro_0833.wav,3
hybrid_bio_antro_0834.wav,3
hybrid_bio_antro_0835.wav,3
hybrid_bio_antro_0836.wav,3
hybrid_bio_antro_0837.wav,3
hybrid_bio_antro_0838.wav,3
hybrid_bio_antro_0839.wav,3
hybrid_bio_antro_0840.wav,3
hybrid_bio_antro_0841.wav,3
hybrid_bio_antro_0842.wav,3
hybrid_bio_antro_0843.wav,3
hybrid_bio_antro_0844.wav,3
hybrid_bio_antro_0845.wav,3
hybrid_bio_antro_0846.wav,3
hybrid_bio_antro_0847.wav,3
hybrid_bio_antro_0848.wav,3
hybrid_bio_antro_0849.wav,3
hybrid_bio_antro_0850.wav,3
hybrid_bio_antro_0851.wav,3
hybrid_bio_antro_0852.wav,3
hybrid_bio_antro_0853.wav,3
hybrid_bio_antro_0854.wav,3
hybrid_bio_antro_0855.wav,3
hybrid_bio_antro_0856.wav,3
hybrid_bio_antro_0857.wav,3
hybrid_bio_antro_0858.wav,3
hybrid_bio_antro_0859.wav,3
hybrid_bio_antro_0860.wav,3
hybrid_bio_antro_0861.wav,3
hybrid_bio_antro_0862.wav,3
hybrid_bio_antro_0863.wav,3
hybrid_bio_antro_0864.wav,3
hybrid_bio_antro_0865.wav,3
hybrid_bio_antro_0866.wav,3
hybrid_bio_antro_0867.wav,3
hybrid_bio_antro_0868.wav,3
hybrid_bio_antro_0869.wav,3
hybrid_bio_antro_0870.wav,3
hybrid_bio_antro_0871.wav,3
hybrid_bio_antro_0872.wav,3
hybrid_bio_antro_0873.wav,3
hybrid_bio_antro_0874.wav,3
hybrid_bio_antro_0875.wav,3
hybrid_bio_antro_0876.wav,3
hybrid_bio_antro_0877.wav,3
hybrid_bio_antro_0878.wav,3
hybrid_bio_antro_0879.wav,3
hybrid_bio_antro_0880.wav,3
hybrid_bio_antro_0881.wav,3
hybrid_bio_antro_0882.wav,3
hybrid_bio_antro_0883.wav,3
hybrid_bio_antro_0884.wav,3
hybrid_bio_antro_0885.wav,3
hybrid_bio_antro_0886.wav,3
hybrid_bio_antro_0887.wav,3
hybrid_bio_antro_0888.wav,3
hybrid_bio_antro_0889.wav,3
hybrid_bio_antro_0890.wav,3
hybrid_bio_antro_0891.wav,3
hybrid_bio_antro_0892.wav,3
hybrid_bio_antro_0893.wav,3
hybrid_bio_antro_0894.wav,3
hybrid_bio_antro_0895.wav,3
hybrid_bio_antro_0896.wav,3
hybrid_bio_antro_0897.wav,3
hybrid_bio_antro_0898.wav,3
hybrid_bio_antro_0899.wav,3
hybrid_bio_antro_0900.wav,3
hybrid_bio_antro_0901.wav,3
hybrid_bio_antro_0902.wav,3
hybrid_bio_antro_0903.wav,3
hybrid_bio_antro_0904.wav,3
hybrid_bio_antro_0905.wav,3
hybrid_bio_antro_0906.wav,3
hybrid_bio_antro_0907.wav,3
hybrid_bio_antro_0908.wav,3
hybrid_bio_antro_0909.wav,3
hybrid_bio_antro_0910.wav,3
hybrid_bio_antro_0911.wav,3
hybrid_bio_antro_0912.wav,3
hybrid_bio_antro_0913.wav,3
hybrid_bio_antro_0914.wav,3
hybrid_bio_antro_0915.wav,3
hybrid_bio_antro_0916.wav,3
hybrid_bio_antro_0917.wav,3
hybrid_bio_antro_0918.wav,3
hybrid_bio_antro_0919.wav,3
hybrid_bio_antro_0920.wav,3
hybrid_bio_antro_0921.wav,3
hybrid_bio_antro_0922.wav,3
hybrid_bio_antro_0923.wav,3
hybrid_bio_antro_0924.wav,3
hybrid_bio_antro_0925.wav,3
hybrid_bio_antro_0926.wav,3
hybrid_bio_antro_0927.wav,3
hybrid_bio_antro_0928.wav,3
hybrid_bio_antro_0929.wav,3
hybrid_bio_antro_0930.wav,3
hybrid_bio_antro_0931.wav,3
hybrid_bio_antro_0932.wav,3
hybrid_bio_antro_0933.wav,3
hybrid_bio_antro_0934.wav,3
hybrid_bio_antro_0935.wav,3
hybrid_bio_antro_0936.wav,3
hybrid_bio_antro_0937.wav,3
hybrid_bio_antro_0938.wav,3
hybrid_bio_antro_0939.wav,3
hybrid_bio_antro_0940.wav,3
hybrid_bio_antro_0941.wav,3
hybrid_bio_antro_0942.wav,3
hybrid_bio_antro_0943.wav,3
hybrid_bio_antro_0944.wav,3
hybrid_bio_antro_0945.wav,3
hybrid_bio_antro_0946.wav,3
hybrid_bio_antro_0947.wav,3
hybrid_bio_antro_0948.wav,3
hybrid_bio_antro_0949.wav,3
hybrid_bio_antro_0950.wav,3
hybrid_bio_antro_0951.wav,3
hybrid_bio_antro_0952.wav,3
hybrid_bio_antro_0953.wav,3
hybrid_bio_antro_0954.wav,3
hybrid_bio_antro_0955.wav,3
hybrid_bio_antro_0956.wav,3
hybrid_bio_antro_0957.wav,3
hybrid_bio_antro_0958.wav,3
hybrid_bio_antro_0959.wav,3
hybrid_bio_antro_0960.wav,3
hybrid_bio_antro_0961.wav,3
hybrid_bio_antro_0962.wav,3
hybrid_bio_antro_0963.wav,3
hybrid_bio_antro_0964.wav,3
hybrid_bio_antro_0965.wav,3
hybrid_bio_antro_0966.wav,3
hybrid_bio_antro_0967.wav,3
hybrid_bio_antro_0968.wav,3
hybrid_bio_antro_0969.wav,3
hybrid_bio_antro_0970.wav,3
hybrid_bio_antro_0971.wav,3
hybrid_bio_antro_0972.wav,3
hybrid_bio_antro_0973.wav,3
hybrid_bio_antro_0974.wav,3
hybrid_bio_antro_0975.wav,3
hybrid_bio_antro_0976.wav,3
hybrid_bio_antro_0977.wav,3
hybrid_bio_antro_0978.wav,3
hybrid_bio_antro_0979.wav,3
hybrid_bio_antro_0980.wav,3
hybrid_bio_antro_0981.wav,3
hybrid_bio_antro_0982.wav,3
hybrid_bio_antro_0983.wav,3
hybrid_bio_antro_0984.wav,3
hybrid_bio_antro_0985.wav,3
hybrid_bio_antro_0986.wav,3
hybrid_bio_antro_0987.wav,3
hybrid_bio_antro_0988.wav,3
hybrid_bio_antro_0989.wav,3
hybrid_bio_antro_0990.wav,3
hybrid_bio_antro_0991.wav,3
hybrid_bio_antro_0992.wav,3
hybrid_bio_antro_0993.wav,3
hybrid_bio_antro_0994.wav,3
hybrid_bio_antro_0995.wav,3
hybrid_bio_antro_0996.wav,3
hybrid_bio_antro_0997.wav,3
hybrid_bio_antro_0998.wav,3
hybrid_bio_antro_0999.wav,3
hybrid_bio_antro_1000.wav,3
hybrid_bio_antro_1001.wav,3
hybrid_bio_antro_1002.wav,3
hybrid_bio_antro_1003.wav,3
hybrid_bio_antro_1004.wav,3
hybrid_bio_antro_1005.wav,3
hybrid_bio_antro_1006.wav,3
hybrid_bio_antro_1007.wav,3
hybrid_bio_antro_1008.wav,3
hybrid_bio_antro_1009.wav,3
hybrid_bio_antro_1010.wav,3
hybrid_bio_antro_1011.wav,3
hybrid_bio_antro_1012.wav,3
hybrid_bio_antro_1013.wav,3
hybrid_bio_antro_1014.wav,3
hybrid_bio_antro_1015.wav,3
hybrid_bio_antro_1016.wav,3
hybrid_bio_antro_1017.wav,3
hybrid_bio_antro_1018.wav,3
hybrid_bio_antro_1019.wav,3
hybrid_bio_antro_1020.wav,3
hybrid_bio_antro_1021.wav,3
hybrid_bio_antro_1022.wav,3
hybrid_bio_antro_1023.wav,3
hybrid_bio_antro_1024.wav,3
hybrid_bio_antro_1025.wav,3
hybrid_bio_antro_1026.wav,3
hybrid_bio_antro_1027.wav,3
hybrid_bio_antro_1028.wav,3
hybrid_bio_antro_1029.wav,3
hybrid_bio_antro_1030.wav,3
hybrid_bio_antro_1031.wav,3
hybrid_bio_antro_1032.wav,3
hybrid_bio_antro_1033.wav,3
hybrid_bio_antro_1034.wav,3
hybrid_bio_antro_1035.wav,3
hybrid_bio_antro_1036.wav,3
hybrid_bio_antro_1037.wav,3
hybrid_bio_antro_1038.wav,3
hybrid_bio_antro_1039.wav,3
hybrid_bio_antro_1040.wav,3
hybrid_bio_antro_1041.wav,3
hybrid_bio_antro_1042.wav,3
hybrid_bio_antro_1043.wav,3
hybrid_bio_antro_1044.wav,3
hybrid_bio_antro_1045.wav,3
hybrid_bio_antro_1046.wav,3
hybrid_bio_antro_1047.wav,3
hybrid_bio_antro_1048.wav,3
hybrid_bio_antro_1049.wav,3
hybrid_bio_antro_1050.wav,3
hybrid_bio_antro_1051.wav,3
hybrid_bio_antro_1052.wav,3
hybrid_bio_antro_1053.wav,3
hybrid_bio_antro_1054.wav,3
hybrid_bio_antro_1055.wav,3
hybrid_bio_antro_1056.wav,3
hybrid_bio_antro_1057.wav,3
hybrid_bio_antro_1058.wav,3
hybrid_bio_antro_1059.wav,3
hybrid_bio_antro_1060.wav,3
hybrid_bio_antro_1061.wav,3
hybrid_bio_antro_1062.wav,3
hybrid_bio_antro_1063.wav,3
hybrid_bio_antro_1064.wav,3
hybrid_bio_antro_1065.wav,3
hybrid_bio_antro_1066.wav,3
hybrid_bio_antro_1067.wav,3
hybrid_bio_antro_1068.wav,3
hybrid_bio_antro_1069.wav,3
hybrid_bio_antro_1070.wav,3
hybrid_bio_antro_1071.wav,3
hybrid_bio_antro_1072.wav,3
hybrid_bio_antro_1073.wav,3
hybrid_bio_antro_1074.wav,3
hybrid_bio_antro_1075.wav,3
hybrid_bio_antro_1076.wav,3
hybrid_bio_antro_1077.wav,3
hybrid_bio_antro_1078.wav,3
hybrid_bio_antro_1079.wav,3
hybrid_bio_antro_1080.wav,3
hybrid_bio_antro_1081.wav,3
hybrid_bio_antro_1082.wav,3
hybrid_bio_antro_1083.wav,3
hybrid_bio_antro_1084.wav,3
hybrid_bio_antro_1085.wav,3
hybrid_bio_antro_1086.wav,3
hybrid_bio_antro_1087.wav,3
hybrid_bio_antro_1088.wav,3
hybrid_bio_antro_1089.wav,3
hybrid_bio_antro_1090.wav,3
hybrid_bio_antro_1091.wav,3
hybrid_bio_antro_1092.wav,3
hybrid_bio_antro_1093.wav,3
hybrid_bio_antro_1094.wav,3
hybrid_bio_antro_1095.wav,3
hybrid_bio_antro_1096.wav,3
hybrid_bio_antro_1097.wav,3
hybrid_bio_antro_1098.wav,3
hybrid_bio_antro_1099.wav,3
hybrid_bio_antro_1100.wav,3
hybrid_bio_antro_1101.wav,3
hybrid_bio_antro_1102.wav,3
hybrid_bio_antro_1103.wav,3
hybrid_bio_antro_1104.wav,3
hybrid_bio_antro_1105.wav,3
hybrid_bio_antro_1106.wav,3
hybrid_bio_antro_1107.wav,3
hybrid_bio_antro_1108.wav,3
hybrid_bio_antro_1109.wav,3
hybrid_bio_antro_1110.wav,3
hybrid_bio_antro_1111.wav,3
hybrid_bio_antro_1112.wav,3
hybrid_bio_antro_1113.wav,3
hybrid_bio_antro_1114.wav,3
hybrid_bio_antro_1115.wav,3
hybrid_bio_antro_1116.wav,3
hybrid_bio_antro_1117.wav,3
hybrid_bio_antro_1118.wav,3
hybrid_bio_antro_1119.wav,3
hybrid_bio_antro_1120.wav,3
hybrid_bio_antro_1121.wav,3
hybrid_bio_antro_1122.wav,3
hybrid_bio_antro_1123.wav,3
hybrid_bio_antro_1124.wav,3
hybrid_bio_antro_1125.wav,3
hybrid_bio_antro_1126.wav,3
hybrid_bio_antro_1127.wav,3
hybrid_bio_antro_1128.wav,3
hybrid_bio_antro_1129.wav,3
hybrid_bio_antro_1130.wav,3
hybrid_bio_antro_1131.wav,3
hybrid_bio_antro_1132.wav,3
hybrid_bio_antro_1133.wav,3
hybrid_bio_antro_1134.wav,3
hybrid_bio_antro_1135.wav,3
hybrid_bio_antro_1136.wav,3
hybrid_bio_antro_1137.wav,3
hybrid_bio_antro_1138.wav,3
hybrid_bio_antro_1139.wav,3
hybrid_bio_antro_1140.wav,3
hybrid_bio_antro_1141.wav,3
hybrid_bio_antro_1142.wav,3
hybrid_bio_antro_1143.wav,3
hybrid_bio_antro_1144.wav,3
hybrid_bio_antro_1145.wav,3
hybrid_bio_antro_1146.wav,3
hybrid_bio_antro_1147.wav,3
hybrid_bio_antro_1148.wav,3
hybrid_bio_antro_1149.wav,3
hybrid_bio_antro_1150.wav,3
hybrid_bio_antro_1151.wav,3
hybrid_bio_antro_1152.wav,3
hybrid_bio_antro_1153.wav,3
hybrid_bio_antro_1154.wav,3
hybrid_bio_antro_1155.wav,3
hybrid_bio_antro_1156.wav,3
hybrid_bio_antro_1157.wav,3
hybrid_bio_antro_1158.wav,3
hybrid_bio_antro_1159.wav,3
hybrid_bio_antro_1160.wav,3
hybrid_bio_antro_1161.wav,3
hybrid_bio_antro_1162.wav,3
hybrid_bio_antro_1163.wav,3
hybrid_bio_antro_1164.wav,3
hybrid_bio_antro_1165.wav,3
hybrid_bio_antro_1166.wav,3
hybrid_bio_antro_1167.wav,3
hybrid_bio_antro_1168.wav,3
hybrid_bio_antro_1169.wav,3
hybrid_bio_antro_1170.wav,3
hybrid_bio_antro_1171.wav,3
hybrid_bio_antro_1172.wav,3
hybrid_bio_antro_1173.wav,3
hybrid_bio_antro_1174.wav,3
hybrid_bio_antro_1175.wav,3
hybrid_bio_antro_1176.wav,3
hybrid_bio_antro_1177.wav,3
hybrid_bio_antro_1178.wav,3
hybrid_bio_antro_1179.wav,3
hybrid_bio_antro_1180.wav,3
hybrid_bio_antro_1181.wav,3
hybrid_bio_antro_1182.wav,3
hybrid_bio_antro_1183.wav,3
hybrid_bio_antro_1184.wav,3
hybrid_bio_antro_1185.wav,3
hybrid_bio_antro_1186.wav,3
hybrid_bio_antro_1187.wav,3
hybrid_bio_antro_1188.wav,3
hybrid_bio_antro_1189.wav,3
hybrid_bio_antro_1190.wav,3
hybrid_bio_antro_1191.wav,3
hybrid_bio_antro_1192.wav,3
hybrid_bio_antro_1193.wav,3
hybrid_bio_antro_1194.wav,3
hybrid_bio_antro_1195.wav,3
hybrid_bio_antro_1196.wav,3
hybrid_bio_antro_1197.wav,3
hybrid_bio_antro_1198.wav,3
hybrid_bio_antro_1199.wav,3
hybrid_bio_antro_1200.wav,3
hybrid_bio_antro_1201.wav,3
hybrid_bio_antro_1202.wav,3
hybrid_bio_antro_1203.wav,3
hybrid_bio_antro_1204.wav,3
hybrid_bio_antro_1205.wav,3
hybrid_bio_antro_1206.wav,3
hybrid_bio_antro_1207.wav,3
hybrid_bio_antro_1208.wav,3
hybrid_bio_antro_1209.wav,3
hybrid_bio_antro_1210.wav,3
hybrid_bio_antro_1211.wav,3
hybrid_bio_antro_1212.wav,3
hybrid_bio_antro_1213.wav,3
hybrid_bio_antro_1214.wav,3
hybrid_bio_antro_1215.wav,3
hybrid_bio_antro_1216.wav,3
hybrid_bio_antro_1217.wav,3
hybrid_bio_antro_1218.wav,3
hybrid_bio_antro_1219.wav,3
hybrid_bio_antro_1220.wav,3
hybrid_bio_antro_1221.wav,3
hybrid_bio_antro_1222.wav,3
hybrid_bio_antro_1223.wav,3
hybrid_bio_antro_1224.wav,3
hybrid_bio_antro_1225.wav,3
hybrid_bio_antro_1226.wav,3
hybrid_bio_antro_1227.wav,3
hybrid_bio_antro_1228.wav,3
hybrid_bio_antro_1229.wav,3
hybrid_bio_antro_1230.wav,3
hybrid_bio_antro_1231.wav,3
hybrid_bio_antro_1232.wav,3
hybrid_bio_antro_1233.wav,3
hybrid_bio_antro_1234.wav,3
hybrid_bio_antro_1235.wav,3
hybrid_bio_antro_1236.wav,3
hybrid_bio_antro_1237.wav,3
hybrid_bio_antro_1238.wav,3
hybrid_bio_antro_1239.wav,3
hybrid_bio_antro_1240.wav,3
hybrid_bio_antro_1241.wav,3
hybrid_bio_antro_1242.wav,3
hybrid_bio_antro_1243.wav,3
hybrid_bio_antro_1244.wav,3
hybrid_bio_antro_1245.wav,3
hybrid_bio_antro_1246.wav,3
hybrid_bio_antro_1247.wav,3
hybrid_bio_antro_1248.wav,3
hybrid_bio_antro_1249.wav,3
hybrid_bio_antro_1250.wav,3
hybrid_bio_antro_1251.wav,3
hybrid_bio_antro_1252.wav,3
hybrid_bio_antro_1253.wav,3
hybrid_bio_antro_1254.wav,3
hybrid_bio_antro_1255.wav,3
hybrid_bio_antro_1256.wav,3
hybrid_bio_antro_1257.wav,3
hybrid_bio_antro_1258.wav,3
hybrid_bio_antro_1259.wav,3
hybrid_bio_antro_1260.wav,3
hybrid_bio_antro_1261.wav,3
hybrid_bio_antro_1262.wav,3
hybrid_bio_antro_1263.wav,3
hybrid_bio_antro_1264.wav,3
hybrid_bio_antro_1265.wav,3
hybrid_bio_antro_1266.wav,3
hybrid_bio_antro_1267.wav,3
hybrid_bio_antro_1268.wav,3
hybrid_bio_antro_1269.wav,3
hybrid_bio_antro_1270.wav,3
hybrid_bio_antro_1271.wav,3
hybrid_bio_antro_1272.wav,3
hybrid_bio_antro_1273.wav,3
hybrid_bio_antro_1274.wav,3
hybrid_bio_antro_1275.wav,3
hybrid_bio_antro_1276.wav,3
hybrid_bio_antro_1277.wav,3
hybrid_bio_antro_1278.wav,3
hybrid_bio_antro_1279.wav,3
hybrid_bio_antro_1280.wav,3
hybrid_bio_antro_1281.wav,3
hybrid_bio_antro_1282.wav,3
hybrid_bio_antro_1283.wav,3
hybrid_bio_antro_1284.wav,3
hybrid_bio_antro_1285.wav,3
hybrid_bio_antro_1286.wav,3
hybrid_bio_antro_1287.wav,3
hybrid_bio_antro_1288.wav,3
hybrid_bio_antro_1289.wav,3
hybrid_bio_antro_1290.wav,3
hybrid_bio_antro_1291.wav,3
hybrid_bio_antro_1292.wav,3
hybrid_bio_antro_1293.wav,3
hybrid_bio_antro_1294.wav,3
hybrid_bio_antro_1295.wav,3
hybrid_bio_antro_1296.wav,3
hybrid_bio_antro_1297.wav,3
hybrid_bio_antro_1298.wav,3
hybrid_bio_antro_1299.wav,3
hybrid_bio_antro_1300.wav,3
hybrid_bio_antro_1301.wav,3
hybrid_bio_antro_1302.wav,3
hybrid_bio_antro_1303.wav,3
hybrid_bio_antro_1304.wav,3
hybrid_bio_antro_1305.wav,3
hybrid_bio_antro_1306.wav,3
hybrid_bio_antro_1307.wav,3
hybrid_bio_antro_1308.wav,3
hybrid_bio_antro_1309.wav,3
hybrid_bio_antro_1310.wav,3
hybrid_bio_antro_1311.wav,3
hybrid_bio_antro_1312.wav,3
hybrid_bio_antro_1313.wav,3
hybrid_bio_antro_1314.wav,3
hybrid_bio_antro_1315.wav,3
hybrid_bio_antro_1316.wav,3
hybrid_bio_antro_1317.wav,3
hybrid_bio_antro_1318.wav,3
hybrid_bio_antro_1319.wav,3
hybrid_bio_antro_1320.wav,3
hybrid_bio_antro_1321.wav,3
hybrid_bio_antro_1322.wav,3
hybrid_bio_antro_1323.wav,3
hybrid_bio_antro_1324.wav,3
hybrid_bio_antro_1325.wav,3
hybrid_bio_antro_1326.wav,3
hybrid_bio_antro_1327.wav,3
hybrid_bio_antro_1328.wav,3
hybrid_bio_antro_1329.wav,3
hybrid_bio_antro_1330.wav,3
hybrid_bio_antro_1331.wav,3
hybrid_bio_antro_1332.wav,3
hybrid_bio_antro_1333.wav,3
hybrid_bio_antro_1334.wav,3
hybrid_bio_antro_1335.wav,3
hybrid_bio_antro_1336.wav,3
hybrid_bio_antro_1337.wav,3
hybrid_bio_antro_1338.wav,3
hybrid_bio_antro_1339.wav,3
hybrid_bio_antro_1340.wav,3
hybrid_bio_antro_1341.wav,3
hybrid_bio_antro_1342.wav,3
hybrid_bio_antro_1343.wav,3
hybrid_bio_antro_1344.wav,3
hybrid_bio_antro_1345.wav,3
hybrid_bio_antro_1346.wav,3
hybrid_bio_antro_1347.wav,3
hybrid_bio_antro_1348.wav,3
hybrid_bio_antro_1349.wav,3
hybrid_bio_antro_1350.wav,3
hybrid_bio_antro_1351.wav,3
hybrid_bio_antro_1352.wav,3
hybrid_bio_antro_1353.wav,3
hybrid_bio_antro_1354.wav,3
hybrid_bio_antro_1355.wav,3
hybrid_bio_antro_1356.wav,3
hybrid_bio_antro_1357.wav,3
hybrid_bio_antro_1358.wav,3
hybrid_bio_antro_1359.wav,3
hybrid_bio_antro_1360.wav,3
hybrid_bio_antro_1361.wav,3
hybrid_bio_antro_1362.wav,3
hybrid_bio_antro_1363.wav,3
hybrid_bio_antro_1364.wav,3
hybrid_bio_antro_1365.wav,3
hybrid_bio_antro_1366.wav,3
hybrid_bio_antro_1367.wav,3
hybrid_bio_antro_1368.wav,3
hybrid_bio_antro_1369.wav,3
hybrid_bio_antro_1370.wav,3
hybrid_bio_antro_1371.wav,3
hybrid_bio_antro_1372.wav,3
hybrid_bio_antro_1373.wav,3
hybrid_bio_antro_1374.wav,3
hybrid_bio_antro_1375.wav,3
hybrid_bio_antro_1376.wav,3
hybrid_bio_antro_1377.wav,3
hybrid_bio_antro_1378.wav,3
hybrid_bio_antro_1379.wav,3
hybrid_bio_antro_1380.wav,3
hybrid_bio_antro_1381.wav,3
hybrid_bio_antro_1382.wav,3
hybrid_bio_antro_1383.wav,3
hybrid_bio_antro_1384.wav,3
hybrid_bio_antro_1385.wav,3
hybrid_bio_antro_1386.wav,3
hybrid_bio_antro_1387.wav,3
hybrid_bio_antro_1388.wav,3
hybrid_bio_antro_1389.wav,3
hybrid_bio_antro_1390.wav,3
hybrid_bio_antro_1391.wav,3
hybrid_bio_antro_1392.wav,3
hybrid_bio_antro_1393.wav,3
hybrid_bio_antro_1394.wav,3
hybrid_bio_antro_1395.wav,3
hybrid_bio_antro_1396.wav,3
hybrid_bio_antro_1397.wav,3
hybrid_bio_antro_1398.wav,3
hybrid_bio_antro_1399.wav,3
hybrid_bio_antro_1400.wav,3
hybrid_bio_antro_1401.wav,3
hybrid_bio_antro_1402.wav,3
hybrid_bio_antro_1403.wav,3
hybrid_bio_antro_1404.wav,3
hybrid_bio_antro_1405.wav,3
hybrid_bio_antro_1406.wav,3
hybrid_bio_antro_1407.wav,3
hybrid_bio_antro_1408.wav,3
hybrid_bio_antro_1409.wav,3
hybrid_bio_antro_1410.wav,3
hybrid_bio_antro_1411.wav,3
hybrid_bio_antro_1412.wav,3
hybrid_bio_antro_1413.wav,3
hybrid_bio_antro_1414.wav,3
hybrid_bio_antro_1415.wav,3
hybrid_bio_antro_1416.wav,3
hybrid_bio_antro_1417.wav,3
hybrid_bio_antro_1418.wav,3
hybrid_bio_antro_1419.wav,3
hybrid_bio_antro_1420.wav,3
hybrid_bio_antro_1421.wav,3
hybrid_bio_antro_1422.wav,3
hybrid_bio_antro_1423.wav,3
hybrid_bio_antro_1424.wav,3
hybrid_bio_antro_1425.wav,3
hybrid_bio_antro_1426.wav,3
hybrid_bio_antro_1427.wav,3
hybrid_bio_antro_1428.wav,3
hybrid_bio_antro_1429.wav,3
hybrid_bio_antro_1430.wav,3
hybrid_bio_antro_1431.wav,3
hybrid_bio_antro_1432.wav,3
hybrid_bio_antro_1433.wav,3
hybrid_bio_antro_1434.wav,3
hybrid_bio_antro_1435.wav,3
hybrid_bio_antro_1436.wav,3
hybrid_bio_antro_1437.wav,3
hybrid_bio_antro_1438.wav,3
hybrid_bio_antro_1439.wav,3
hybrid_bio_antro_1440.wav,3
hybrid_bio_antro_1441.wav,3
hybrid_bio_antro_1442.wav,3
hybrid_bio_antro_1443.wav,3
hybrid_bio_antro_1444.wav,3
hybrid_bio_antro_1445.wav,3
hybrid_bio_antro_1446.wav,3
hybrid_bio_antro_1447.wav,3
hybrid_bio_antro_1448.wav,3
hybrid_bio_antro_1449.wav,3
hybrid_bio_antro_1450.wav,3
hybrid_bio_antro_1451.wav,3
hybrid_bio_antro_1452.wav,3
hybrid_bio_antro_1453.wav,3
hybrid_bio_antro_1454.wav,3
hybrid_bio_antro_1455.wav,3
hybrid_bio_antro_1456.wav,3
hybrid_bio_antro_1457.wav,3
hybrid_bio_antro_1458.wav,3
hybrid_bio_antro_1459.wav,3
hybrid_bio_antro_1460.wav,3
hybrid_bio_antro_1461.wav,3
hybrid_bio_antro_1462.wav,3
hybrid_bio_antro_1463.wav,3
hybrid_bio_antro_1464.wav,3
hybrid_bio_antro_1465.wav,3
hybrid_bio_antro_1466.wav,3
hybrid_bio_antro_1467.wav,3
hybrid_bio_antro_1468.wav,3
hybrid_bio_antro_1469.wav,3
hybrid_bio_antro_1470.wav,3
hybrid_bio_antro_1471.wav,3
hybrid_bio_antro_1472.wav,3
hybrid_bio_antro_1473.wav,3
hybrid_bio_antro_1474.wav,3
hybrid_bio_antro_1475.wav,3
hybrid_bio_antro_1476.wav,3
hybrid_bio_antro_1477.wav,3
hybrid_bio_antro_1478.wav,3
hybrid_bio_antro_1479.wav,3
hybrid_bio_antro_1480.wav,3
hybrid_bio_antro_1481.wav,3
hybrid_bio_antro_1482.wav,3
hybrid_bio_antro_1483.wav,3
hybrid_bio_antro_1484.wav,3
hybrid_bio_antro_1485.wav,3
hybrid_bio_antro_1486.wav,3
hybrid_bio_antro_1487.wav,3
hybrid_bio_antro_1488.wav,3
hybrid_bio_antro_1489.wav,3
hybrid_bio_antro_1490.wav,3
hybrid_bio_antro_1491.wav,3
hybrid_bio_antro_1492.wav,3
hybrid_bio_antro_1493.wav,3
hybrid_bio_antro_1494.wav,3
hybrid_bio_antro_1495.wav,3
hybrid_bio_antro_1496.wav,3
hybrid_bio_antro_1497.wav,3
hybrid_bio_antro_1498.wav,3
hybrid_bio_antro_1499.wav,3
hybrid_bio_antro_1500.wav,3
hybrid_bio_antro_1501.wav,3
hybrid_bio_antro_1502.wav,3
hybrid_bio_antro_1503.wav,3
hybrid_bio_antro_1504.wav,3
hybrid_bio_antro_1505.wav,3
hybrid_bio_antro_1506.wav,3
hybrid_bio_antro_1507.wav,3
hybrid_bio_antro_1508.wav,3
hybrid_bio_antro_1509.wav,3
hybrid_bio_antro_1510.wav,3
hybrid_bio_antro_1511.wav,3
hybrid_bio_antro_1512.wav,3
hybrid_bio_antro_1513.wav,3
hybrid_bio_antro_1514.wav,3
hybrid_bio_antro_1515.wav,3
hybrid_bio_antro_1516.wav,3
hybrid_bio_antro_1517.wav,3
hybrid_bio_antro_1518.wav,3
hybrid_bio_antro_1519.wav,3
hybrid_bio_antro_1520.wav,3
hybrid_bio_antro_1521.wav,3
hybrid_bio_antro_1522.wav,3
hybrid_bio_antro_1523.wav,3
hybrid_bio_antro_1524.wav,3
hybrid_bio_antro_1525.wav,3
hybrid_bio_antro_1526.wav,3
hybrid_bio_antro_1527.wav,3
hybrid_bio_antro_1528.wav,3
hybrid_bio_antro_1529.wav,3
hybrid_bio_antro_1530.wav,3
hybrid_bio_antro_1531.wav,3
hybrid_bio_antro_1532.wav,3
hybrid_bio_antro_1533.wav,3
hybrid_bio_antro_1534.wav,3
hybrid_bio_antro_1535.wav,3
hybrid_bio_antro_1536.wav,3
hybrid_bio_antro_1537.wav,3
hybrid_bio_antro_1538.wav,3
hybrid_bio_antro_1539.wav,3
hybrid_bio_antro_1540.wav,3
hybrid_bio_antro_1541.wav,3
hybrid_bio_antro_1542.wav,3
hybrid_bio_antro_1543.wav,3
hybrid_bio_antro_1544.wav,3
hybrid_bio_antro_1545.wav,3
hybrid_bio_antro_1546.wav,3
hybrid_bio_antro_1547.wav,3
hybrid_bio_antro_1548.wav,3
hybrid_bio_antro_1549.wav,3
hybrid_bio_antro_1550.wav,3
hybrid_bio_antro_1551.wav,3
hybrid_bio_antro_1552.wav,3
hybrid_bio_antro_1553.wav,3
hybrid_bio_antro_1554.wav,3
hybrid_bio_antro_1555.wav,3
hybrid_bio_antro_1556.wav,3
hybrid_bio_antro_1557.wav,3
hybrid_bio_antro_1558.wav,3
hybrid_bio_antro_1559.wav,3
hybrid_bio_antro_1560.wav,3
hybrid_bio_antro_1561.wav,3
hybrid_bio_antro_1562.wav,3
hybrid_bio_antro_1563.wav,3
hybrid_bio_antro_1564.wav,3
hybrid_bio_antro_1565.wav,3
hybrid_bio_antro_1566.wav,3
hybrid_bio_antro_1567.wav,3
hybrid_bio_antro_1568.wav,3
hybrid_bio_antro_1569.wav,3
hybrid_bio_antro_1570.wav,3
hybrid_bio_antro_1571.wav,3
hybrid_bio_antro_1572.wav,3
hybrid_bio_antro_1573.wav,3
hybrid_bio_antro_1574.wav,3
hybrid_bio_antro_1575.wav,3
hybrid_bio_antro_1576.wav,3
hybrid_bio_antro_1577.wav,3
hybrid_bio_antro_1578.wav,3
hybrid_bio_antro_1579.wav,3
hybrid_bio_antro_1580.wav,3
hybrid_bio_antro_1581.wav,3
hybrid_bio_antro_1582.wav,3
hybrid_bio_antro_1583.wav,3
hybrid_bio_antro_1584.wav,3
hybrid_bio_antro_1585.wav,3
hybrid_bio_antro_1586.wav,3
hybrid_bio_antro_1587.wav,3
hybrid_bio_antro_1588.wav,3
hybrid_bio_antro_1589.wav,3
hybrid_bio_antro_1590.wav,3
hybrid_bio_antro_1591.wav,3
hybrid_bio_antro_1592.wav,3
hybrid_bio_antro_1593.wav,3
hybrid_bio_antro_1594.wav,3
hybrid_bio_antro_1595.wav,3
hybrid_bio_antro_1596.wav,3
hybrid_bio_antro_1597.wav,3
hybrid_bio_antro_1598.wav,3
hybrid_bio_antro_1599.wav,3
hybrid_bio_antro_1600.wav,3
hybrid_bio_antro_1601.wav,3
hybrid_bio_antro_1602.wav,3
hybrid_bio_antro_1603.wav,3
hybrid_bio_antro_1604.wav,3
hybrid_bio_antro_1605.wav,3
hybrid_bio_antro_1606.wav,3
hybrid_bio_antro_1607.wav,3
hybrid_bio_antro_1608.wav,3
hybrid_bio_antro_1609.wav,3
hybrid_bio_antro_1610.wav,3
hybrid_bio_antro_1611.wav,3
hybrid_bio_antro_1612.wav,3
hybrid_bio_antro_1613.wav,3
hybrid_bio_antro_1614.wav,3
hybrid_bio_antro_1615.wav,3
hybrid_bio_antro_1616.wav,3
hybrid_bio_antro_1617.wav,3
hybrid_bio_antro_1618.wav,3
hybrid_bio_antro_1619.wav,3
hybrid_bio_antro_1620.wav,3
hybrid_bio_antro_1621.wav,3
hybrid_bio_antro_1622.wav,3
hybrid_bio_antro_1623.wav,3
hybrid_bio_antro_1624.wav,3
hybrid_bio_antro_1625.wav,3
hybrid_bio_antro_1626.wav,3
hybrid_bio_antro_1627.wav,3
hybrid_bio_antro_1628.wav,3
hybrid_bio_antro_1629.wav,3
hybrid_bio_antro_1630.wav,3
hybrid_bio_antro_1631.wav,3
hybrid_bio_antro_1632.wav,3
hybrid_bio_antro_1633.wav,3
hybrid_bio_antro_1634.wav,3
hybrid_bio_antro_1635.wav,3
hybrid_bio_antro_1636.wav,3
hybrid_bio_antro_1637.wav,3
hybrid_bio_antro_1638.wav,3
hybrid_bio_antro_1639.wav,3
hybrid_bio_antro_1640.wav,3
hybrid_bio_antro_1641.wav,3
hybrid_bio_antro_1642.wav,3
hybrid_bio_antro_1643.wav,3
hybrid_bio_antro_1644.wav,3
hybrid_bio_antro_1645.wav,3
hybrid_bio_antro_1646.wav,3
hybrid_bio_antro_1647.wav,3
hybrid_bio_antro_1648.wav,3
hybrid_bio_antro_1649.wav,3
hybrid_bio_antro_1650.wav,3
hybrid_bio_antro_1651.wav,3
hybrid_bio_antro_1652.wav,3
hybrid_bio_antro_1653.wav,3
hybrid_bio_antro_1654.wav,3
hybrid_bio_antro_1655.wav,3
hybrid_bio_antro_1656.wav,3
hybrid_bio_antro_1657.wav,3
hybrid_bio_antro_1658.wav,3
hybrid_bio_antro_1659.wav,3
hybrid_bio_antro_1660.wav,3
hybrid_bio_antro_1661.wav,3
hybrid_bio_antro_1662.wav,3
hybrid_bio_antro_1663.wav,3
hybrid_bio_antro_1664.wav,3
hybrid_bio_antro_1665.wav,3
hybrid_bio_antro_1666.wav,3
hybrid_bio_geo_0000.wav,4
hybrid_bio_geo_0001.wav,4
hybrid_bio_geo_0002.wav,4
hybrid_bio_geo_0003.wav,4
hybrid_bio_geo_0004.wav,4
hybrid_bio_geo_0005.wav,4
hybrid_bio_geo_0006.wav,4
hybrid_bio_geo_0007.wav,4
hybrid_bio_geo_0008.wav,4
hybrid_bio_geo_0009.wav,4
hybrid_bio_geo_0010.wav,4
hybrid_bio_geo_0011.wav,4
hybrid_bio_geo_0012.wav,4
hybrid_bio_geo_0013.wav,4
hybrid_bio_geo_0014.wav,4
hybrid_bio_geo_0015.wav,4
hybrid_bio_geo_0016.wav,4
hybrid_bio_geo_0017.wav,4
hybrid_bio_geo_0018.wav,4
hybrid_bio_geo_0019.wav,4
hybrid_bio_geo_0020.wav,4
hybrid_bio_geo_0021.wav,4
hybrid_bio_geo_0022.wav,4
hybrid_bio_geo_0023.wav,4
hybrid_bio_geo_0024.wav,4
hybrid_bio_geo_0025.wav,4
hybrid_bio_geo_0026.wav,4
hybrid_bio_geo_0027.wav,4
hybrid_bio_geo_0028.wav,4
hybrid_bio_geo_0029.wav,4
hybrid_bio_geo_0030.wav,4
hybrid_bio_geo_0031.wav,4
hybrid_bio_geo_0032.wav,4
hybrid_bio_geo_0033.wav,4
hybrid_bio_geo_0034.wav,4
hybrid_bio_geo_0035.wav,4
hybrid_bio_geo_0036.wav,4
hybrid_bio_geo_0037.wav,4
hybrid_bio_geo_0038.wav,4
hybrid_bio_geo_0039.wav,4
hybrid_bio_geo_0040.wav,4
hybrid_bio_geo_0041.wav,4
hybrid_bio_geo_0042.wav,4
hybrid_bio_geo_0043.wav,4
hybrid_bio_geo_0044.wav,4
hybrid_bio_geo_0045.wav,4
hybrid_bio_geo_0046.wav,4
hybrid_bio_geo_0047.wav,4
hybrid_bio_geo_0048.wav,4
hybrid_bio_geo_0049.wav,4
hybrid_bio_geo_0050.wav,4
hybrid_bio_geo_0051.wav,4
hybrid_bio_geo_0052.wav,4
hybrid_bio_geo_0053.wav,4
hybrid_bio_geo_0054.wav,4
hybrid_bio_geo_0055.wav,4
hybrid_bio_geo_0056.wav,4
hybrid_bio_geo_0057.wav,4
hybrid_bio_geo_0058.wav,4
hybrid_bio_geo_0059.wav,4
hybrid_bio_geo_0060.wav,4
hybrid_bio_geo_0061.wav,4
hybrid_bio_geo_0062.wav,4
hybrid_bio_geo_0063.wav,4
hybrid_bio_geo_0064.wav,4
hybrid_bio_geo_0065.wav,4
hybrid_bio_geo_0066.wav,4
hybrid_bio_geo_0067.wav,4
hybrid_bio_geo_0068.wav,4
hybrid_bio_geo_0069.wav,4
hybrid_bio_geo_0070.wav,4
hybrid_bio_geo_0071.wav,4
hybrid_bio_geo_0072.wav,4
hybrid_bio_geo_0073.wav,4
hybrid_bio_geo_0074.wav,4
hybrid_bio_geo_0075.wav,4
hybrid_bio_geo_0076.wav,4
hybrid_bio_geo_0077.wav,4
hybrid_bio_geo_0078.wav,4
hybrid_bio_geo_0079.wav,4
hybrid_bio_geo_0080.wav,4
hybrid_bio_geo_0081.wav,4
hybrid_bio_geo_0082.wav,4
hybrid_bio_geo_0083.wav,4
hybrid_bio_geo_0084.wav,4
hybrid_bio_geo_0085.wav,4
hybrid_bio_geo_0086.wav,4
hybrid_bio_geo_0087.wav,4
hybrid_bio_geo_0088.wav,4
hybrid_bio_geo_0089.wav,4
hybrid_bio_geo_0090.wav,4
hybrid_bio_geo_0091.wav,4
hybrid_bio_geo_0092.wav,4
hybrid_bio_geo_0093.wav,4
hybrid_bio_geo_0094.wav,4
hybrid_bio_geo_0095.wav,4
hybrid_bio_geo_0096.wav,4
hybrid_bio_geo_0097.wav,4
hybrid_bio_geo_0098.wav,4
hybrid_bio_geo_0099.wav,4
hybrid_bio_geo_0100.wav,4
hybrid_bio_geo_0101.wav,4
hybrid_bio_geo_0102.wav,4
hybrid_bio_geo_0103.wav,4
hybrid_bio_geo_0104.wav,4
hybrid_bio_geo_0105.wav,4
hybrid_bio_geo_0106.wav,4
hybrid_bio_geo_0107.wav,4
hybrid_bio_geo_0108.wav,4
hybrid_bio_geo_0109.wav,4
hybrid_bio_geo_0110.wav,4
hybrid_bio_geo_0111.wav,4
hybrid_bio_geo_0112.wav,4
hybrid_bio_geo_0113.wav,4
hybrid_bio_geo_0114.wav,4
hybrid_bio_geo_0115.wav,4
hybrid_bio_geo_0116.wav,4
hybrid_bio_geo_0117.wav,4
hybrid_bio_geo_0118.wav,4
hybrid_bio_geo_0119.wav,4
hybrid_bio_geo_0120.wav,4
hybrid_bio_geo_0121.wav,4
hybrid_bio_geo_0122.wav,4
hybrid_bio_geo_0123.wav,4
hybrid_bio_geo_0124.wav,4
hybrid_bio_geo_0125.wav,4
hybrid_bio_geo_0126.wav,4
hybrid_bio_geo_0127.wav,4
hybrid_bio_geo_0128.wav,4
hybrid_bio_geo_0129.wav,4
hybrid_bio_geo_0130.wav,4
hybrid_bio_geo_0131.wav,4
hybrid_bio_geo_0132.wav,4
hybrid_bio_geo_0133.wav,4
hybrid_bio_geo_0134.wav,4
hybrid_bio_geo_0135.wav,4
hybrid_bio_geo_0136.wav,4
hybrid_bio_geo_0137.wav,4
hybrid_bio_geo_0138.wav,4
hybrid_bio_geo_0139.wav,4
hybrid_bio_geo_0140.wav,4
hybrid_bio_geo_0141.wav,4
hybrid_bio_geo_0142.wav,4
hybrid_bio_geo_0143.wav,4
hybrid_bio_geo_0144.wav,4
hybrid_bio_geo_0145.wav,4
hybrid_bio_geo_0146.wav,4
hybrid_bio_geo_0147.wav,4
hybrid_bio_geo_0148.wav,4
hybrid_bio_geo_0149.wav,4
hybrid_bio_geo_0150.wav,4
hybrid_bio_geo_0151.wav,4
hybrid_bio_geo_0152.wav,4
hybrid_bio_geo_0153.wav,4
hybrid_bio_geo_0154.wav,4
hybrid_bio_geo_0155.wav,4
hybrid_bio_geo_0156.wav,4
hybrid_bio_geo_0157.wav,4
hybrid_bio_geo_0158.wav,4
hybrid_bio_geo_0159.wav,4
hybrid_bio_geo_0160.wav,4
hybrid_bio_geo_0161.wav,4
hybrid_bio_geo_0162.wav,4
hybrid_bio_geo_0163.wav,4
hybrid_bio_geo_0164.wav,4
hybrid_bio_geo_0165.wav,4
hybrid_bio_geo_0166.wav,4
hybrid_bio_geo_0167.wav,4
hybrid_bio_geo_0168.wav,4
hybrid_bio_geo_0169.wav,4
hybrid_bio_geo_0170.wav,4
hybrid_bio_geo_0171.wav,4
hybrid_bio_geo_0172.wav,4
hybrid_bio_geo_0173.wav,4
hybrid_bio_geo_0174.wav,4
hybrid_bio_geo_0175.wav,4
hybrid_bio_geo_0176.wav,4
hybrid_bio_geo_0177.wav,4
hybrid_bio_geo_0178.wav,4
hybrid_bio_geo_0179.wav,4
hybrid_bio_geo_0180.wav,4
hybrid_bio_geo_0181.wav,4
hybrid_bio_geo_0182.wav,4
hybrid_bio_geo_0183.wav,4
hybrid_bio_geo_0184.wav,4
hybrid_bio_geo_0185.wav,4
hybrid_bio_geo_0186.wav,4
hybrid_bio_geo_0187.wav,4
hybrid_bio_geo_0188.wav,4
hybrid_bio_geo_0189.wav,4
hybrid_bio_geo_0190.wav,4
hybrid_bio_geo_0191.wav,4
hybrid_bio_geo_0192.wav,4
hybrid_bio_geo_0193.wav,4
hybrid_bio_geo_0194.wav,4
hybrid_bio_geo_0195.wav,4
hybrid_bio_geo_0196.wav,4
hybrid_bio_geo_0197.wav,4
hybrid_bio_geo_0198.wav,4
hybrid_bio_geo_0199.wav,4
hybrid_bio_geo_0200.wav,4
hybrid_bio_geo_0201.wav,4
hybrid_bio_geo_0202.wav,4
hybrid_bio_geo_0203.wav,4
hybrid_bio_geo_0204.wav,4
hybrid_bio_geo_0205.wav,4
hybrid_bio_geo_0206.wav,4
hybrid_bio_geo_0207.wav,4
hybrid_bio_geo_0208.wav,4
hybrid_bio_geo_0209.wav,4
hybrid_bio_geo_0210.wav,4
hybrid_bio_geo_0211.wav,4
hybrid_bio_geo_0212.wav,4
hybrid_bio_geo_0213.wav,4
hybrid_bio_geo_0214.wav,4
hybrid_bio_geo_0215.wav,4
hybrid_bio_geo_0216.wav,4
hybrid_bio_geo_0217.wav,4
hybrid_bio_geo_0218.wav,4
hybrid_bio_geo_0219.wav,4
hybrid_bio_geo_0220.wav,4
hybrid_bio_geo_0221.wav,4
hybrid_bio_geo_0222.wav,4
hybrid_bio_geo_0223.wav,4
hybrid_bio_geo_0224.wav,4
hybrid_bio_geo_0225.wav,4
hybrid_bio_geo_0226.wav,4
hybrid_bio_geo_0227.wav,4
hybrid_bio_geo_0228.wav,4
hybrid_bio_geo_0229.wav,4
hybrid_bio_geo_0230.wav,4
hybrid_bio_geo_0231.wav,4
hybrid_bio_geo_0232.wav,4
hybrid_bio_geo_0233.wav,4
hybrid_bio_geo_0234.wav,4
hybrid_bio_geo_0235.wav,4
hybrid_bio_geo_0236.wav,4
hybrid_bio_geo_0237.wav,4
hybrid_bio_geo_0238.wav,4
hybrid_bio_geo_0239.wav,4
hybrid_bio_geo_0240.wav,4
hybrid_bio_geo_0241.wav,4
hybrid_bio_geo_0242.wav,4
hybrid_bio_geo_0243.wav,4
hybrid_bio_geo_0244.wav,4
hybrid_bio_geo_0245.wav,4
hybrid_bio_geo_0246.wav,4
hybrid_bio_geo_0247.wav,4
hybrid_bio_geo_0248.wav,4
hybrid_bio_geo_0249.wav,4
hybrid_bio_geo_0250.wav,4
hybrid_bio_geo_0251.wav,4
hybrid_bio_geo_0252.wav,4
hybrid_bio_geo_0253.wav,4
hybrid_bio_geo_0254.wav,4
hybrid_bio_geo_0255.wav,4
hybrid_bio_geo_0256.wav,4
hybrid_bio_geo_0257.wav,4
hybrid_bio_geo_0258.wav,4
hybrid_bio_geo_0259.wav,4
hybrid_bio_geo_0260.wav,4
hybrid_bio_geo_0261.wav,4
hybrid_bio_geo_0262.wav,4
hybrid_bio_geo_0263.wav,4
hybrid_bio_geo_0264.wav,4
hybrid_bio_geo_0265.wav,4
hybrid_bio_geo_0266.wav,4
hybrid_bio_geo_0267.wav,4
hybrid_bio_geo_0268.wav,4
hybrid_bio_geo_0269.wav,4
hybrid_bio_geo_0270.wav,4
hybrid_bio_geo_0271.wav,4
hybrid_bio_geo_0272.wav,4
hybrid_bio_geo_0273.wav,4
hybrid_bio_geo_0274.wav,4
hybrid_bio_geo_0275.wav,4
hybrid_bio_geo_0276.wav,4
hybrid_bio_geo_0277.wav,4
hybrid_bio_geo_0278.wav,4
hybrid_bio_geo_0279.wav,4
hybrid_bio_geo_0280.wav,4
hybrid_bio_geo_0281.wav,4
hybrid_bio_geo_0282.wav,4
hybrid_bio_geo_0283.wav,4
hybrid_bio_geo_0284.wav,4
hybrid_bio_geo_0285.wav,4
hybrid_bio_geo_0286.wav,4
hybrid_bio_geo_0287.wav,4
hybrid_bio_geo_0288.wav,4
hybrid_bio_geo_0289.wav,4
hybrid_bio_geo_0290.wav,4
hybrid_bio_geo_0291.wav,4
hybrid_bio_geo_0292.wav,4
hybrid_bio_geo_0293.wav,4
hybrid_bio_geo_0294.wav,4
hybrid_bio_geo_0295.wav,4
hybrid_bio_geo_0296.wav,4
hybrid_bio_geo_0297.wav,4
hybrid_bio_geo_0298.wav,4
hybrid_bio_geo_0299.wav,4
hybrid_bio_geo_0300.wav,4
hybrid_bio_geo_0301.wav,4
hybrid_bio_geo_0302.wav,4
hybrid_bio_geo_0303.wav,4
hybrid_bio_geo_0304.wav,4
hybrid_bio_geo_0305.wav,4
hybrid_bio_geo_0306.wav,4
hybrid_bio_geo_0307.wav,4
hybrid_bio_geo_0308.wav,4
hybrid_bio_geo_0309.wav,4
hybrid_bio_geo_0310.wav,4
hybrid_bio_geo_0311.wav,4
hybrid_bio_geo_0312.wav,4
hybrid_bio_geo_0313.wav,4
hybrid_bio_geo_0314.wav,4
hybrid_bio_geo_0315.wav,4
hybrid_bio_geo_0316.wav,4
hybrid_bio_geo_0317.wav,4
hybrid_bio_geo_0318.wav,4
hybrid_bio_geo_0319.wav,4
hybrid_bio_geo_0320.wav,4
hybrid_bio_geo_0321.wav,4
hybrid_bio_geo_0322.wav,4
hybrid_bio_geo_0323.wav,4
hybrid_bio_geo_0324.wav,4
hybrid_bio_geo_0325.wav,4
hybrid_bio_geo_0326.wav,4
hybrid_bio_geo_0327.wav,4
hybrid_bio_geo_0328.wav,4
hybrid_bio_geo_0329.wav,4
hybrid_bio_geo_0330.wav,4
hybrid_bio_geo_0331.wav,4
hybrid_bio_geo_0332.wav,4
hybrid_bio_geo_0333.wav,4
hybrid_bio_geo_0334.wav,4
hybrid_bio_geo_0335.wav,4
hybrid_bio_geo_0336.wav,4
hybrid_bio_geo_0337.wav,4
hybrid_bio_geo_0338.wav,4
hybrid_bio_geo_0339.wav,4
hybrid_bio_geo_0340.wav,4
hybrid_bio_geo_0341.wav,4
hybrid_bio_geo_0342.wav,4
hybrid_bio_geo_0343.wav,4
hybrid_bio_geo_0344.wav,4
hybrid_bio_geo_0345.wav,4
hybrid_bio_geo_0346.wav,4
hybrid_bio_geo_0347.wav,4
hybrid_bio_geo_0348.wav,4
hybrid_bio_geo_0349.wav,4
hybrid_bio_geo_0350.wav,4
hybrid_bio_geo_0351.wav,4
hybrid_bio_geo_0352.wav,4
hybrid_bio_geo_0353.wav,4
hybrid_bio_geo_0354.wav,4
hybrid_bio_geo_0355.wav,4
hybrid_bio_geo_0356.wav,4
hybrid_bio_geo_0357.wav,4
hybrid_bio_geo_0358.wav,4
hybrid_bio_geo_0359.wav,4
hybrid_bio_geo_0360.wav,4
hybrid_bio_geo_0361.wav,4
hybrid_bio_geo_0362.wav,4
hybrid_bio_geo_0363.wav,4
hybrid_bio_geo_0364.wav,4
hybrid_bio_geo_0365.wav,4
hybrid_bio_geo_0366.wav,4
hybrid_bio_geo_0367.wav,4
hybrid_bio_geo_0368.wav,4
hybrid_bio_geo_0369.wav,4
hybrid_bio_geo_0370.wav,4
hybrid_bio_geo_0371.wav,4
hybrid_bio_geo_0372.wav,4
hybrid_bio_geo_0373.wav,4
hybrid_bio_geo_0374.wav,4
hybrid_bio_geo_0375.wav,4
hybrid_bio_geo_0376.wav,4
hybrid_bio_geo_0377.wav,4
hybrid_bio_geo_0378.wav,4
hybrid_bio_geo_0379.wav,4
hybrid_bio_geo_0380.wav,4
hybrid_bio_geo_0381.wav,4
hybrid_bio_geo_0382.wav,4
hybrid_bio_geo_0383.wav,4
hybrid_bio_geo_0384.wav,4
hybrid_bio_geo_0385.wav,4
hybrid_bio_geo_0386.wav,4
hybrid_bio_geo_0387.wav,4
hybrid_bio_geo_0388.wav,4
hybrid_bio_geo_0389.wav,4
hybrid_bio_geo_0390.wav,4
hybrid_bio_geo_0391.wav,4
hybrid_bio_geo_0392.wav,4
hybrid_bio_geo_0393.wav,4
hybrid_bio_geo_0394.wav,4
hybrid_bio_geo_0395.wav,4
hybrid_bio_geo_0396.wav,4
hybrid_bio_geo_0397.wav,4
hybrid_bio_geo_0398.wav,4
hybrid_bio_geo_0399.wav,4
hybrid_bio_geo_0400.wav,4
hybrid_bio_geo_0401.wav,4
hybrid_bio_geo_0402.wav,4
hybrid_bio_geo_0403.wav,4
hybrid_bio_geo_0404.wav,4
hybrid_bio_geo_0405.wav,4
hybrid_bio_geo_0406.wav,4
hybrid_bio_geo_0407.wav,4
hybrid_bio_geo_0408.wav,4
hybrid_bio_geo_0409.wav,4
hybrid_bio_geo_0410.wav,4
hybrid_bio_geo_0411.wav,4
hybrid_bio_geo_0412.wav,4
hybrid_bio_geo_0413.wav,4
hybrid_bio_geo_0414.wav,4
hybrid_bio_geo_0415.wav,4
hybrid_bio_geo_0416.wav,4
hybrid_bio_geo_0417.wav,4
hybrid_bio_geo_0418.wav,4
hybrid_bio_geo_0419.wav,4
hybrid_bio_geo_0420.wav,4
hybrid_bio_geo_0421.wav,4
hybrid_bio_geo_0422.wav,4
hybrid_bio_geo_0423.wav,4
hybrid_bio_geo_0424.wav,4
hybrid_bio_geo_0425.wav,4
hybrid_bio_geo_0426.wav,4
hybrid_bio_geo_0427.wav,4
hybrid_bio_geo_0428.wav,4
hybrid_bio_geo_0429.wav,4
hybrid_bio_geo_0430.wav,4
hybrid_bio_geo_0431.wav,4
hybrid_bio_geo_0432.wav,4
hybrid_bio_geo_0433.wav,4
hybrid_bio_geo_0434.wav,4
hybrid_bio_geo_0435.wav,4
hybrid_bio_geo_0436.wav,4
hybrid_bio_geo_0437.wav,4
hybrid_bio_geo_0438.wav,4
hybrid_bio_geo_0439.wav,4
hybrid_bio_geo_0440.wav,4
hybrid_bio_geo_0441.wav,4
hybrid_bio_geo_0442.wav,4
hybrid_bio_geo_0443.wav,4
hybrid_bio_geo_0444.wav,4
hybrid_bio_geo_0445.wav,4
hybrid_bio_geo_0446.wav,4
hybrid_bio_geo_0447.wav,4
hybrid_bio_geo_0448.wav,4
hybrid_bio_geo_0449.wav,4
hybrid_bio_geo_0450.wav,4
hybrid_bio_geo_0451.wav,4
hybrid_bio_geo_0452.wav,4
hybrid_bio_geo_0453.wav,4
hybrid_bio_geo_0454.wav,4
hybrid_bio_geo_0455.wav,4
hybrid_bio_geo_0456.wav,4
hybrid_bio_geo_0457.wav,4
hybrid_bio_geo_0458.wav,4
hybrid_bio_geo_0459.wav,4
hybrid_bio_geo_0460.wav,4
hybrid_bio_geo_0461.wav,4
hybrid_bio_geo_0462.wav,4
hybrid_bio_geo_0463.wav,4
hybrid_bio_geo_0464.wav,4
hybrid_bio_geo_0465.wav,4
hybrid_bio_geo_0466.wav,4
hybrid_bio_geo_0467.wav,4
hybrid_bio_geo_0468.wav,4
hybrid_bio_geo_0469.wav,4
hybrid_bio_geo_0470.wav,4
hybrid_bio_geo_0471.wav,4
hybrid_bio_geo_0472.wav,4
hybrid_bio_geo_0473.wav,4
hybrid_bio_geo_0474.wav,4
hybrid_bio_geo_0475.wav,4
hybrid_bio_geo_0476.wav,4
hybrid_bio_geo_0477.wav,4
hybrid_bio_geo_0478.wav,4
hybrid_bio_geo_0479.wav,4
hybrid_bio_geo_0480.wav,4
hybrid_bio_geo_0481.wav,4
hybrid_bio_geo_0482.wav,4
hybrid_bio_geo_0483.wav,4
hybrid_bio_geo_0484.wav,4
hybrid_bio_geo_0485.wav,4
hybrid_bio_geo_0486.wav,4
hybrid_bio_geo_0487.wav,4
hybrid_bio_geo_0488.wav,4
hybrid_bio_geo_0489.wav,4
hybrid_bio_geo_0490.wav,4
hybrid_bio_geo_0491.wav,4
hybrid_bio_geo_0492.wav,4
hybrid_bio_geo_0493.wav,4
hybrid_bio_geo_0494.wav,4
hybrid_bio_geo_0495.wav,4
hybrid_bio_geo_0496.wav,4
hybrid_bio_geo_0497.wav,4
hybrid_bio_geo_0498.wav,4
hybrid_bio_geo_0499.wav,4
hybrid_bio_geo_0500.wav,4
hybrid_bio_geo_0501.wav,4
hybrid_bio_geo_0502.wav,4
hybrid_bio_geo_0503.wav,4
hybrid_bio_geo_0504.wav,4
hybrid_bio_geo_0505.wav,4
hybrid_bio_geo_0506.wav,4
hybrid_bio_geo_0507.wav,4
hybrid_bio_geo_0508.wav,4
hybrid_bio_geo_0509.wav,4
hybrid_bio_geo_0510.wav,4
hybrid_bio_geo_0511.wav,4
hybrid_bio_geo_0512.wav,4
hybrid_bio_geo_0513.wav,4
hybrid_bio_geo_0514.wav,4
hybrid_bio_geo_0515.wav,4
hybrid_bio_geo_0516.wav,4
hybrid_bio_geo_0517.wav,4
hybrid_bio_geo_0518.wav,4
hybrid_bio_geo_0519.wav,4
hybrid_bio_geo_0520.wav,4
hybrid_bio_geo_0521.wav,4
hybrid_bio_geo_0522.wav,4
hybrid_bio_geo_0523.wav,4
hybrid_bio_geo_0524.wav,4
hybrid_bio_geo_0525.wav,4
hybrid_bio_geo_0526.wav,4
hybrid_bio_geo_0527.wav,4
hybrid_bio_geo_0528.wav,4
hybrid_bio_geo_0529.wav,4
hybrid_bio_geo_0530.wav,4
hybrid_bio_geo_0531.wav,4
hybrid_bio_geo_0532.wav,4
hybrid_bio_geo_0533.wav,4
hybrid_bio_geo_0534.wav,4
hybrid_bio_geo_0535.wav,4
hybrid_bio_geo_0536.wav,4
hybrid_bio_geo_0537.wav,4
hybrid_bio_geo_0538.wav,4
hybrid_bio_geo_0539.wav,4
hybrid_bio_geo_0540.wav,4
hybrid_bio_geo_0541.wav,4
hybrid_bio_geo_0542.wav,4
hybrid_bio_geo_0543.wav,4
hybrid_bio_geo_0544.wav,4
hybrid_bio_geo_0545.wav,4
hybrid_bio_geo_0546.wav,4
hybrid_bio_geo_0547.wav,4
hybrid_bio_geo_0548.wav,4
hybrid_bio_geo_0549.wav,4
hybrid_bio_geo_0550.wav,4
hybrid_bio_geo_0551.wav,4
hybrid_bio_geo_0552.wav,4
hybrid_bio_geo_0553.wav,4
hybrid_bio_geo_0554.wav,4
hybrid_bio_geo_0555.wav,4
hybrid_bio_geo_0556.wav,4
hybrid_bio_geo_0557.wav,4
hybrid_bio_geo_0558.wav,4
hybrid_bio_geo_0559.wav,4
hybrid_bio_geo_0560.wav,4
hybrid_bio_geo_0561.wav,4
hybrid_bio_geo_0562.wav,4
hybrid_bio_geo_0563.wav,4
hybrid_bio_geo_0564.wav,4
hybrid_bio_geo_0565.wav,4
hybrid_bio_geo_0566.wav,4
hybrid_bio_geo_0567.wav,4
hybrid_bio_geo_0568.wav,4
hybrid_bio_geo_0569.wav,4
hybrid_bio_geo_0570.wav,4
hybrid_bio_geo_0571.wav,4
hybrid_bio_geo_0572.wav,4
hybrid_bio_geo_0573.wav,4
hybrid_bio_geo_0574.wav,4
hybrid_bio_geo_0575.wav,4
hybrid_bio_geo_0576.wav,4
hybrid_bio_geo_0577.wav,4
hybrid_bio_geo_0578.wav,4
hybrid_bio_geo_0579.wav,4
hybrid_bio_geo_0580.wav,4
hybrid_bio_geo_0581.wav,4
hybrid_bio_geo_0582.wav,4
hybrid_bio_geo_0583.wav,4
hybrid_bio_geo_0584.wav,4
hybrid_bio_geo_0585.wav,4
hybrid_bio_geo_0586.wav,4
hybrid_bio_geo_0587.wav,4
hybrid_bio_geo_0588.wav,4
hybrid_bio_geo_0589.wav,4
hybrid_bio_geo_0590.wav,4
hybrid_bio_geo_0591.wav,4
hybrid_bio_geo_0592.wav,4
hybrid_bio_geo_0593.wav,4
hybrid_bio_geo_0594.wav,4
hybrid_bio_geo_0595.wav,4
hybrid_bio_geo_0596.wav,4
hybrid_bio_geo_0597.wav,4
hybrid_bio_geo_0598.wav,4
hybrid_bio_geo_0599.wav,4
hybrid_bio_geo_0600.wav,4
hybrid_bio_geo_0601.wav,4
hybrid_bio_geo_0602.wav,4
hybrid_bio_geo_0603.wav,4
hybrid_bio_geo_0604.wav,4
hybrid_bio_geo_0605.wav,4
hybrid_bio_geo_0606.wav,4
hybrid_bio_geo_0607.wav,4
hybrid_bio_geo_0608.wav,4
hybrid_bio_geo_0609.wav,4
hybrid_bio_geo_0610.wav,4
hybrid_bio_geo_0611.wav,4
hybrid_bio_geo_0612.wav,4
hybrid_bio_geo_0613.wav,4
hybrid_bio_geo_0614.wav,4
hybrid_bio_geo_0615.wav,4
hybrid_bio_geo_0616.wav,4
hybrid_bio_geo_0617.wav,4
hybrid_bio_geo_0618.wav,4
hybrid_bio_geo_0619.wav,4
hybrid_bio_geo_0620.wav,4
hybrid_bio_geo_0621.wav,4
hybrid_bio_geo_0622.wav,4
hybrid_bio_geo_0623.wav,4
hybrid_bio_geo_0624.wav,4
hybrid_bio_geo_0625.wav,4
hybrid_bio_geo_0626.wav,4
hybrid_bio_geo_0627.wav,4
hybrid_bio_geo_0628.wav,4
hybrid_bio_geo_0629.wav,4
hybrid_bio_geo_0630.wav,4
hybrid_bio_geo_0631.wav,4
hybrid_bio_geo_0632.wav,4
hybrid_bio_geo_0633.wav,4
hybrid_bio_geo_0634.wav,4
hybrid_bio_geo_0635.wav,4
hybrid_bio_geo_0636.wav,4
hybrid_bio_geo_0637.wav,4
hybrid_bio_geo_0638.wav,4
hybrid_bio_geo_0639.wav,4
hybrid_bio_geo_0640.wav,4
hybrid_bio_geo_0641.wav,4
hybrid_bio_geo_0642.wav,4
hybrid_bio_geo_0643.wav,4
hybrid_bio_geo_0644.wav,4
hybrid_bio_geo_0645.wav,4
hybrid_bio_geo_0646.wav,4
hybrid_bio_geo_0647.wav,4
hybrid_bio_geo_0648.wav,4
hybrid_bio_geo_0649.wav,4
hybrid_bio_geo_0650.wav,4
hybrid_bio_geo_0651.wav,4
hybrid_bio_geo_0652.wav,4
hybrid_bio_geo_0653.wav,4
hybrid_bio_geo_0654.wav,4
hybrid_bio_geo_0655.wav,4
hybrid_bio_geo_0656.wav,4
hybrid_bio_geo_0657.wav,4
hybrid_bio_geo_0658.wav,4
hybrid_bio_geo_0659.wav,4
hybrid_bio_geo_0660.wav,4
hybrid_bio_geo_0661.wav,4
hybrid_bio_geo_0662.wav,4
hybrid_bio_geo_0663.wav,4
hybrid_bio_geo_0664.wav,4
hybrid_bio_geo_0665.wav,4
hybrid_bio_geo_0666.wav,4
hybrid_bio_geo_0667.wav,4
hybrid_bio_geo_0668.wav,4
hybrid_bio_geo_0669.wav,4
hybrid_bio_geo_0670.wav,4
hybrid_bio_geo_0671.wav,4
hybrid_bio_geo_0672.wav,4
hybrid_bio_geo_0673.wav,4
hybrid_bio_geo_0674.wav,4
hybrid_bio_geo_0675.wav,4
hybrid_bio_geo_0676.wav,4
hybrid_bio_geo_0677.wav,4
hybrid_bio_geo_0678.wav,4
hybrid_bio_geo_0679.wav,4
hybrid_bio_geo_0680.wav,4
hybrid_bio_geo_0681.wav,4
hybrid_bio_geo_0682.wav,4
hybrid_bio_geo_0683.wav,4
hybrid_bio_geo_0684.wav,4
hybrid_bio_geo_0685.wav,4
hybrid_bio_geo_0686.wav,4
hybrid_bio_geo_0687.wav,4
hybrid_bio_geo_0688.wav,4
hybrid_bio_geo_0689.wav,4
hybrid_bio_geo_0690.wav,4
hybrid_bio_geo_0691.wav,4
hybrid_bio_geo_0692.wav,4
hybrid_bio_geo_0693.wav,4
hybrid_bio_geo_0694.wav,4
hybrid_bio_geo_0695.wav,4
hybrid_bio_geo_0696.wav,4
hybrid_bio_geo_0697.wav,4
hybrid_bio_geo_0698.wav,4
hybrid_bio_geo_0699.wav,4
hybrid_bio_geo_0700.wav,4
hybrid_bio_geo_0701.wav,4
hybrid_bio_geo_0702.wav,4
hybrid_bio_geo_0703.wav,4
hybrid_bio_geo_0704.wav,4
hybrid_bio_geo_0705.wav,4
hybrid_bio_geo_0706.wav,4
hybrid_bio_geo_0707.wav,4
hybrid_bio_geo_0708.wav,4
hybrid_bio_geo_0709.wav,4
hybrid_bio_geo_0710.wav,4
hybrid_bio_geo_0711.wav,4
hybrid_bio_geo_0712.wav,4
hybrid_bio_geo_0713.wav,4
hybrid_bio_geo_0714.wav,4
hybrid_bio_geo_0715.wav,4
hybrid_bio_geo_0716.wav,4
hybrid_bio_geo_0717.wav,4
hybrid_bio_geo_0718.wav,4
hybrid_bio_geo_0719.wav,4
hybrid_bio_geo_0720.wav,4
hybrid_bio_geo_0721.wav,4
hybrid_bio_geo_0722.wav,4
hybrid_bio_geo_0723.wav,4
hybrid_bio_geo_0724.wav,4
hybrid_bio_geo_0725.wav,4
hybrid_bio_geo_0726.wav,4
hybrid_bio_geo_0727.wav,4
hybrid_bio_geo_0728.wav,4
hybrid_bio_geo_0729.wav,4
hybrid_bio_geo_0730.wav,4
hybrid_bio_geo_0731.wav,4
hybrid_bio_geo_0732.wav,4
hybrid_bio_geo_0733.wav,4
hybrid_bio_geo_0734.wav,4
hybrid_bio_geo_0735.wav,4
hybrid_bio_geo_0736.wav,4
hybrid_bio_geo_0737.wav,4
hybrid_bio_geo_0738.wav,4
hybrid_bio_geo_0739.wav,4
hybrid_bio_geo_0740.wav,4
hybrid_bio_geo_0741.wav,4
hybrid_bio_geo_0742.wav,4
hybrid_bio_geo_0743.wav,4
hybrid_bio_geo_0744.wav,4
hybrid_bio_geo_0745.wav,4
hybrid_bio_geo_0746.wav,4
hybrid_bio_geo_0747.wav,4
hybrid_bio_geo_0748.wav,4
hybrid_bio_geo_0749.wav,4
hybrid_bio_geo_0750.wav,4
hybrid_bio_geo_0751.wav,4
hybrid_bio_geo_0752.wav,4
hybrid_bio_geo_0753.wav,4
hybrid_bio_geo_0754.wav,4
hybrid_bio_geo_0755.wav,4
hybrid_bio_geo_0756.wav,4
hybrid_bio_geo_0757.wav,4
hybrid_bio_geo_0758.wav,4
hybrid_bio_geo_0759.wav,4
hybrid_bio_geo_0760.wav,4
hybrid_bio_geo_0761.wav,4
hybrid_bio_geo_0762.wav,4
hybrid_bio_geo_0763.wav,4
hybrid_bio_geo_0764.wav,4
hybrid_bio_geo_0765.wav,4
hybrid_bio_geo_0766.wav,4
hybrid_bio_geo_0767.wav,4
hybrid_bio_geo_0768.wav,4
hybrid_bio_geo_0769.wav,4
hybrid_bio_geo_0770.wav,4
hybrid_bio_geo_0771.wav,4
hybrid_bio_geo_0772.wav,4
hybrid_bio_geo_0773.wav,4
hybrid_bio_geo_0774.wav,4
hybrid_bio_geo_0775.wav,4
hybrid_bio_geo_0776.wav,4
hybrid_bio_geo_0777.wav,4
hybrid_bio_geo_0778.wav,4
hybrid_bio_geo_0779.wav,4
hybrid_bio_geo_0780.wav,4
hybrid_bio_geo_0781.wav,4
hybrid_bio_geo_0782.wav,4
hybrid_bio_geo_0783.wav,4
hybrid_bio_geo_0784.wav,4
hybrid_bio_geo_0785.wav,4
hybrid_bio_geo_0786.wav,4
hybrid_bio_geo_0787.wav,4
hybrid_bio_geo_0788.wav,4
hybrid_bio_geo_0789.wav,4
hybrid_bio_geo_0790.wav,4
hybrid_bio_geo_0791.wav,4
hybrid_bio_geo_0792.wav,4
hybrid_bio_geo_0793.wav,4
hybrid_bio_geo_0794.wav,4
hybrid_bio_geo_0795.wav,4
hybrid_bio_geo_0796.wav,4
hybrid_bio_geo_0797.wav,4
hybrid_bio_geo_0798.wav,4
hybrid_bio_geo_0799.wav,4
hybrid_bio_geo_0800.wav,4
hybrid_bio_geo_0801.wav,4
hybrid_bio_geo_0802.wav,4
hybrid_bio_geo_0803.wav,4
hybrid_bio_geo_0804.wav,4
hybrid_bio_geo_0805.wav,4
hybrid_bio_geo_0806.wav,4
hybrid_bio_geo_0807.wav,4
hybrid_bio_geo_0808.wav,4
hybrid_bio_geo_0809.wav,4
hybrid_bio_geo_0810.wav,4
hybrid_bio_geo_0811.wav,4
hybrid_bio_geo_0812.wav,4
hybrid_bio_geo_0813.wav,4
hybrid_bio_geo_0814.wav,4
hybrid_bio_geo_0815.wav,4
hybrid_bio_geo_0816.wav,4
hybrid_bio_geo_0817.wav,4
hybrid_bio_geo_0818.wav,4
hybrid_bio_geo_0819.wav,4
hybrid_bio_geo_0820.wav,4
hybrid_bio_geo_0821.wav,4
hybrid_bio_geo_0822.wav,4
hybrid_bio_geo_0823.wav,4
hybrid_bio_geo_0824.wav,4
hybrid_bio_geo_0825.wav,4
hybrid_bio_geo_0826.wav,4
hybrid_bio_geo_0827.wav,4
hybrid_bio_geo_0828.wav,4
hybrid_bio_geo_0829.wav,4
hybrid_bio_geo_0830.wav,4
hybrid_bio_geo_0831.wav,4
hybrid_bio_geo_0832.wav,4
hybrid_bio_geo_0833.wav,4
hybrid_bio_geo_0834.wav,4
hybrid_bio_geo_0835.wav,4
hybrid_bio_geo_0836.wav,4
hybrid_bio_geo_0837.wav,4
hybrid_bio_geo_0838.wav,4
hybrid_bio_geo_0839.wav,4
hybrid_bio_geo_0840.wav,4
hybrid_bio_geo_0841.wav,4
hybrid_bio_geo_0842.wav,4
hybrid_bio_geo_0843.wav,4
hybrid_bio_geo_0844.wav,4
hybrid_bio_geo_0845.wav,4
hybrid_bio_geo_0846.wav,4
hybrid_bio_geo_0847.wav,4
hybrid_bio_geo_0848.wav,4
hybrid_bio_geo_0849.wav,4
hybrid_bio_geo_0850.wav,4
hybrid_bio_geo_0851.wav,4
hybrid_bio_geo_0852.wav,4
hybrid_bio_geo_0853.wav,4
hybrid_bio_geo_0854.wav,4
hybrid_bio_geo_0855.wav,4
hybrid_bio_geo_0856.wav,4
hybrid_bio_geo_0857.wav,4
hybrid_bio_geo_0858.wav,4
hybrid_bio_geo_0859.wav,4
hybrid_bio_geo_0860.wav,4
hybrid_bio_geo_0861.wav,4
hybrid_bio_geo_0862.wav,4
hybrid_bio_geo_0863.wav,4
hybrid_bio_geo_0864.wav,4
hybrid_bio_geo_0865.wav,4
hybrid_bio_geo_0866.wav,4
hybrid_bio_geo_0867.wav,4
hybrid_bio_geo_0868.wav,4
hybrid_bio_geo_0869.wav,4
hybrid_bio_geo_0870.wav,4
hybrid_bio_geo_0871.wav,4
hybrid_bio_geo_0872.wav,4
hybrid_bio_geo_0873.wav,4
hybrid_bio_geo_0874.wav,4
hybrid_bio_geo_0875.wav,4
hybrid_bio_geo_0876.wav,4
hybrid_bio_geo_0877.wav,4
hybrid_bio_geo_0878.wav,4
hybrid_bio_geo_0879.wav,4
hybrid_bio_geo_0880.wav,4
hybrid_bio_geo_0881.wav,4
hybrid_bio_geo_0882.wav,4
hybrid_bio_geo_0883.wav,4
hybrid_bio_geo_0884.wav,4
hybrid_bio_geo_0885.wav,4
hybrid_bio_geo_0886.wav,4
hybrid_bio_geo_0887.wav,4
hybrid_bio_geo_0888.wav,4
hybrid_bio_geo_0889.wav,4
hybrid_bio_geo_0890.wav,4
hybrid_bio_geo_0891.wav,4
hybrid_bio_geo_0892.wav,4
hybrid_bio_geo_0893.wav,4
hybrid_bio_geo_0894.wav,4
hybrid_bio_geo_0895.wav,4
hybrid_bio_geo_0896.wav,4
hybrid_bio_geo_0897.wav,4
hybrid_bio_geo_0898.wav,4
hybrid_bio_geo_0899.wav,4
hybrid_bio_geo_0900.wav,4
hybrid_bio_geo_0901.wav,4
hybrid_bio_geo_0902.wav,4
hybrid_bio_geo_0903.wav,4
hybrid_bio_geo_0904.wav,4
hybrid_bio_geo_0905.wav,4
hybrid_bio_geo_0906.wav,4
hybrid_bio_geo_0907.wav,4
hybrid_bio_geo_0908.wav,4
hybrid_bio_geo_0909.wav,4
hybrid_bio_geo_0910.wav,4
hybrid_bio_geo_0911.wav,4
hybrid_bio_geo_0912.wav,4
hybrid_bio_geo_0913.wav,4
hybrid_bio_geo_0914.wav,4
hybrid_bio_geo_0915.wav,4
hybrid_bio_geo_0916.wav,4
hybrid_bio_geo_0917.wav,4
hybrid_bio_geo_0918.wav,4
hybrid_bio_geo_0919.wav,4
hybrid_bio_geo_0920.wav,4
hybrid_bio_geo_0921.wav,4
hybrid_bio_geo_0922.wav,4
hybrid_bio_geo_0923.wav,4
hybrid_bio_geo_0924.wav,4
hybrid_bio_geo_0925.wav,4
hybrid_bio_geo_0926.wav,4
hybrid_bio_geo_0927.wav,4
hybrid_bio_geo_0928.wav,4
hybrid_bio_geo_0929.wav,4
hybrid_bio_geo_0930.wav,4
hybrid_bio_geo_0931.wav,4
hybrid_bio_geo_0932.wav,4
hybrid_bio_geo_0933.wav,4
hybrid_bio_geo_0934.wav,4
hybrid_bio_geo_0935.wav,4
hybrid_bio_geo_0936.wav,4
hybrid_bio_geo_0937.wav,4
hybrid_bio_geo_0938.wav,4
hybrid_bio_geo_0939.wav,4
hybrid_bio_geo_0940.wav,4
hybrid_bio_geo_0941.wav,4
hybrid_bio_geo_0942.wav,4
hybrid_bio_geo_0943.wav,4
hybrid_bio_geo_0944.wav,4
hybrid_bio_geo_0945.wav,4
hybrid_bio_geo_0946.wav,4
hybrid_bio_geo_0947.wav,4
hybrid_bio_geo_0948.wav,4
hybrid_bio_geo_0949.wav,4
hybrid_bio_geo_0950.wav,4
hybrid_bio_geo_0951.wav,4
hybrid_bio_geo_0952.wav,4
hybrid_bio_geo_0953.wav,4
hybrid_bio_geo_0954.wav,4
hybrid_bio_geo_0955.wav,4
hybrid_bio_geo_0956.wav,4
hybrid_bio_geo_0957.wav,4
hybrid_bio_geo_0958.wav,4
hybrid_bio_geo_0959.wav,4
hybrid_bio_geo_0960.wav,4
hybrid_bio_geo_0961.wav,4
hybrid_bio_geo_0962.wav,4
hybrid_bio_geo_0963.wav,4
hybrid_bio_geo_0964.wav,4
hybrid_bio_geo_0965.wav,4
hybrid_bio_geo_0966.wav,4
hybrid_bio_geo_0967.wav,4
hybrid_bio_geo_0968.wav,4
hybrid_bio_geo_0969.wav,4
hybrid_bio_geo_0970.wav,4
hybrid_bio_geo_0971.wav,4
hybrid_bio_geo_0972.wav,4
hybrid_bio_geo_0973.wav,4
hybrid_bio_geo_0974.wav,4
hybrid_bio_geo_0975.wav,4
hybrid_bio_geo_0976.wav,4
hybrid_bio_geo_0977.wav,4
hybrid_bio_geo_0978.wav,4
hybrid_bio_geo_0979.wav,4
hybrid_bio_geo_0980.wav,4
hybrid_bio_geo_0981.wav,4
hybrid_bio_geo_0982.wav,4
hybrid_bio_geo_0983.wav,4
hybrid_bio_geo_0984.wav,4
hybrid_bio_geo_0985.wav,4
hybrid_bio_geo_0986.wav,4
hybrid_bio_geo_0987.wav,4
hybrid_bio_geo_0988.wav,4
hybrid_bio_geo_0989.wav,4
hybrid_bio_geo_0990.wav,4
hybrid_bio_geo_0991.wav,4
hybrid_bio_geo_0992.wav,4
hybrid_bio_geo_0993.wav,4
hybrid_bio_geo_0994.wav,4
hybrid_bio_geo_0995.wav,4
hybrid_bio_geo_0996.wav,4
hybrid_bio_geo_0997.wav,4
hybrid_bio_geo_0998.wav,4
hybrid_bio_geo_0999.wav,4
hybrid_bio_geo_1000.wav,4
hybrid_bio_geo_1001.wav,4
hybrid_bio_geo_1002.wav,4
hybrid_bio_geo_1003.wav,4
hybrid_bio_geo_1004.wav,4
hybrid_bio_geo_1005.wav,4
hybrid_bio_geo_1006.wav,4
hybrid_bio_geo_1007.wav,4
hybrid_bio_geo_1008.wav,4
hybrid_bio_geo_1009.wav,4
hybrid_bio_geo_1010.wav,4
hybrid_bio_geo_1011.wav,4
hybrid_bio_geo_1012.wav,4
hybrid_bio_geo_1013.wav,4
hybrid_bio_geo_1014.wav,4
hybrid_bio_geo_1015.wav,4
hybrid_bio_geo_1016.wav,4
hybrid_bio_geo_1017.wav,4
hybrid_bio_geo_1018.wav,4
hybrid_bio_geo_1019.wav,4
hybrid_bio_geo_1020.wav,4
hybrid_bio_geo_1021.wav,4
hybrid_bio_geo_1022.wav,4
hybrid_bio_geo_1023.wav,4
hybrid_bio_geo_1024.wav,4
hybrid_bio_geo_1025.wav,4
hybrid_bio_geo_1026.wav,4
hybrid_bio_geo_1027.wav,4
hybrid_bio_geo_1028.wav,4
hybrid_bio_geo_1029.wav,4
hybrid_bio_geo_1030.wav,4
hybrid_bio_geo_1031.wav,4
hybrid_bio_geo_1032.wav,4
hybrid_bio_geo_1033.wav,4
hybrid_bio_geo_1034.wav,4
hybrid_bio_geo_1035.wav,4
hybrid_bio_geo_1036.wav,4
hybrid_bio_geo_1037.wav,4
hybrid_bio_geo_1038.wav,4
hybrid_bio_geo_1039.wav,4
hybrid_bio_geo_1040.wav,4
hybrid_bio_geo_1041.wav,4
hybrid_bio_geo_1042.wav,4
hybrid_bio_geo_1043.wav,4
hybrid_bio_geo_1044.wav,4
hybrid_bio_geo_1045.wav,4
hybrid_bio_geo_1046.wav,4
hybrid_bio_geo_1047.wav,4
hybrid_bio_geo_1048.wav,4
hybrid_bio_geo_1049.wav,4
hybrid_bio_geo_1050.wav,4
hybrid_bio_geo_1051.wav,4
hybrid_bio_geo_1052.wav,4
hybrid_bio_geo_1053.wav,4
hybrid_bio_geo_1054.wav,4
hybrid_bio_geo_1055.wav,4
hybrid_bio_geo_1056.wav,4
hybrid_bio_geo_1057.wav,4
hybrid_bio_geo_1058.wav,4
hybrid_bio_geo_1059.wav,4
hybrid_bio_geo_1060.wav,4
hybrid_bio_geo_1061.wav,4
hybrid_bio_geo_1062.wav,4
hybrid_bio_geo_1063.wav,4
hybrid_bio_geo_1064.wav,4
hybrid_bio_geo_1065.wav,4
hybrid_bio_geo_1066.wav,4
hybrid_bio_geo_1067.wav,4
hybrid_bio_geo_1068.wav,4
hybrid_bio_geo_1069.wav,4
hybrid_bio_geo_1070.wav,4
hybrid_bio_geo_1071.wav,4
hybrid_bio_geo_1072.wav,4
hybrid_bio_geo_1073.wav,4
hybrid_bio_geo_1074.wav,4
hybrid_bio_geo_1075.wav,4
hybrid_bio_geo_1076.wav,4
hybrid_bio_geo_1077.wav,4
hybrid_bio_geo_1078.wav,4
hybrid_bio_geo_1079.wav,4
hybrid_bio_geo_1080.wav,4
hybrid_bio_geo_1081.wav,4
hybrid_bio_geo_1082.wav,4
hybrid_bio_geo_1083.wav,4
hybrid_bio_geo_1084.wav,4
hybrid_bio_geo_1085.wav,4
hybrid_bio_geo_1086.wav,4
hybrid_bio_geo_1087.wav,4
hybrid_bio_geo_1088.wav,4
hybrid_bio_geo_1089.wav,4
hybrid_bio_geo_1090.wav,4
hybrid_bio_geo_1091.wav,4
hybrid_bio_geo_1092.wav,4
hybrid_bio_geo_1093.wav,4
hybrid_bio_geo_1094.wav,4
hybrid_bio_geo_1095.wav,4
hybrid_bio_geo_1096.wav,4
hybrid_bio_geo_1097.wav,4
hybrid_bio_geo_1098.wav,4
hybrid_bio_geo_1099.wav,4
hybrid_bio_geo_1100.wav,4
hybrid_bio_geo_1101.wav,4
hybrid_bio_geo_1102.wav,4
hybrid_bio_geo_1103.wav,4
hybrid_bio_geo_1104.wav,4
hybrid_bio_geo_1105.wav,4
hybrid_bio_geo_1106.wav,4
hybrid_bio_geo_1107.wav,4
hybrid_bio_geo_1108.wav,4
hybrid_bio_geo_1109.wav,4
hybrid_bio_geo_1110.wav,4
hybrid_bio_geo_1111.wav,4
hybrid_bio_geo_1112.wav,4
hybrid_bio_geo_1113.wav,4
hybrid_bio_geo_1114.wav,4
hybrid_bio_geo_1115.wav,4
hybrid_bio_geo_1116.wav,4
hybrid_bio_geo_1117.wav,4
hybrid_bio_geo_1118.wav,4
hybrid_bio_geo_1119.wav,4
hybrid_bio_geo_1120.wav,4
hybrid_bio_geo_1121.wav,4
hybrid_bio_geo_1122.wav,4
hybrid_bio_geo_1123.wav,4
hybrid_bio_geo_1124.wav,4
hybrid_bio_geo_1125.wav,4
hybrid_bio_geo_1126.wav,4
hybrid_bio_geo_1127.wav,4
hybrid_bio_geo_1128.wav,4
hybrid_bio_geo_1129.wav,4
hybrid_bio_geo_1130.wav,4
hybrid_bio_geo_1131.wav,4
hybrid_bio_geo_1132.wav,4
hybrid_bio_geo_1133.wav,4
hybrid_bio_geo_1134.wav,4
hybrid_bio_geo_1135.wav,4
hybrid_bio_geo_1136.wav,4
hybrid_bio_geo_1137.wav,4
hybrid_bio_geo_1138.wav,4
hybrid_bio_geo_1139.wav,4
hybrid_bio_geo_1140.wav,4
hybrid_bio_geo_1141.wav,4
hybrid_bio_geo_1142.wav,4
hybrid_bio_geo_1143.wav,4
hybrid_bio_geo_1144.wav,4
hybrid_bio_geo_1145.wav,4
hybrid_bio_geo_1146.wav,4
hybrid_bio_geo_1147.wav,4
hybrid_bio_geo_1148.wav,4
hybrid_bio_geo_1149.wav,4
hybrid_bio_geo_1150.wav,4
hybrid_bio_geo_1151.wav,4
hybrid_bio_geo_1152.wav,4
hybrid_bio_geo_1153.wav,4
hybrid_bio_geo_1154.wav,4
hybrid_bio_geo_1155.wav,4
hybrid_bio_geo_1156.wav,4
hybrid_bio_geo_1157.wav,4
hybrid_bio_geo_1158.wav,4
hybrid_bio_geo_1159.wav,4
hybrid_bio_geo_1160.wav,4
hybrid_bio_geo_1161.wav,4
hybrid_bio_geo_1162.wav,4
hybrid_bio_geo_1163.wav,4
hybrid_bio_geo_1164.wav,4
hybrid_bio_geo_1165.wav,4
hybrid_bio_geo_1166.wav,4
hybrid_bio_geo_1167.wav,4
hybrid_bio_geo_1168.wav,4
hybrid_bio_geo_1169.wav,4
hybrid_bio_geo_1170.wav,4
hybrid_bio_geo_1171.wav,4
hybrid_bio_geo_1172.wav,4
hybrid_bio_geo_1173.wav,4
hybrid_bio_geo_1174.wav,4
hybrid_bio_geo_1175.wav,4
hybrid_bio_geo_1176.wav,4
hybrid_bio_geo_1177.wav,4
hybrid_bio_geo_1178.wav,4
hybrid_bio_geo_1179.wav,4
hybrid_bio_geo_1180.wav,4
hybrid_bio_geo_1181.wav,4
hybrid_bio_geo_1182.wav,4
hybrid_bio_geo_1183.wav,4
hybrid_bio_geo_1184.wav,4
hybrid_bio_geo_1185.wav,4
hybrid_bio_geo_1186.wav,4
hybrid_bio_geo_1187.wav,4
hybrid_bio_geo_1188.wav,4
hybrid_bio_geo_1189.wav,4
hybrid_bio_geo_1190.wav,4
hybrid_bio_geo_1191.wav,4
hybrid_bio_geo_1192.wav,4
hybrid_bio_geo_1193.wav,4
hybrid_bio_geo_1194.wav,4
hybrid_bio_geo_1195.wav,4
hybrid_bio_geo_1196.wav,4
hybrid_bio_geo_1197.wav,4
hybrid_bio_geo_1198.wav,4
hybrid_bio_geo_1199.wav,4
hybrid_bio_geo_1200.wav,4
hybrid_bio_geo_1201.wav,4
hybrid_bio_geo_1202.wav,4
hybrid_bio_geo_1203.wav,4
hybrid_bio_geo_1204.wav,4
hybrid_bio_geo_1205.wav,4
hybrid_bio_geo_1206.wav,4
hybrid_bio_geo_1207.wav,4
hybrid_bio_geo_1208.wav,4
hybrid_bio_geo_1209.wav,4
hybrid_bio_geo_1210.wav,4
hybrid_bio_geo_1211.wav,4
hybrid_bio_geo_1212.wav,4
hybrid_bio_geo_1213.wav,4
hybrid_bio_geo_1214.wav,4
hybrid_bio_geo_1215.wav,4
hybrid_bio_geo_1216.wav,4
hybrid_bio_geo_1217.wav,4
hybrid_bio_geo_1218.wav,4
hybrid_bio_geo_1219.wav,4
hybrid_bio_geo_1220.wav,4
hybrid_bio_geo_1221.wav,4
hybrid_bio_geo_1222.wav,4
hybrid_bio_geo_1223.wav,4
hybrid_bio_geo_1224.wav,4
hybrid_bio_geo_1225.wav,4
hybrid_bio_geo_1226.wav,4
hybrid_bio_geo_1227.wav,4
hybrid_bio_geo_1228.wav,4
hybrid_bio_geo_1229.wav,4
hybrid_bio_geo_1230.wav,4
hybrid_bio_geo_1231.wav,4
hybrid_bio_geo_1232.wav,4
hybrid_bio_geo_1233.wav,4
hybrid_bio_geo_1234.wav,4
hybrid_bio_geo_1235.wav,4
hybrid_bio_geo_1236.wav,4
hybrid_bio_geo_1237.wav,4
hybrid_bio_geo_1238.wav,4
hybrid_bio_geo_1239.wav,4
hybrid_bio_geo_1240.wav,4
hybrid_bio_geo_1241.wav,4
hybrid_bio_geo_1242.wav,4
hybrid_bio_geo_1243.wav,4
hybrid_bio_geo_1244.wav,4
hybrid_bio_geo_1245.wav,4
hybrid_bio_geo_1246.wav,4
hybrid_bio_geo_1247.wav,4
hybrid_bio_geo_1248.wav,4
hybrid_bio_geo_1249.wav,4
hybrid_bio_geo_1250.wav,4
hybrid_bio_geo_1251.wav,4
hybrid_bio_geo_1252.wav,4
hybrid_bio_geo_1253.wav,4
hybrid_bio_geo_1254.wav,4
hybrid_bio_geo_1255.wav,4
hybrid_bio_geo_1256.wav,4
hybrid_bio_geo_1257.wav,4
hybrid_bio_geo_1258.wav,4
hybrid_bio_geo_1259.wav,4
hybrid_bio_geo_1260.wav,4
hybrid_bio_geo_1261.wav,4
hybrid_bio_geo_1262.wav,4
hybrid_bio_geo_1263.wav,4
hybrid_bio_geo_1264.wav,4
hybrid_bio_geo_1265.wav,4
hybrid_bio_geo_1266.wav,4
hybrid_bio_geo_1267.wav,4
hybrid_bio_geo_1268.wav,4
hybrid_bio_geo_1269.wav,4
hybrid_bio_geo_1270.wav,4
hybrid_bio_geo_1271.wav,4
hybrid_bio_geo_1272.wav,4
hybrid_bio_geo_1273.wav,4
hybrid_bio_geo_1274.wav,4
hybrid_bio_geo_1275.wav,4
hybrid_bio_geo_1276.wav,4
hybrid_bio_geo_1277.wav,4
hybrid_bio_geo_1278.wav,4
hybrid_bio_geo_1279.wav,4
hybrid_bio_geo_1280.wav,4
hybrid_bio_geo_1281.wav,4
hybrid_bio_geo_1282.wav,4
hybrid_bio_geo_1283.wav,4
hybrid_bio_geo_1284.wav,4
hybrid_bio_geo_1285.wav,4
hybrid_bio_geo_1286.wav,4
hybrid_bio_geo_1287.wav,4
hybrid_bio_geo_1288.wav,4
hybrid_bio_geo_1289.wav,4
hybrid_bio_geo_1290.wav,4
hybrid_bio_geo_1291.wav,4
hybrid_bio_geo_1292.wav,4
hybrid_bio_geo_1293.wav,4
hybrid_bio_geo_1294.wav,4
hybrid_bio_geo_1295.wav,4
hybrid_bio_geo_1296.wav,4
hybrid_bio_geo_1297.wav,4
hybrid_bio_geo_1298.wav,4
hybrid_bio_geo_1299.wav,4
hybrid_bio_geo_1300.wav,4
hybrid_bio_geo_1301.wav,4
hybrid_bio_geo_1302.wav,4
hybrid_bio_geo_1303.wav,4
hybrid_bio_geo_1304.wav,4
hybrid_bio_geo_1305.wav,4
hybrid_bio_geo_1306.wav,4
hybrid_bio_geo_1307.wav,4
hybrid_bio_geo_1308.wav,4
hybrid_bio_geo_1309.wav,4
hybrid_bio_geo_1310.wav,4
hybrid_bio_geo_1311.wav,4
hybrid_bio_geo_1312.wav,4
hybrid_bio_geo_1313.wav,4
hybrid_bio_geo_1314.wav,4
hybrid_bio_geo_1315.wav,4
hybrid_bio_geo_1316.wav,4
hybrid_bio_geo_1317.wav,4
hybrid_bio_geo_1318.wav,4
hybrid_bio_geo_1319.wav,4
hybrid_bio_geo_1320.wav,4
hybrid_bio_geo_1321.wav,4
hybrid_bio_geo_1322.wav,4
hybrid_bio_geo_1323.wav,4
hybrid_bio_geo_1324.wav,4
hybrid_bio_geo_1325.wav,4
hybrid_bio_geo_1326.wav,4
hybrid_bio_geo_1327.wav,4
hybrid_bio_geo_1328.wav,4
hybrid_bio_geo_1329.wav,4
hybrid_bio_geo_1330.wav,4
hybrid_bio_geo_1331.wav,4
hybrid_bio_geo_1332.wav,4
hybrid_bio_geo_1333.wav,4
hybrid_bio_geo_1334.wav,4
hybrid_bio_geo_1335.wav,4
hybrid_bio_geo_1336.wav,4
hybrid_bio_geo_1337.wav,4
hybrid_bio_geo_1338.wav,4
hybrid_bio_geo_1339.wav,4
hybrid_bio_geo_1340.wav,4
hybrid_bio_geo_1341.wav,4
hybrid_bio_geo_1342.wav,4
hybrid_bio_geo_1343.wav,4
hybrid_bio_geo_1344.wav,4
hybrid_bio_geo_1345.wav,4
hybrid_bio_geo_1346.wav,4
hybrid_bio_geo_1347.wav,4
hybrid_bio_geo_1348.wav,4
hybrid_bio_geo_1349.wav,4
hybrid_bio_geo_1350.wav,4
hybrid_bio_geo_1351.wav,4
hybrid_bio_geo_1352.wav,4
hybrid_bio_geo_1353.wav,4
hybrid_bio_geo_1354.wav,4
hybrid_bio_geo_1355.wav,4
hybrid_bio_geo_1356.wav,4
hybrid_bio_geo_1357.wav,4
hybrid_bio_geo_1358.wav,4
hybrid_bio_geo_1359.wav,4
hybrid_bio_geo_1360.wav,4
hybrid_bio_geo_1361.wav,4
hybrid_bio_geo_1362.wav,4
hybrid_bio_geo_1363.wav,4
hybrid_bio_geo_1364.wav,4
hybrid_bio_geo_1365.wav,4
hybrid_bio_geo_1366.wav,4
hybrid_bio_geo_1367.wav,4
hybrid_bio_geo_1368.wav,4
hybrid_bio_geo_1369.wav,4
hybrid_bio_geo_1370.wav,4
hybrid_bio_geo_1371.wav,4
hybrid_bio_geo_1372.wav,4
hybrid_bio_geo_1373.wav,4
hybrid_bio_geo_1374.wav,4
hybrid_bio_geo_1375.wav,4
hybrid_bio_geo_1376.wav,4
hybrid_bio_geo_1377.wav,4
hybrid_bio_geo_1378.wav,4
hybrid_bio_geo_1379.wav,4
hybrid_bio_geo_1380.wav,4
hybrid_bio_geo_1381.wav,4
hybrid_bio_geo_1382.wav,4
hybrid_bio_geo_1383.wav,4
hybrid_bio_geo_1384.wav,4
hybrid_bio_geo_1385.wav,4
hybrid_bio_geo_1386.wav,4
hybrid_bio_geo_1387.wav,4
hybrid_bio_geo_1388.wav,4
hybrid_bio_geo_1389.wav,4
hybrid_bio_geo_1390.wav,4
hybrid_bio_geo_1391.wav,4
hybrid_bio_geo_1392.wav,4
hybrid_bio_geo_1393.wav,4
hybrid_bio_geo_1394.wav,4
hybrid_bio_geo_1395.wav,4
hybrid_bio_geo_1396.wav,4
hybrid_bio_geo_1397.wav,4
hybrid_bio_geo_1398.wav,4
hybrid_bio_geo_1399.wav,4
hybrid_bio_geo_1400.wav,4
hybrid_bio_geo_1401.wav,4
hybrid_bio_geo_1402.wav,4
hybrid_bio_geo_1403.wav,4
hybrid_bio_geo_1404.wav,4
hybrid_bio_geo_1405.wav,4
hybrid_bio_geo_1406.wav,4
hybrid_bio_geo_1407.wav,4
hybrid_bio_geo_1408.wav,4
hybrid_bio_geo_1409.wav,4
hybrid_bio_geo_1410.wav,4
hybrid_bio_geo_1411.wav,4
hybrid_bio_geo_1412.wav,4
hybrid_bio_geo_1413.wav,4
hybrid_bio_geo_1414.wav,4
hybrid_bio_geo_1415.wav,4
hybrid_bio_geo_1416.wav,4
hybrid_bio_geo_1417.wav,4
hybrid_bio_geo_1418.wav,4
hybrid_bio_geo_1419.wav,4
hybrid_bio_geo_1420.wav,4
hybrid_bio_geo_1421.wav,4
hybrid_bio_geo_1422.wav,4
hybrid_bio_geo_1423.wav,4
hybrid_bio_geo_1424.wav,4
hybrid_bio_geo_1425.wav,4
hybrid_bio_geo_1426.wav,4
hybrid_bio_geo_1427.wav,4
hybrid_bio_geo_1428.wav,4
hybrid_bio_geo_1429.wav,4
hybrid_bio_geo_1430.wav,4
hybrid_bio_geo_1431.wav,4
hybrid_bio_geo_1432.wav,4
hybrid_bio_geo_1433.wav,4
hybrid_bio_geo_1434.wav,4
hybrid_bio_geo_1435.wav,4
hybrid_bio_geo_1436.wav,4
hybrid_bio_geo_1437.wav,4
hybrid_bio_geo_1438.wav,4
hybrid_bio_geo_1439.wav,4
hybrid_bio_geo_1440.wav,4
hybrid_bio_geo_1441.wav,4
hybrid_bio_geo_1442.wav,4
hybrid_bio_geo_1443.wav,4
hybrid_bio_geo_1444.wav,4
hybrid_bio_geo_1445.wav,4
hybrid_bio_geo_1446.wav,4
hybrid_bio_geo_1447.wav,4
hybrid_bio_geo_1448.wav,4
hybrid_bio_geo_1449.wav,4
hybrid_bio_geo_1450.wav,4
hybrid_bio_geo_1451.wav,4
hybrid_bio_geo_1452.wav,4
hybrid_bio_geo_1453.wav,4
hybrid_bio_geo_1454.wav,4
hybrid_bio_geo_1455.wav,4
hybrid_bio_geo_1456.wav,4
hybrid_bio_geo_1457.wav,4
hybrid_bio_geo_1458.wav,4
hybrid_bio_geo_1459.wav,4
hybrid_bio_geo_1460.wav,4
hybrid_bio_geo_1461.wav,4
hybrid_bio_geo_1462.wav,4
hybrid_bio_geo_1463.wav,4
hybrid_bio_geo_1464.wav,4
hybrid_bio_geo_1465.wav,4
hybrid_bio_geo_1466.wav,4
hybrid_bio_geo_1467.wav,4
hybrid_bio_geo_1468.wav,4
hybrid_bio_geo_1469.wav,4
hybrid_bio_geo_1470.wav,4
hybrid_bio_geo_1471.wav,4
hybrid_bio_geo_1472.wav,4
hybrid_bio_geo_1473.wav,4
hybrid_bio_geo_1474.wav,4
hybrid_bio_geo_1475.wav,4
hybrid_bio_geo_1476.wav,4
hybrid_bio_geo_1477.wav,4
hybrid_bio_geo_1478.wav,4
hybrid_bio_geo_1479.wav,4
hybrid_bio_geo_1480.wav,4
hybrid_bio_geo_1481.wav,4
hybrid_bio_geo_1482.wav,4
hybrid_bio_geo_1483.wav,4
hybrid_bio_geo_1484.wav,4
hybrid_bio_geo_1485.wav,4
hybrid_bio_geo_1486.wav,4
hybrid_bio_geo_1487.wav,4
hybrid_bio_geo_1488.wav,4
hybrid_bio_geo_1489.wav,4
hybrid_bio_geo_1490.wav,4
hybrid_bio_geo_1491.wav,4
hybrid_bio_geo_1492.wav,4
hybrid_bio_geo_1493.wav,4
hybrid_bio_geo_1494.wav,4
hybrid_bio_geo_1495.wav,4
hybrid_bio_geo_1496.wav,4
hybrid_bio_geo_1497.wav,4
hybrid_bio_geo_1498.wav,4
hybrid_bio_geo_1499.wav,4
hybrid_bio_geo_1500.wav,4
hybrid_bio_geo_1501.wav,4
hybrid_bio_geo_1502.wav,4
hybrid_bio_geo_1503.wav,4
hybrid_bio_geo_1504.wav,4
hybrid_bio_geo_1505.wav,4
hybrid_bio_geo_1506.wav,4
hybrid_bio_geo_1507.wav,4
hybrid_bio_geo_1508.wav,4
hybrid_bio_geo_1509.wav,4
hybrid_bio_geo_1510.wav,4
hybrid_bio_geo_1511.wav,4
hybrid_bio_geo_1512.wav,4
hybrid_bio_geo_1513.wav,4
hybrid_bio_geo_1514.wav,4
hybrid_bio_geo_1515.wav,4
hybrid_bio_geo_1516.wav,4
hybrid_bio_geo_1517.wav,4
hybrid_bio_geo_1518.wav,4
hybrid_bio_geo_1519.wav,4
hybrid_bio_geo_1520.wav,4
hybrid_bio_geo_1521.wav,4
hybrid_bio_geo_1522.wav,4
hybrid_bio_geo_1523.wav,4
hybrid_bio_geo_1524.wav,4
hybrid_bio_geo_1525.wav,4
hybrid_bio_geo_1526.wav,4
hybrid_bio_geo_1527.wav,4
hybrid_bio_geo_1528.wav,4
hybrid_bio_geo_1529.wav,4
hybrid_bio_geo_1530.wav,4
hybrid_bio_geo_1531.wav,4
hybrid_bio_geo_1532.wav,4
hybrid_bio_geo_1533.wav,4
hybrid_bio_geo_1534.wav,4
hybrid_bio_geo_1535.wav,4
hybrid_bio_geo_1536.wav,4
hybrid_bio_geo_1537.wav,4
hybrid_bio_geo_1538.wav,4
hybrid_bio_geo_1539.wav,4
hybrid_bio_geo_1540.wav,4
hybrid_bio_geo_1541.wav,4
hybrid_bio_geo_1542.wav,4
hybrid_bio_geo_1543.wav,4
hybrid_bio_geo_1544.wav,4
hybrid_bio_geo_1545.wav,4
hybrid_bio_geo_1546.wav,4
hybrid_bio_geo_1547.wav,4
hybrid_bio_geo_1548.wav,4
hybrid_bio_geo_1549.wav,4
hybrid_bio_geo_1550.wav,4
hybrid_bio_geo_1551.wav,4
hybrid_bio_geo_1552.wav,4
hybrid_bio_geo_1553.wav,4
hybrid_bio_geo_1554.wav,4
hybrid_bio_geo_1555.wav,4
hybrid_bio_geo_1556.wav,4
hybrid_bio_geo_1557.wav,4
hybrid_bio_geo_1558.wav,4
hybrid_bio_geo_1559.wav,4
hybrid_bio_geo_1560.wav,4
hybrid_bio_geo_1561.wav,4
hybrid_bio_geo_1562.wav,4
hybrid_bio_geo_1563.wav,4
hybrid_bio_geo_1564.wav,4
hybrid_bio_geo_1565.wav,4
hybrid_bio_geo_1566.wav,4
hybrid_bio_geo_1567.wav,4
hybrid_bio_geo_1568.wav,4
hybrid_bio_geo_1569.wav,4
hybrid_bio_geo_1570.wav,4
hybrid_bio_geo_1571.wav,4
hybrid_bio_geo_1572.wav,4
hybrid_bio_geo_1573.wav,4
hybrid_bio_geo_1574.wav,4
hybrid_bio_geo_1575.wav,4
hybrid_bio_geo_1576.wav,4
hybrid_bio_geo_1577.wav,4
hybrid_bio_geo_1578.wav,4
hybrid_bio_geo_1579.wav,4
hybrid_bio_geo_1580.wav,4
hybrid_bio_geo_1581.wav,4
hybrid_bio_geo_1582.wav,4
hybrid_bio_geo_1583.wav,4
hybrid_bio_geo_1584.wav,4
hybrid_bio_geo_1585.wav,4
hybrid_bio_geo_1586.wav,4
hybrid_bio_geo_1587.wav,4
hybrid_bio_geo_1588.wav,4
hybrid_bio_geo_1589.wav,4
hybrid_bio_geo_1590.wav,4
hybrid_bio_geo_1591.wav,4
hybrid_bio_geo_1592.wav,4
hybrid_bio_geo_1593.wav,4
hybrid_bio_geo_1594.wav,4
hybrid_bio_geo_1595.wav,4
hybrid_bio_geo_1596.wav,4
hybrid_bio_geo_1597.wav,4
hybrid_bio_geo_1598.wav,4
hybrid_bio_geo_1599.wav,4
hybrid_bio_geo_1600.wav,4
hybrid_bio_geo_1601.wav,4
hybrid_bio_geo_1602.wav,4
hybrid_bio_geo_1603.wav,4
hybrid_bio_geo_1604.wav,4
hybrid_bio_geo_1605.wav,4
hybrid_bio_geo_1606.wav,4
hybrid_bio_geo_1607.wav,4
hybrid_bio_geo_1608.wav,4
hybrid_bio_geo_1609.wav,4
hybrid_bio_geo_1610.wav,4
hybrid_bio_geo_1611.wav,4
hybrid_bio_geo_1612.wav,4
hybrid_bio_geo_1613.wav,4
hybrid_bio_geo_1614.wav,4
hybrid_bio_geo_1615.wav,4
hybrid_bio_geo_1616.wav,4
hybrid_bio_geo_1617.wav,4
hybrid_bio_geo_1618.wav,4
hybrid_bio_geo_1619.wav,4
hybrid_bio_geo_1620.wav,4
hybrid_bio_geo_1621.wav,4
hybrid_bio_geo_1622.wav,4
hybrid_bio_geo_1623.wav,4
hybrid_bio_geo_1624.wav,4
hybrid_bio_geo_1625.wav,4
hybrid_bio_geo_1626.wav,4
hybrid_bio_geo_1627.wav,4
hybrid_bio_geo_1628.wav,4
hybrid_bio_geo_1629.wav,4
hybrid_bio_geo_1630.wav,4
hybrid_bio_geo_1631.wav,4
hybrid_bio_geo_1632.wav,4
hybrid_bio_geo_1633.wav,4
hybrid_bio_geo_1634.wav,4
hybrid_bio_geo_1635.wav,4
hybrid_bio_geo_1636.wav,4
hybrid_bio_geo_1637.wav,4
hybrid_bio_geo_1638.wav,4
hybrid_bio_geo_1639.wav,4
hybrid_bio_geo_1640.wav,4
hybrid_bio_geo_1641.wav,4
hybrid_bio_geo_1642.wav,4
hybrid_bio_geo_1643.wav,4
hybrid_bio_geo_1644.wav,4
hybrid_bio_geo_1645.wav,4
hybrid_bio_geo_1646.wav,4
hybrid_bio_geo_1647.wav,4
hybrid_bio_geo_1648.wav,4
hybrid_bio_geo_1649.wav,4
hybrid_bio_geo_1650.wav,4
hybrid_bio_geo_1651.wav,4
hybrid_bio_geo_1652.wav,4
hybrid_bio_geo_1653.wav,4
hybrid_bio_geo_1654.wav,4
hybrid_bio_geo_1655.wav,4
hybrid_bio_geo_1656.wav,4
hybrid_bio_geo_1657.wav,4
hybrid_bio_geo_1658.wav,4
hybrid_bio_geo_1659.wav,4
hybrid_bio_geo_1660.wav,4
hybrid_bio_geo_1661.wav,4
hybrid_bio_geo_1662.wav,4
hybrid_bio_geo_1663.wav,4
hybrid_bio_geo_1664.wav,4
hybrid_bio_geo_1665.wav,4
hybrid_bio_geo_1666.wav,4
hybrid_antro_geo_0000.wav,5
hybrid_antro_geo_0001.wav,5
hybrid_antro_geo_0002.wav,5
hybrid_antro_geo_0003.wav,5
hybrid_antro_geo_0004.wav,5
hybrid_antro_geo_0005.wav,5
hybrid_antro_geo_0006.wav,5
hybrid_antro_geo_0007.wav,5
hybrid_antro_geo_0008.wav,5
hybrid_antro_geo_0009.wav,5
hybrid_antro_geo_0010.wav,5
hybrid_antro_geo_0011.wav,5
hybrid_antro_geo_0012.wav,5
hybrid_antro_geo_0013.wav,5
hybrid_antro_geo_0014.wav,5
hybrid_antro_geo_0015.wav,5
hybrid_antro_geo_0016.wav,5
hybrid_antro_geo_0017.wav,5
hybrid_antro_geo_0018.wav,5
hybrid_antro_geo_0019.wav,5
hybrid_antro_geo_0020.wav,5
hybrid_antro_geo_0021.wav,5
hybrid_antro_geo_0022.wav,5
hybrid_antro_geo_0023.wav,5
hybrid_antro_geo_0024.wav,5
hybrid_antro_geo_0025.wav,5
hybrid_antro_geo_0026.wav,5
hybrid_antro_geo_0027.wav,5
hybrid_antro_geo_0028.wav,5
hybrid_antro_geo_0029.wav,5
hybrid_antro_geo_0030.wav,5
hybrid_antro_geo_0031.wav,5
hybrid_antro_geo_0032.wav,5
hybrid_antro_geo_0033.wav,5
hybrid_antro_geo_0034.wav,5
hybrid_antro_geo_0035.wav,5
hybrid_antro_geo_0036.wav,5
hybrid_antro_geo_0037.wav,5
hybrid_antro_geo_0038.wav,5
hybrid_antro_geo_0039.wav,5
hybrid_antro_geo_0040.wav,5
hybrid_antro_geo_0041.wav,5
hybrid_antro_geo_0042.wav,5
hybrid_antro_geo_0043.wav,5
hybrid_antro_geo_0044.wav,5
hybrid_antro_geo_0045.wav,5
hybrid_antro_geo_0046.wav,5
hybrid_antro_geo_0047.wav,5
hybrid_antro_geo_0048.wav,5
hybrid_antro_geo_0049.wav,5
hybrid_antro_geo_0050.wav,5
hybrid_antro_geo_0051.wav,5
hybrid_antro_geo_0052.wav,5
hybrid_antro_geo_0053.wav,5
hybrid_antro_geo_0054.wav,5
hybrid_antro_geo_0055.wav,5
hybrid_antro_geo_0056.wav,5
hybrid_antro_geo_0057.wav,5
hybrid_antro_geo_0058.wav,5
hybrid_antro_geo_0059.wav,5
hybrid_antro_geo_0060.wav,5
hybrid_antro_geo_0061.wav,5
hybrid_antro_geo_0062.wav,5
hybrid_antro_geo_0063.wav,5
hybrid_antro_geo_0064.wav,5
hybrid_antro_geo_0065.wav,5
hybrid_antro_geo_0066.wav,5
hybrid_antro_geo_0067.wav,5
hybrid_antro_geo_0068.wav,5
hybrid_antro_geo_0069.wav,5
hybrid_antro_geo_0070.wav,5
hybrid_antro_geo_0071.wav,5
hybrid_antro_geo_0072.wav,5
hybrid_antro_geo_0073.wav,5
hybrid_antro_geo_0074.wav,5
hybrid_antro_geo_0075.wav,5
hybrid_antro_geo_0076.wav,5
hybrid_antro_geo_0077.wav,5
hybrid_antro_geo_0078.wav,5
hybrid_antro_geo_0079.wav,5
hybrid_antro_geo_0080.wav,5
hybrid_antro_geo_0081.wav,5
hybrid_antro_geo_0082.wav,5
hybrid_antro_geo_0083.wav,5
hybrid_antro_geo_0084.wav,5
hybrid_antro_geo_0085.wav,5
hybrid_antro_geo_0086.wav,5
hybrid_antro_geo_0087.wav,5
hybrid_antro_geo_0088.wav,5
hybrid_antro_geo_0089.wav,5
hybrid_antro_geo_0090.wav,5
hybrid_antro_geo_0091.wav,5
hybrid_antro_geo_0092.wav,5
hybrid_antro_geo_0093.wav,5
hybrid_antro_geo_0094.wav,5
hybrid_antro_geo_0095.wav,5
hybrid_antro_geo_0096.wav,5
hybrid_antro_geo_0097.wav,5
hybrid_antro_geo_0098.wav,5
hybrid_antro_geo_0099.wav,5
hybrid_antro_geo_0100.wav,5
hybrid_antro_geo_0101.wav,5
hybrid_antro_geo_0102.wav,5
hybrid_antro_geo_0103.wav,5
hybrid_antro_geo_0104.wav,5
hybrid_antro_geo_0105.wav,5
hybrid_antro_geo_0106.wav,5
hybrid_antro_geo_0107.wav,5
hybrid_antro_geo_0108.wav,5
hybrid_antro_geo_0109.wav,5
hybrid_antro_geo_0110.wav,5
hybrid_antro_geo_0111.wav,5
hybrid_antro_geo_0112.wav,5
hybrid_antro_geo_0113.wav,5
hybrid_antro_geo_0114.wav,5
hybrid_antro_geo_0115.wav,5
hybrid_antro_geo_0116.wav,5
hybrid_antro_geo_0117.wav,5
hybrid_antro_geo_0118.wav,5
hybrid_antro_geo_0119.wav,5
hybrid_antro_geo_0120.wav,5
hybrid_antro_geo_0121.wav,5
hybrid_antro_geo_0122.wav,5
hybrid_antro_geo_0123.wav,5
hybrid_antro_geo_0124.wav,5
hybrid_antro_geo_0125.wav,5
hybrid_antro_geo_0126.wav,5
hybrid_antro_geo_0127.wav,5
hybrid_antro_geo_0128.wav,5
hybrid_antro_geo_0129.wav,5
hybrid_antro_geo_0130.wav,5
hybrid_antro_geo_0131.wav,5
hybrid_antro_geo_0132.wav,5
hybrid_antro_geo_0133.wav,5
hybrid_antro_geo_0134.wav,5
hybrid_antro_geo_0135.wav,5
hybrid_antro_geo_0136.wav,5
hybrid_antro_geo_0137.wav,5
hybrid_antro_geo_0138.wav,5
hybrid_antro_geo_0139.wav,5
hybrid_antro_geo_0140.wav,5
hybrid_antro_geo_0141.wav,5
hybrid_antro_geo_0142.wav,5
hybrid_antro_geo_0143.wav,5
hybrid_antro_geo_0144.wav,5
hybrid_antro_geo_0145.wav,5
hybrid_antro_geo_0146.wav,5
hybrid_antro_geo_0147.wav,5
hybrid_antro_geo_0148.wav,5
hybrid_antro_geo_0149.wav,5
hybrid_antro_geo_0150.wav,5
hybrid_antro_geo_0151.wav,5
hybrid_antro_geo_0152.wav,5
hybrid_antro_geo_0153.wav,5
hybrid_antro_geo_0154.wav,5
hybrid_antro_geo_0155.wav,5
hybrid_antro_geo_0156.wav,5
hybrid_antro_geo_0157.wav,5
hybrid_antro_geo_0158.wav,5
hybrid_antro_geo_0159.wav,5
hybrid_antro_geo_0160.wav,5
hybrid_antro_geo_0161.wav,5
hybrid_antro_geo_0162.wav,5
hybrid_antro_geo_0163.wav,5
hybrid_antro_geo_0164.wav,5
hybrid_antro_geo_0165.wav,5
hybrid_antro_geo_0166.wav,5
hybrid_antro_geo_0167.wav,5
hybrid_antro_geo_0168.wav,5
hybrid_antro_geo_0169.wav,5
hybrid_antro_geo_0170.wav,5
hybrid_antro_geo_0171.wav,5
hybrid_antro_geo_0172.wav,5
hybrid_antro_geo_0173.wav,5
hybrid_antro_geo_0174.wav,5
hybrid_antro_geo_0175.wav,5
hybrid_antro_geo_0176.wav,5
hybrid_antro_geo_0177.wav,5
hybrid_antro_geo_0178.wav,5
hybrid_antro_geo_0179.wav,5
hybrid_antro_geo_0180.wav,5
hybrid_antro_geo_0181.wav,5
hybrid_antro_geo_0182.wav,5
hybrid_antro_geo_0183.wav,5
hybrid_antro_geo_0184.wav,5
hybrid_antro_geo_0185.wav,5
hybrid_antro_geo_0186.wav,5
hybrid_antro_geo_0187.wav,5
hybrid_antro_geo_0188.wav,5
hybrid_antro_geo_0189.wav,5
hybrid_antro_geo_0190.wav,5
hybrid_antro_geo_0191.wav,5
hybrid_antro_geo_0192.wav,5
hybrid_antro_geo_0193.wav,5
hybrid_antro_geo_0194.wav,5
hybrid_antro_geo_0195.wav,5
hybrid_antro_geo_0196.wav,5
hybrid_antro_geo_0197.wav,5
hybrid_antro_geo_0198.wav,5
hybrid_antro_geo_0199.wav,5
hybrid_antro_geo_0200.wav,5
hybrid_antro_geo_0201.wav,5
hybrid_antro_geo_0202.wav,5
hybrid_antro_geo_0203.wav,5
hybrid_antro_geo_0204.wav,5
hybrid_antro_geo_0205.wav,5
hybrid_antro_geo_0206.wav,5
hybrid_antro_geo_0207.wav,5
hybrid_antro_geo_0208.wav,5
hybrid_antro_geo_0209.wav,5
hybrid_antro_geo_0210.wav,5
hybrid_antro_geo_0211.wav,5
hybrid_antro_geo_0212.wav,5
hybrid_antro_geo_0213.wav,5
hybrid_antro_geo_0214.wav,5
hybrid_antro_geo_0215.wav,5
hybrid_antro_geo_0216.wav,5
hybrid_antro_geo_0217.wav,5
hybrid_antro_geo_0218.wav,5
hybrid_antro_geo_0219.wav,5
hybrid_antro_geo_0220.wav,5
hybrid_antro_geo_0221.wav,5
hybrid_antro_geo_0222.wav,5
hybrid_antro_geo_0223.wav,5
hybrid_antro_geo_0224.wav,5
hybrid_antro_geo_0225.wav,5
hybrid_antro_geo_0226.wav,5
hybrid_antro_geo_0227.wav,5
hybrid_antro_geo_0228.wav,5
hybrid_antro_geo_0229.wav,5
hybrid_antro_geo_0230.wav,5
hybrid_antro_geo_0231.wav,5
hybrid_antro_geo_0232.wav,5
hybrid_antro_geo_0233.wav,5
hybrid_antro_geo_0234.wav,5
hybrid_antro_geo_0235.wav,5
hybrid_antro_geo_0236.wav,5
hybrid_antro_geo_0237.wav,5
hybrid_antro_geo_0238.wav,5
hybrid_antro_geo_0239.wav,5
hybrid_antro_geo_0240.wav,5
hybrid_antro_geo_0241.wav,5
hybrid_antro_geo_0242.wav,5
hybrid_antro_geo_0243.wav,5
hybrid_antro_geo_0244.wav,5
hybrid_antro_geo_0245.wav,5
hybrid_antro_geo_0246.wav,5
hybrid_antro_geo_0247.wav,5
hybrid_antro_geo_0248.wav,5
hybrid_antro_geo_0249.wav,5
hybrid_antro_geo_0250.wav,5
hybrid_antro_geo_0251.wav,5
hybrid_antro_geo_0252.wav,5
hybrid_antro_geo_0253.wav,5
hybrid_antro_geo_0254.wav,5
hybrid_antro_geo_0255.wav,5
hybrid_antro_geo_0256.wav,5
hybrid_antro_geo_0257.wav,5
hybrid_antro_geo_0258.wav,5
hybrid_antro_geo_0259.wav,5
hybrid_antro_geo_0260.wav,5
hybrid_antro_geo_0261.wav,5
hybrid_antro_geo_0262.wav,5
hybrid_antro_geo_0263.wav,5
hybrid_antro_geo_0264.wav,5
hybrid_antro_geo_0265.wav,5
hybrid_antro_geo_0266.wav,5
hybrid_antro_geo_0267.wav,5
hybrid_antro_geo_0268.wav,5
hybrid_antro_geo_0269.wav,5
hybrid_antro_geo_0270.wav,5
hybrid_antro_geo_0271.wav,5
hybrid_antro_geo_0272.wav,5
hybrid_antro_geo_0273.wav,5
hybrid_antro_geo_0274.wav,5
hybrid_antro_geo_0275.wav,5
hybrid_antro_geo_0276.wav,5
hybrid_antro_geo_0277.wav,5
hybrid_antro_geo_0278.wav,5
hybrid_antro_geo_0279.wav,5
hybrid_antro_geo_0280.wav,5
hybrid_antro_geo_0281.wav,5
hybrid_antro_geo_0282.wav,5
hybrid_antro_geo_0283.wav,5
hybrid_antro_geo_0284.wav,5
hybrid_antro_geo_0285.wav,5
hybrid_antro_geo_0286.wav,5
hybrid_antro_geo_0287.wav,5
hybrid_antro_geo_0288.wav,5
hybrid_antro_geo_0289.wav,5
hybrid_antro_geo_0290.wav,5
hybrid_antro_geo_0291.wav,5
hybrid_antro_geo_0292.wav,5
hybrid_antro_geo_0293.wav,5
hybrid_antro_geo_0294.wav,5
hybrid_antro_geo_0295.wav,5
hybrid_antro_geo_0296.wav,5
hybrid_antro_geo_0297.wav,5
hybrid_antro_geo_0298.wav,5
hybrid_antro_geo_0299.wav,5
hybrid_antro_geo_0300.wav,5
hybrid_antro_geo_0301.wav,5
hybrid_antro_geo_0302.wav,5
hybrid_antro_geo_0303.wav,5
hybrid_antro_geo_0304.wav,5
hybrid_antro_geo_0305.wav,5
hybrid_antro_geo_0306.wav,5
hybrid_antro_geo_0307.wav,5
hybrid_antro_geo_0308.wav,5
hybrid_antro_geo_0309.wav,5
hybrid_antro_geo_0310.wav,5
hybrid_antro_geo_0311.wav,5
hybrid_antro_geo_0312.wav,5
hybrid_antro_geo_0313.wav,5
hybrid_antro_geo_0314.wav,5
hybrid_antro_geo_0315.wav,5
hybrid_antro_geo_0316.wav,5
hybrid_antro_geo_0317.wav,5
hybrid_antro_geo_0318.wav,5
hybrid_antro_geo_0319.wav,5
hybrid_antro_geo_0320.wav,5
hybrid_antro_geo_0321.wav,5
hybrid_antro_geo_0322.wav,5
hybrid_antro_geo_0323.wav,5
hybrid_antro_geo_0324.wav,5
hybrid_antro_geo_0325.wav,5
hybrid_antro_geo_0326.wav,5
hybrid_antro_geo_0327.wav,5
hybrid_antro_geo_0328.wav,5
hybrid_antro_geo_0329.wav,5
hybrid_antro_geo_0330.wav,5
hybrid_antro_geo_0331.wav,5
hybrid_antro_geo_0332.wav,5
hybrid_antro_geo_0333.wav,5
hybrid_antro_geo_0334.wav,5
hybrid_antro_geo_0335.wav,5
hybrid_antro_geo_0336.wav,5
hybrid_antro_geo_0337.wav,5
hybrid_antro_geo_0338.wav,5
hybrid_antro_geo_0339.wav,5
hybrid_antro_geo_0340.wav,5
hybrid_antro_geo_0341.wav,5
hybrid_antro_geo_0342.wav,5
hybrid_antro_geo_0343.wav,5
hybrid_antro_geo_0344.wav,5
hybrid_antro_geo_0345.wav,5
hybrid_antro_geo_0346.wav,5
hybrid_antro_geo_0347.wav,5
hybrid_antro_geo_0348.wav,5
hybrid_antro_geo_0349.wav,5
hybrid_antro_geo_0350.wav,5
hybrid_antro_geo_0351.wav,5
hybrid_antro_geo_0352.wav,5
hybrid_antro_geo_0353.wav,5
hybrid_antro_geo_0354.wav,5
hybrid_antro_geo_0355.wav,5
hybrid_antro_geo_0356.wav,5
hybrid_antro_geo_0357.wav,5
hybrid_antro_geo_0358.wav,5
hybrid_antro_geo_0359.wav,5
hybrid_antro_geo_0360.wav,5
hybrid_antro_geo_0361.wav,5
hybrid_antro_geo_0362.wav,5
hybrid_antro_geo_0363.wav,5
hybrid_antro_geo_0364.wav,5
hybrid_antro_geo_0365.wav,5
hybrid_antro_geo_0366.wav,5
hybrid_antro_geo_0367.wav,5
hybrid_antro_geo_0368.wav,5
hybrid_antro_geo_0369.wav,5
hybrid_antro_geo_0370.wav,5
hybrid_antro_geo_0371.wav,5
hybrid_antro_geo_0372.wav,5
hybrid_antro_geo_0373.wav,5
hybrid_antro_geo_0374.wav,5
hybrid_antro_geo_0375.wav,5
hybrid_antro_geo_0376.wav,5
hybrid_antro_geo_0377.wav,5
hybrid_antro_geo_0378.wav,5
hybrid_antro_geo_0379.wav,5
hybrid_antro_geo_0380.wav,5
hybrid_antro_geo_0381.wav,5
hybrid_antro_geo_0382.wav,5
hybrid_antro_geo_0383.wav,5
hybrid_antro_geo_0384.wav,5
hybrid_antro_geo_0385.wav,5
hybrid_antro_geo_0386.wav,5
hybrid_antro_geo_0387.wav,5
hybrid_antro_geo_0388.wav,5
hybrid_antro_geo_0389.wav,5
hybrid_antro_geo_0390.wav,5
hybrid_antro_geo_0391.wav,5
hybrid_antro_geo_0392.wav,5
hybrid_antro_geo_0393.wav,5
hybrid_antro_geo_0394.wav,5
hybrid_antro_geo_0395.wav,5
hybrid_antro_geo_0396.wav,5
hybrid_antro_geo_0397.wav,5
hybrid_antro_geo_0398.wav,5
hybrid_antro_geo_0399.wav,5
hybrid_antro_geo_0400.wav,5
hybrid_antro_geo_0401.wav,5
hybrid_antro_geo_0402.wav,5
hybrid_antro_geo_0403.wav,5
hybrid_antro_geo_0404.wav,5
hybrid_antro_geo_0405.wav,5
hybrid_antro_geo_0406.wav,5
hybrid_antro_geo_0407.wav,5
hybrid_antro_geo_0408.wav,5
hybrid_antro_geo_0409.wav,5
hybrid_antro_geo_0410.wav,5
hybrid_antro_geo_0411.wav,5
hybrid_antro_geo_0412.wav,5
hybrid_antro_geo_0413.wav,5
hybrid_antro_geo_0414.wav,5
hybrid_antro_geo_0415.wav,5
hybrid_antro_geo_0416.wav,5
hybrid_antro_geo_0417.wav,5
hybrid_antro_geo_0418.wav,5
hybrid_antro_geo_0419.wav,5
hybrid_antro_geo_0420.wav,5
hybrid_antro_geo_0421.wav,5
hybrid_antro_geo_0422.wav,5
hybrid_antro_geo_0423.wav,5
hybrid_antro_geo_0424.wav,5
hybrid_antro_geo_0425.wav,5
hybrid_antro_geo_0426.wav,5
hybrid_antro_geo_0427.wav,5
hybrid_antro_geo_0428.wav,5
hybrid_antro_geo_0429.wav,5
hybrid_antro_geo_0430.wav,5
hybrid_antro_geo_0431.wav,5
hybrid_antro_geo_0432.wav,5
hybrid_antro_geo_0433.wav,5
hybrid_antro_geo_0434.wav,5
hybrid_antro_geo_0435.wav,5
hybrid_antro_geo_0436.wav,5
hybrid_antro_geo_0437.wav,5
hybrid_antro_geo_0438.wav,5
hybrid_antro_geo_0439.wav,5
hybrid_antro_geo_0440.wav,5
hybrid_antro_geo_0441.wav,5
hybrid_antro_geo_0442.wav,5
hybrid_antro_geo_0443.wav,5
hybrid_antro_geo_0444.wav,5
hybrid_antro_geo_0445.wav,5
hybrid_antro_geo_0446.wav,5
hybrid_antro_geo_0447.wav,5
hybrid_antro_geo_0448.wav,5
hybrid_antro_geo_0449.wav,5
hybrid_antro_geo_0450.wav,5
hybrid_antro_geo_0451.wav,5
hybrid_antro_geo_0452.wav,5
hybrid_antro_geo_0453.wav,5
hybrid_antro_geo_0454.wav,5
hybrid_antro_geo_0455.wav,5
hybrid_antro_geo_0456.wav,5
hybrid_antro_geo_0457.wav,5
hybrid_antro_geo_0458.wav,5
hybrid_antro_geo_0459.wav,5
hybrid_antro_geo_0460.wav,5
hybrid_antro_geo_0461.wav,5
hybrid_antro_geo_0462.wav,5
hybrid_antro_geo_0463.wav,5
hybrid_antro_geo_0464.wav,5
hybrid_antro_geo_0465.wav,5
hybrid_antro_geo_0466.wav,5
hybrid_antro_geo_0467.wav,5
hybrid_antro_geo_0468.wav,5
hybrid_antro_geo_0469.wav,5
hybrid_antro_geo_0470.wav,5
hybrid_antro_geo_0471.wav,5
hybrid_antro_geo_0472.wav,5
hybrid_antro_geo_0473.wav,5
hybrid_antro_geo_0474.wav,5
hybrid_antro_geo_0475.wav,5
hybrid_antro_geo_0476.wav,5
hybrid_antro_geo_0477.wav,5
hybrid_antro_geo_0478.wav,5
hybrid_antro_geo_0479.wav,5
hybrid_antro_geo_0480.wav,5
hybrid_antro_geo_0481.wav,5
hybrid_antro_geo_0482.wav,5
hybrid_antro_geo_0483.wav,5
hybrid_antro_geo_0484.wav,5
hybrid_antro_geo_0485.wav,5
hybrid_antro_geo_0486.wav,5
hybrid_antro_geo_0487.wav,5
hybrid_antro_geo_0488.wav,5
hybrid_antro_geo_0489.wav,5
hybrid_antro_geo_0490.wav,5
hybrid_antro_geo_0491.wav,5
hybrid_antro_geo_0492.wav,5
hybrid_antro_geo_0493.wav,5
hybrid_antro_geo_0494.wav,5
hybrid_antro_geo_0495.wav,5
hybrid_antro_geo_0496.wav,5
hybrid_antro_geo_0497.wav,5
hybrid_antro_geo_0498.wav,5
hybrid_antro_geo_0499.wav,5
hybrid_antro_geo_0500.wav,5
hybrid_antro_geo_0501.wav,5
hybrid_antro_geo_0502.wav,5
hybrid_antro_geo_0503.wav,5
hybrid_antro_geo_0504.wav,5
hybrid_antro_geo_0505.wav,5
hybrid_antro_geo_0506.wav,5
hybrid_antro_geo_0507.wav,5
hybrid_antro_geo_0508.wav,5
hybrid_antro_geo_0509.wav,5
hybrid_antro_geo_0510.wav,5
hybrid_antro_geo_0511.wav,5
hybrid_antro_geo_0512.wav,5
hybrid_antro_geo_0513.wav,5
hybrid_antro_geo_0514.wav,5
hybrid_antro_geo_0515.wav,5
hybrid_antro_geo_0516.wav,5
hybrid_antro_geo_0517.wav,5
hybrid_antro_geo_0518.wav,5
hybrid_antro_geo_0519.wav,5
hybrid_antro_geo_0520.wav,5
hybrid_antro_geo_0521.wav,5
hybrid_antro_geo_0522.wav,5
hybrid_antro_geo_0523.wav,5
hybrid_antro_geo_0524.wav,5
hybrid_antro_geo_0525.wav,5
hybrid_antro_geo_0526.wav,5
hybrid_antro_geo_0527.wav,5
hybrid_antro_geo_0528.wav,5
hybrid_antro_geo_0529.wav,5
hybrid_antro_geo_0530.wav,5
hybrid_antro_geo_0531.wav,5
hybrid_antro_geo_0532.wav,5
hybrid_antro_geo_0533.wav,5
hybrid_antro_geo_0534.wav,5
hybrid_antro_geo_0535.wav,5
hybrid_antro_geo_0536.wav,5
hybrid_antro_geo_0537.wav,5
hybrid_antro_geo_0538.wav,5
hybrid_antro_geo_0539.wav,5
hybrid_antro_geo_0540.wav,5
hybrid_antro_geo_0541.wav,5
hybrid_antro_geo_0542.wav,5
hybrid_antro_geo_0543.wav,5
hybrid_antro_geo_0544.wav,5
hybrid_antro_geo_0545.wav,5
hybrid_antro_geo_0546.wav,5
hybrid_antro_geo_0547.wav,5
hybrid_antro_geo_0548.wav,5
hybrid_antro_geo_0549.wav,5
hybrid_antro_geo_0550.wav,5
hybrid_antro_geo_0551.wav,5
hybrid_antro_geo_0552.wav,5
hybrid_antro_geo_0553.wav,5
hybrid_antro_geo_0554.wav,5
hybrid_antro_geo_0555.wav,5
hybrid_antro_geo_0556.wav,5
hybrid_antro_geo_0557.wav,5
hybrid_antro_geo_0558.wav,5
hybrid_antro_geo_0559.wav,5
hybrid_antro_geo_0560.wav,5
hybrid_antro_geo_0561.wav,5
hybrid_antro_geo_0562.wav,5
hybrid_antro_geo_0563.wav,5
hybrid_antro_geo_0564.wav,5
hybrid_antro_geo_0565.wav,5
hybrid_antro_geo_0566.wav,5
hybrid_antro_geo_0567.wav,5
hybrid_antro_geo_0568.wav,5
hybrid_antro_geo_0569.wav,5
hybrid_antro_geo_0570.wav,5
hybrid_antro_geo_0571.wav,5
hybrid_antro_geo_0572.wav,5
hybrid_antro_geo_0573.wav,5
hybrid_antro_geo_0574.wav,5
hybrid_antro_geo_0575.wav,5
hybrid_antro_geo_0576.wav,5
hybrid_antro_geo_0577.wav,5
hybrid_antro_geo_0578.wav,5
hybrid_antro_geo_0579.wav,5
hybrid_antro_geo_0580.wav,5
hybrid_antro_geo_0581.wav,5
hybrid_antro_geo_0582.wav,5
hybrid_antro_geo_0583.wav,5
hybrid_antro_geo_0584.wav,5
hybrid_antro_geo_0585.wav,5
hybrid_antro_geo_0586.wav,5
hybrid_antro_geo_0587.wav,5
hybrid_antro_geo_0588.wav,5
hybrid_antro_geo_0589.wav,5
hybrid_antro_geo_0590.wav,5
hybrid_antro_geo_0591.wav,5
hybrid_antro_geo_0592.wav,5
hybrid_antro_geo_0593.wav,5
hybrid_antro_geo_0594.wav,5
hybrid_antro_geo_0595.wav,5
hybrid_antro_geo_0596.wav,5
hybrid_antro_geo_0597.wav,5
hybrid_antro_geo_0598.wav,5
hybrid_antro_geo_0599.wav,5
hybrid_antro_geo_0600.wav,5
hybrid_antro_geo_0601.wav,5
hybrid_antro_geo_0602.wav,5
hybrid_antro_geo_0603.wav,5
hybrid_antro_geo_0604.wav,5
hybrid_antro_geo_0605.wav,5
hybrid_antro_geo_0606.wav,5
hybrid_antro_geo_0607.wav,5
hybrid_antro_geo_0608.wav,5
hybrid_antro_geo_0609.wav,5
hybrid_antro_geo_0610.wav,5
hybrid_antro_geo_0611.wav,5
hybrid_antro_geo_0612.wav,5
hybrid_antro_geo_0613.wav,5
hybrid_antro_geo_0614.wav,5
hybrid_antro_geo_0615.wav,5
hybrid_antro_geo_0616.wav,5
hybrid_antro_geo_0617.wav,5
hybrid_antro_geo_0618.wav,5
hybrid_antro_geo_0619.wav,5
hybrid_antro_geo_0620.wav,5
hybrid_antro_geo_0621.wav,5
hybrid_antro_geo_0622.wav,5
hybrid_antro_geo_0623.wav,5
hybrid_antro_geo_0624.wav,5
hybrid_antro_geo_0625.wav,5
hybrid_antro_geo_0626.wav,5
hybrid_antro_geo_0627.wav,5
hybrid_antro_geo_0628.wav,5
hybrid_antro_geo_0629.wav,5
hybrid_antro_geo_0630.wav,5
hybrid_antro_geo_0631.wav,5
hybrid_antro_geo_0632.wav,5
hybrid_antro_geo_0633.wav,5
hybrid_antro_geo_0634.wav,5
hybrid_antro_geo_0635.wav,5
hybrid_antro_geo_0636.wav,5
hybrid_antro_geo_0637.wav,5
hybrid_antro_geo_0638.wav,5
hybrid_antro_geo_0639.wav,5
hybrid_antro_geo_0640.wav,5
hybrid_antro_geo_0641.wav,5
hybrid_antro_geo_0642.wav,5
hybrid_antro_geo_0643.wav,5
hybrid_antro_geo_0644.wav,5
hybrid_antro_geo_0645.wav,5
hybrid_antro_geo_0646.wav,5
hybrid_antro_geo_0647.wav,5
hybrid_antro_geo_0648.wav,5
hybrid_antro_geo_0649.wav,5
hybrid_antro_geo_0650.wav,5
hybrid_antro_geo_0651.wav,5
hybrid_antro_geo_0652.wav,5
hybrid_antro_geo_0653.wav,5
hybrid_antro_geo_0654.wav,5
hybrid_antro_geo_0655.wav,5
hybrid_antro_geo_0656.wav,5
hybrid_antro_geo_0657.wav,5
hybrid_antro_geo_0658.wav,5
hybrid_antro_geo_0659.wav,5
hybrid_antro_geo_0660.wav,5
hybrid_antro_geo_0661.wav,5
hybrid_antro_geo_0662.wav,5
hybrid_antro_geo_0663.wav,5
hybrid_antro_geo_0664.wav,5
hybrid_antro_geo_0665.wav,5
hybrid_antro_geo_0666.wav,5
hybrid_antro_geo_0667.wav,5
hybrid_antro_geo_0668.wav,5
hybrid_antro_geo_0669.wav,5
hybrid_antro_geo_0670.wav,5
hybrid_antro_geo_0671.wav,5
hybrid_antro_geo_0672.wav,5
hybrid_antro_geo_0673.wav,5
hybrid_antro_geo_0674.wav,5
hybrid_antro_geo_0675.wav,5
hybrid_antro_geo_0676.wav,5
hybrid_antro_geo_0677.wav,5
hybrid_antro_geo_0678.wav,5
hybrid_antro_geo_0679.wav,5
hybrid_antro_geo_0680.wav,5
hybrid_antro_geo_0681.wav,5
hybrid_antro_geo_0682.wav,5
hybrid_antro_geo_0683.wav,5
hybrid_antro_geo_0684.wav,5
hybrid_antro_geo_0685.wav,5
hybrid_antro_geo_0686.wav,5
hybrid_antro_geo_0687.wav,5
hybrid_antro_geo_0688.wav,5
hybrid_antro_geo_0689.wav,5
hybrid_antro_geo_0690.wav,5
hybrid_antro_geo_0691.wav,5
hybrid_antro_geo_0692.wav,5
hybrid_antro_geo_0693.wav,5
hybrid_antro_geo_0694.wav,5
hybrid_antro_geo_0695.wav,5
hybrid_antro_geo_0696.wav,5
hybrid_antro_geo_0697.wav,5
hybrid_antro_geo_0698.wav,5
hybrid_antro_geo_0699.wav,5
hybrid_antro_geo_0700.wav,5
hybrid_antro_geo_0701.wav,5
hybrid_antro_geo_0702.wav,5
hybrid_antro_geo_0703.wav,5
hybrid_antro_geo_0704.wav,5
hybrid_antro_geo_0705.wav,5
hybrid_antro_geo_0706.wav,5
hybrid_antro_geo_0707.wav,5
hybrid_antro_geo_0708.wav,5
hybrid_antro_geo_0709.wav,5
hybrid_antro_geo_0710.wav,5
hybrid_antro_geo_0711.wav,5
hybrid_antro_geo_0712.wav,5
hybrid_antro_geo_0713.wav,5
hybrid_antro_geo_0714.wav,5
hybrid_antro_geo_0715.wav,5
hybrid_antro_geo_0716.wav,5
hybrid_antro_geo_0717.wav,5
hybrid_antro_geo_0718.wav,5
hybrid_antro_geo_0719.wav,5
hybrid_antro_geo_0720.wav,5
hybrid_antro_geo_0721.wav,5
hybrid_antro_geo_0722.wav,5
hybrid_antro_geo_0723.wav,5
hybrid_antro_geo_0724.wav,5
hybrid_antro_geo_0725.wav,5
hybrid_antro_geo_0726.wav,5
hybrid_antro_geo_0727.wav,5
hybrid_antro_geo_0728.wav,5
hybrid_antro_geo_0729.wav,5
hybrid_antro_geo_0730.wav,5
hybrid_antro_geo_0731.wav,5
hybrid_antro_geo_0732.wav,5
hybrid_antro_geo_0733.wav,5
hybrid_antro_geo_0734.wav,5
hybrid_antro_geo_0735.wav,5
hybrid_antro_geo_0736.wav,5
hybrid_antro_geo_0737.wav,5
hybrid_antro_geo_0738.wav,5
hybrid_antro_geo_0739.wav,5
hybrid_antro_geo_0740.wav,5
hybrid_antro_geo_0741.wav,5
hybrid_antro_geo_0742.wav,5
hybrid_antro_geo_0743.wav,5
hybrid_antro_geo_0744.wav,5
hybrid_antro_geo_0745.wav,5
hybrid_antro_geo_0746.wav,5
hybrid_antro_geo_0747.wav,5
hybrid_antro_geo_0748.wav,5
hybrid_antro_geo_0749.wav,5
hybrid_antro_geo_0750.wav,5
hybrid_antro_geo_0751.wav,5
hybrid_antro_geo_0752.wav,5
hybrid_antro_geo_0753.wav,5
hybrid_antro_geo_0754.wav,5
hybrid_antro_geo_0755.wav,5
hybrid_antro_geo_0756.wav,5
hybrid_antro_geo_0757.wav,5
hybrid_antro_geo_0758.wav,5
hybrid_antro_geo_0759.wav,5
hybrid_antro_geo_0760.wav,5
hybrid_antro_geo_0761.wav,5
hybrid_antro_geo_0762.wav,5
hybrid_antro_geo_0763.wav,5
hybrid_antro_geo_0764.wav,5
hybrid_antro_geo_0765.wav,5
hybrid_antro_geo_0766.wav,5
hybrid_antro_geo_0767.wav,5
hybrid_antro_geo_0768.wav,5
hybrid_antro_geo_0769.wav,5
hybrid_antro_geo_0770.wav,5
hybrid_antro_geo_0771.wav,5
hybrid_antro_geo_0772.wav,5
hybrid_antro_geo_0773.wav,5
hybrid_antro_geo_0774.wav,5
hybrid_antro_geo_0775.wav,5
hybrid_antro_geo_0776.wav,5
hybrid_antro_geo_0777.wav,5
hybrid_antro_geo_0778.wav,5
hybrid_antro_geo_0779.wav,5
hybrid_antro_geo_0780.wav,5
hybrid_antro_geo_0781.wav,5
hybrid_antro_geo_0782.wav,5
hybrid_antro_geo_0783.wav,5
hybrid_antro_geo_0784.wav,5
hybrid_antro_geo_0785.wav,5
hybrid_antro_geo_0786.wav,5
hybrid_antro_geo_0787.wav,5
hybrid_antro_geo_0788.wav,5
hybrid_antro_geo_0789.wav,5
hybrid_antro_geo_0790.wav,5
hybrid_antro_geo_0791.wav,5
hybrid_antro_geo_0792.wav,5
hybrid_antro_geo_0793.wav,5
hybrid_antro_geo_0794.wav,5
hybrid_antro_geo_0795.wav,5
hybrid_antro_geo_0796.wav,5
hybrid_antro_geo_0797.wav,5
hybrid_antro_geo_0798.wav,5
hybrid_antro_geo_0799.wav,5
hybrid_antro_geo_0800.wav,5
hybrid_antro_geo_0801.wav,5
hybrid_antro_geo_0802.wav,5
hybrid_antro_geo_0803.wav,5
hybrid_antro_geo_0804.wav,5
hybrid_antro_geo_0805.wav,5
hybrid_antro_geo_0806.wav,5
hybrid_antro_geo_0807.wav,5
hybrid_antro_geo_0808.wav,5
hybrid_antro_geo_0809.wav,5
hybrid_antro_geo_0810.wav,5
hybrid_antro_geo_0811.wav,5
hybrid_antro_geo_0812.wav,5
hybrid_antro_geo_0813.wav,5
hybrid_antro_geo_0814.wav,5
hybrid_antro_geo_0815.wav,5
hybrid_antro_geo_0816.wav,5
hybrid_antro_geo_0817.wav,5
hybrid_antro_geo_0818.wav,5
hybrid_antro_geo_0819.wav,5
hybrid_antro_geo_0820.wav,5
hybrid_antro_geo_0821.wav,5
hybrid_antro_geo_0822.wav,5
hybrid_antro_geo_0823.wav,5
hybrid_antro_geo_0824.wav,5
hybrid_antro_geo_0825.wav,5
hybrid_antro_geo_0826.wav,5
hybrid_antro_geo_0827.wav,5
hybrid_antro_geo_0828.wav,5
hybrid_antro_geo_0829.wav,5
hybrid_antro_geo_0830.wav,5
hybrid_antro_geo_0831.wav,5
hybrid_antro_geo_0832.wav,5
hybrid_antro_geo_0833.wav,5
hybrid_antro_geo_0834.wav,5
hybrid_antro_geo_0835.wav,5
hybrid_antro_geo_0836.wav,5
hybrid_antro_geo_0837.wav,5
hybrid_antro_geo_0838.wav,5
hybrid_antro_geo_0839.wav,5
hybrid_antro_geo_0840.wav,5
hybrid_antro_geo_0841.wav,5
hybrid_antro_geo_0842.wav,5
hybrid_antro_geo_0843.wav,5
hybrid_antro_geo_0844.wav,5
hybrid_antro_geo_0845.wav,5
hybrid_antro_geo_0846.wav,5
hybrid_antro_geo_0847.wav,5
hybrid_antro_geo_0848.wav,5
hybrid_antro_geo_0849.wav,5
hybrid_antro_geo_0850.wav,5
hybrid_antro_geo_0851.wav,5
hybrid_antro_geo_0852.wav,5
hybrid_antro_geo_0853.wav,5
hybrid_antro_geo_0854.wav,5
hybrid_antro_geo_0855.wav,5
hybrid_antro_geo_0856.wav,5
hybrid_antro_geo_0857.wav,5
hybrid_antro_geo_0858.wav,5
hybrid_antro_geo_0859.wav,5
hybrid_antro_geo_0860.wav,5
hybrid_antro_geo_0861.wav,5
hybrid_antro_geo_0862.wav,5
hybrid_antro_geo_0863.wav,5
hybrid_antro_geo_0864.wav,5
hybrid_antro_geo_0865.wav,5
hybrid_antro_geo_0866.wav,5
hybrid_antro_geo_0867.wav,5
hybrid_antro_geo_0868.wav,5
hybrid_antro_geo_0869.wav,5
hybrid_antro_geo_0870.wav,5
hybrid_antro_geo_0871.wav,5
hybrid_antro_geo_0872.wav,5
hybrid_antro_geo_0873.wav,5
hybrid_antro_geo_0874.wav,5
hybrid_antro_geo_0875.wav,5
hybrid_antro_geo_0876.wav,5
hybrid_antro_geo_0877.wav,5
hybrid_antro_geo_0878.wav,5
hybrid_antro_geo_0879.wav,5
hybrid_antro_geo_0880.wav,5
hybrid_antro_geo_0881.wav,5
hybrid_antro_geo_0882.wav,5
hybrid_antro_geo_0883.wav,5
hybrid_antro_geo_0884.wav,5
hybrid_antro_geo_0885.wav,5
hybrid_antro_geo_0886.wav,5
hybrid_antro_geo_0887.wav,5
hybrid_antro_geo_0888.wav,5
hybrid_antro_geo_0889.wav,5
hybrid_antro_geo_0890.wav,5
hybrid_antro_geo_0891.wav,5
hybrid_antro_geo_0892.wav,5
hybrid_antro_geo_0893.wav,5
hybrid_antro_geo_0894.wav,5
hybrid_antro_geo_0895.wav,5
hybrid_antro_geo_0896.wav,5
hybrid_antro_geo_0897.wav,5
hybrid_antro_geo_0898.wav,5
hybrid_antro_geo_0899.wav,5
hybrid_antro_geo_0900.wav,5
hybrid_antro_geo_0901.wav,5
hybrid_antro_geo_0902.wav,5
hybrid_antro_geo_0903.wav,5
hybrid_antro_geo_0904.wav,5
hybrid_antro_geo_0905.wav,5
hybrid_antro_geo_0906.wav,5
hybrid_antro_geo_0907.wav,5
hybrid_antro_geo_0908.wav,5
hybrid_antro_geo_0909.wav,5
hybrid_antro_geo_0910.wav,5
hybrid_antro_geo_0911.wav,5
hybrid_antro_geo_0912.wav,5
hybrid_antro_geo_0913.wav,5
hybrid_antro_geo_0914.wav,5
hybrid_antro_geo_0915.wav,5
hybrid_antro_geo_0916.wav,5
hybrid_antro_geo_0917.wav,5
hybrid_antro_geo_0918.wav,5
hybrid_antro_geo_0919.wav,5
hybrid_antro_geo_0920.wav,5
hybrid_antro_geo_0921.wav,5
hybrid_antro_geo_0922.wav,5
hybrid_antro_geo_0923.wav,5
hybrid_antro_geo_0924.wav,5
hybrid_antro_geo_0925.wav,5
hybrid_antro_geo_0926.wav,5
hybrid_antro_geo_0927.wav,5
hybrid_antro_geo_0928.wav,5
hybrid_antro_geo_0929.wav,5
hybrid_antro_geo_0930.wav,5
hybrid_antro_geo_0931.wav,5
hybrid_antro_geo_0932.wav,5
hybrid_antro_geo_0933.wav,5
hybrid_antro_geo_0934.wav,5
hybrid_antro_geo_0935.wav,5
hybrid_antro_geo_0936.wav,5
hybrid_antro_geo_0937.wav,5
hybrid_antro_geo_0938.wav,5
hybrid_antro_geo_0939.wav,5
hybrid_antro_geo_0940.wav,5
hybrid_antro_geo_0941.wav,5
hybrid_antro_geo_0942.wav,5
hybrid_antro_geo_0943.wav,5
hybrid_antro_geo_0944.wav,5
hybrid_antro_geo_0945.wav,5
hybrid_antro_geo_0946.wav,5
hybrid_antro_geo_0947.wav,5
hybrid_antro_geo_0948.wav,5
hybrid_antro_geo_0949.wav,5
hybrid_antro_geo_0950.wav,5
hybrid_antro_geo_0951.wav,5
hybrid_antro_geo_0952.wav,5
hybrid_antro_geo_0953.wav,5
hybrid_antro_geo_0954.wav,5
hybrid_antro_geo_0955.wav,5
hybrid_antro_geo_0956.wav,5
hybrid_antro_geo_0957.wav,5
hybrid_antro_geo_0958.wav,5
hybrid_antro_geo_0959.wav,5
hybrid_antro_geo_0960.wav,5
hybrid_antro_geo_0961.wav,5
hybrid_antro_geo_0962.wav,5
hybrid_antro_geo_0963.wav,5
hybrid_antro_geo_0964.wav,5
hybrid_antro_geo_0965.wav,5
hybrid_antro_geo_0966.wav,5
hybrid_antro_geo_0967.wav,5
hybrid_antro_geo_0968.wav,5
hybrid_antro_geo_0969.wav,5
hybrid_antro_geo_0970.wav,5
hybrid_antro_geo_0971.wav,5
hybrid_antro_geo_0972.wav,5
hybrid_antro_geo_0973.wav,5
hybrid_antro_geo_0974.wav,5
hybrid_antro_geo_0975.wav,5
hybrid_antro_geo_0976.wav,5
hybrid_antro_geo_0977.wav,5
hybrid_antro_geo_0978.wav,5
hybrid_antro_geo_0979.wav,5
hybrid_antro_geo_0980.wav,5
hybrid_antro_geo_0981.wav,5
hybrid_antro_geo_0982.wav,5
hybrid_antro_geo_0983.wav,5
hybrid_antro_geo_0984.wav,5
hybrid_antro_geo_0985.wav,5
hybrid_antro_geo_0986.wav,5
hybrid_antro_geo_0987.wav,5
hybrid_antro_geo_0988.wav,5
hybrid_antro_geo_0989.wav,5
hybrid_antro_geo_0990.wav,5
hybrid_antro_geo_0991.wav,5
hybrid_antro_geo_0992.wav,5
hybrid_antro_geo_0993.wav,5
hybrid_antro_geo_0994.wav,5
hybrid_antro_geo_0995.wav,5
hybrid_antro_geo_0996.wav,5
hybrid_antro_geo_0997.wav,5
hybrid_antro_geo_0998.wav,5
hybrid_antro_geo_0999.wav,5
hybrid_antro_geo_1000.wav,5
hybrid_antro_geo_1001.wav,5
hybrid_antro_geo_1002.wav,5
hybrid_antro_geo_1003.wav,5
hybrid_antro_geo_1004.wav,5
hybrid_antro_geo_1005.wav,5
hybrid_antro_geo_1006.wav,5
hybrid_antro_geo_1007.wav,5
hybrid_antro_geo_1008.wav,5
hybrid_antro_geo_1009.wav,5
hybrid_antro_geo_1010.wav,5
hybrid_antro_geo_1011.wav,5
hybrid_antro_geo_1012.wav,5
hybrid_antro_geo_1013.wav,5
hybrid_antro_geo_1014.wav,5
hybrid_antro_geo_1015.wav,5
hybrid_antro_geo_1016.wav,5
hybrid_antro_geo_1017.wav,5
hybrid_antro_geo_1018.wav,5
hybrid_antro_geo_1019.wav,5
hybrid_antro_geo_1020.wav,5
hybrid_antro_geo_1021.wav,5
hybrid_antro_geo_1022.wav,5
hybrid_antro_geo_1023.wav,5
hybrid_antro_geo_1024.wav,5
hybrid_antro_geo_1025.wav,5
hybrid_antro_geo_1026.wav,5
hybrid_antro_geo_1027.wav,5
hybrid_antro_geo_1028.wav,5
hybrid_antro_geo_1029.wav,5
hybrid_antro_geo_1030.wav,5
hybrid_antro_geo_1031.wav,5
hybrid_antro_geo_1032.wav,5
hybrid_antro_geo_1033.wav,5
hybrid_antro_geo_1034.wav,5
hybrid_antro_geo_1035.wav,5
hybrid_antro_geo_1036.wav,5
hybrid_antro_geo_1037.wav,5
hybrid_antro_geo_1038.wav,5
hybrid_antro_geo_1039.wav,5
hybrid_antro_geo_1040.wav,5
hybrid_antro_geo_1041.wav,5
hybrid_antro_geo_1042.wav,5
hybrid_antro_geo_1043.wav,5
hybrid_antro_geo_1044.wav,5
hybrid_antro_geo_1045.wav,5
hybrid_antro_geo_1046.wav,5
hybrid_antro_geo_1047.wav,5
hybrid_antro_geo_1048.wav,5
hybrid_antro_geo_1049.wav,5
hybrid_antro_geo_1050.wav,5
hybrid_antro_geo_1051.wav,5
hybrid_antro_geo_1052.wav,5
hybrid_antro_geo_1053.wav,5
hybrid_antro_geo_1054.wav,5
hybrid_antro_geo_1055.wav,5
hybrid_antro_geo_1056.wav,5
hybrid_antro_geo_1057.wav,5
hybrid_antro_geo_1058.wav,5
hybrid_antro_geo_1059.wav,5
hybrid_antro_geo_1060.wav,5
hybrid_antro_geo_1061.wav,5
hybrid_antro_geo_1062.wav,5
hybrid_antro_geo_1063.wav,5
hybrid_antro_geo_1064.wav,5
hybrid_antro_geo_1065.wav,5
hybrid_antro_geo_1066.wav,5
hybrid_antro_geo_1067.wav,5
hybrid_antro_geo_1068.wav,5
hybrid_antro_geo_1069.wav,5
hybrid_antro_geo_1070.wav,5
hybrid_antro_geo_1071.wav,5
hybrid_antro_geo_1072.wav,5
hybrid_antro_geo_1073.wav,5
hybrid_antro_geo_1074.wav,5
hybrid_antro_geo_1075.wav,5
hybrid_antro_geo_1076.wav,5
hybrid_antro_geo_1077.wav,5
hybrid_antro_geo_1078.wav,5
hybrid_antro_geo_1079.wav,5
hybrid_antro_geo_1080.wav,5
hybrid_antro_geo_1081.wav,5
hybrid_antro_geo_1082.wav,5
hybrid_antro_geo_1083.wav,5
hybrid_antro_geo_1084.wav,5
hybrid_antro_geo_1085.wav,5
hybrid_antro_geo_1086.wav,5
hybrid_antro_geo_1087.wav,5
hybrid_antro_geo_1088.wav,5
hybrid_antro_geo_1089.wav,5
hybrid_antro_geo_1090.wav,5
hybrid_antro_geo_1091.wav,5
hybrid_antro_geo_1092.wav,5
hybrid_antro_geo_1093.wav,5
hybrid_antro_geo_1094.wav,5
hybrid_antro_geo_1095.wav,5
hybrid_antro_geo_1096.wav,5
hybrid_antro_geo_1097.wav,5
hybrid_antro_geo_1098.wav,5
hybrid_antro_geo_1099.wav,5
hybrid_antro_geo_1100.wav,5
hybrid_antro_geo_1101.wav,5
hybrid_antro_geo_1102.wav,5
hybrid_antro_geo_1103.wav,5
hybrid_antro_geo_1104.wav,5
hybrid_antro_geo_1105.wav,5
hybrid_antro_geo_1106.wav,5
hybrid_antro_geo_1107.wav,5
hybrid_antro_geo_1108.wav,5
hybrid_antro_geo_1109.wav,5
hybrid_antro_geo_1110.wav,5
hybrid_antro_geo_1111.wav,5
hybrid_antro_geo_1112.wav,5
hybrid_antro_geo_1113.wav,5
hybrid_antro_geo_1114.wav,5
hybrid_antro_geo_1115.wav,5
hybrid_antro_geo_1116.wav,5
hybrid_antro_geo_1117.wav,5
hybrid_antro_geo_1118.wav,5
hybrid_antro_geo_1119.wav,5
hybrid_antro_geo_1120.wav,5
hybrid_antro_geo_1121.wav,5
hybrid_antro_geo_1122.wav,5
hybrid_antro_geo_1123.wav,5
hybrid_antro_geo_1124.wav,5
hybrid_antro_geo_1125.wav,5
hybrid_antro_geo_1126.wav,5
hybrid_antro_geo_1127.wav,5
hybrid_antro_geo_1128.wav,5
hybrid_antro_geo_1129.wav,5
hybrid_antro_geo_1130.wav,5
hybrid_antro_geo_1131.wav,5
hybrid_antro_geo_1132.wav,5
hybrid_antro_geo_1133.wav,5
hybrid_antro_geo_1134.wav,5
hybrid_antro_geo_1135.wav,5
hybrid_antro_geo_1136.wav,5
hybrid_antro_geo_1137.wav,5
hybrid_antro_geo_1138.wav,5
hybrid_antro_geo_1139.wav,5
hybrid_antro_geo_1140.wav,5
hybrid_antro_geo_1141.wav,5
hybrid_antro_geo_1142.wav,5
hybrid_antro_geo_1143.wav,5
hybrid_antro_geo_1144.wav,5
hybrid_antro_geo_1145.wav,5
hybrid_antro_geo_1146.wav,5
hybrid_antro_geo_1147.wav,5
hybrid_antro_geo_1148.wav,5
hybrid_antro_geo_1149.wav,5
hybrid_antro_geo_1150.wav,5
hybrid_antro_geo_1151.wav,5
hybrid_antro_geo_1152.wav,5
hybrid_antro_geo_1153.wav,5
hybrid_antro_geo_1154.wav,5
hybrid_antro_geo_1155.wav,5
hybrid_antro_geo_1156.wav,5
hybrid_antro_geo_1157.wav,5
hybrid_antro_geo_1158.wav,5
hybrid_antro_geo_1159.wav,5
hybrid_antro_geo_1160.wav,5
hybrid_antro_geo_1161.wav,5
hybrid_antro_geo_1162.wav,5
hybrid_antro_geo_1163.wav,5
hybrid_antro_geo_1164.wav,5
hybrid_antro_geo_1165.wav,5
hybrid_antro_geo_1166.wav,5
hybrid_antro_geo_1167.wav,5
hybrid_antro_geo_1168.wav,5
hybrid_antro_geo_1169.wav,5
hybrid_antro_geo_1170.wav,5
hybrid_antro_geo_1171.wav,5
hybrid_antro_geo_1172.wav,5
hybrid_antro_geo_1173.wav,5
hybrid_antro_geo_1174.wav,5
hybrid_antro_geo_1175.wav,5
hybrid_antro_geo_1176.wav,5
hybrid_antro_geo_1177.wav,5
hybrid_antro_geo_1178.wav,5
hybrid_antro_geo_1179.wav,5
hybrid_antro_geo_1180.wav,5
hybrid_antro_geo_1181.wav,5
hybrid_antro_geo_1182.wav,5
hybrid_antro_geo_1183.wav,5
hybrid_antro_geo_1184.wav,5
hybrid_antro_geo_1185.wav,5
hybrid_antro_geo_1186.wav,5
hybrid_antro_geo_1187.wav,5
hybrid_antro_geo_1188.wav,5
hybrid_antro_geo_1189.wav,5
hybrid_antro_geo_1190.wav,5
hybrid_antro_geo_1191.wav,5
hybrid_antro_geo_1192.wav,5
hybrid_antro_geo_1193.wav,5
hybrid_antro_geo_1194.wav,5
hybrid_antro_geo_1195.wav,5
hybrid_antro_geo_1196.wav,5
hybrid_antro_geo_1197.wav,5
hybrid_antro_geo_1198.wav,5
hybrid_antro_geo_1199.wav,5
hybrid_antro_geo_1200.wav,5
hybrid_antro_geo_1201.wav,5
hybrid_antro_geo_1202.wav,5
hybrid_antro_geo_1203.wav,5
hybrid_antro_geo_1204.wav,5
hybrid_antro_geo_1205.wav,5
hybrid_antro_geo_1206.wav,5
hybrid_antro_geo_1207.wav,5
hybrid_antro_geo_1208.wav,5
hybrid_antro_geo_1209.wav,5
hybrid_antro_geo_1210.wav,5
hybrid_antro_geo_1211.wav,5
hybrid_antro_geo_1212.wav,5
hybrid_antro_geo_1213.wav,5
hybrid_antro_geo_1214.wav,5
hybrid_antro_geo_1215.wav,5
hybrid_antro_geo_1216.wav,5
hybrid_antro_geo_1217.wav,5
hybrid_antro_geo_1218.wav,5
hybrid_antro_geo_1219.wav,5
hybrid_antro_geo_1220.wav,5
hybrid_antro_geo_1221.wav,5
hybrid_antro_geo_1222.wav,5
hybrid_antro_geo_1223.wav,5
hybrid_antro_geo_1224.wav,5
hybrid_antro_geo_1225.wav,5
hybrid_antro_geo_1226.wav,5
hybrid_antro_geo_1227.wav,5
hybrid_antro_geo_1228.wav,5
hybrid_antro_geo_1229.wav,5
hybrid_antro_geo_1230.wav,5
hybrid_antro_geo_1231.wav,5
hybrid_antro_geo_1232.wav,5
hybrid_antro_geo_1233.wav,5
hybrid_antro_geo_1234.wav,5
hybrid_antro_geo_1235.wav,5
hybrid_antro_geo_1236.wav,5
hybrid_antro_geo_1237.wav,5
hybrid_antro_geo_1238.wav,5
hybrid_antro_geo_1239.wav,5
hybrid_antro_geo_1240.wav,5
hybrid_antro_geo_1241.wav,5
hybrid_antro_geo_1242.wav,5
hybrid_antro_geo_1243.wav,5
hybrid_antro_geo_1244.wav,5
hybrid_antro_geo_1245.wav,5
hybrid_antro_geo_1246.wav,5
hybrid_antro_geo_1247.wav,5
hybrid_antro_geo_1248.wav,5
hybrid_antro_geo_1249.wav,5
hybrid_antro_geo_1250.wav,5
hybrid_antro_geo_1251.wav,5
hybrid_antro_geo_1252.wav,5
hybrid_antro_geo_1253.wav,5
hybrid_antro_geo_1254.wav,5
hybrid_antro_geo_1255.wav,5
hybrid_antro_geo_1256.wav,5
hybrid_antro_geo_1257.wav,5
hybrid_antro_geo_1258.wav,5
hybrid_antro_geo_1259.wav,5
hybrid_antro_geo_1260.wav,5
hybrid_antro_geo_1261.wav,5
hybrid_antro_geo_1262.wav,5
hybrid_antro_geo_1263.wav,5
hybrid_antro_geo_1264.wav,5
hybrid_antro_geo_1265.wav,5
hybrid_antro_geo_1266.wav,5
hybrid_antro_geo_1267.wav,5
hybrid_antro_geo_1268.wav,5
hybrid_antro_geo_1269.wav,5
hybrid_antro_geo_1270.wav,5
hybrid_antro_geo_1271.wav,5
hybrid_antro_geo_1272.wav,5
hybrid_antro_geo_1273.wav,5
hybrid_antro_geo_1274.wav,5
hybrid_antro_geo_1275.wav,5
hybrid_antro_geo_1276.wav,5
hybrid_antro_geo_1277.wav,5
hybrid_antro_geo_1278.wav,5
hybrid_antro_geo_1279.wav,5
hybrid_antro_geo_1280.wav,5
hybrid_antro_geo_1281.wav,5
hybrid_antro_geo_1282.wav,5
hybrid_antro_geo_1283.wav,5
hybrid_antro_geo_1284.wav,5
hybrid_antro_geo_1285.wav,5
hybrid_antro_geo_1286.wav,5
hybrid_antro_geo_1287.wav,5
hybrid_antro_geo_1288.wav,5
hybrid_antro_geo_1289.wav,5
hybrid_antro_geo_1290.wav,5
hybrid_antro_geo_1291.wav,5
hybrid_antro_geo_1292.wav,5
hybrid_antro_geo_1293.wav,5
hybrid_antro_geo_1294.wav,5
hybrid_antro_geo_1295.wav,5
hybrid_antro_geo_1296.wav,5
hybrid_antro_geo_1297.wav,5
hybrid_antro_geo_1298.wav,5
hybrid_antro_geo_1299.wav,5
hybrid_antro_geo_1300.wav,5
hybrid_antro_geo_1301.wav,5
hybrid_antro_geo_1302.wav,5
hybrid_antro_geo_1303.wav,5
hybrid_antro_geo_1304.wav,5
hybrid_antro_geo_1305.wav,5
hybrid_antro_geo_1306.wav,5
hybrid_antro_geo_1307.wav,5
hybrid_antro_geo_1308.wav,5
hybrid_antro_geo_1309.wav,5
hybrid_antro_geo_1310.wav,5
hybrid_antro_geo_1311.wav,5
hybrid_antro_geo_1312.wav,5
hybrid_antro_geo_1313.wav,5
hybrid_antro_geo_1314.wav,5
hybrid_antro_geo_1315.wav,5
hybrid_antro_geo_1316.wav,5
hybrid_antro_geo_1317.wav,5
hybrid_antro_geo_1318.wav,5
hybrid_antro_geo_1319.wav,5
hybrid_antro_geo_1320.wav,5
hybrid_antro_geo_1321.wav,5
hybrid_antro_geo_1322.wav,5
hybrid_antro_geo_1323.wav,5
hybrid_antro_geo_1324.wav,5
hybrid_antro_geo_1325.wav,5
hybrid_antro_geo_1326.wav,5
hybrid_antro_geo_1327.wav,5
hybrid_antro_geo_1328.wav,5
hybrid_antro_geo_1329.wav,5
hybrid_antro_geo_1330.wav,5
hybrid_antro_geo_1331.wav,5
hybrid_antro_geo_1332.wav,5
hybrid_antro_geo_1333.wav,5
hybrid_antro_geo_1334.wav,5
hybrid_antro_geo_1335.wav,5
hybrid_antro_geo_1336.wav,5
hybrid_antro_geo_1337.wav,5
hybrid_antro_geo_1338.wav,5
hybrid_antro_geo_1339.wav,5
hybrid_antro_geo_1340.wav,5
hybrid_antro_geo_1341.wav,5
hybrid_antro_geo_1342.wav,5
hybrid_antro_geo_1343.wav,5
hybrid_antro_geo_1344.wav,5
hybrid_antro_geo_1345.wav,5
hybrid_antro_geo_1346.wav,5
hybrid_antro_geo_1347.wav,5
hybrid_antro_geo_1348.wav,5
hybrid_antro_geo_1349.wav,5
hybrid_antro_geo_1350.wav,5
hybrid_antro_geo_1351.wav,5
hybrid_antro_geo_1352.wav,5
hybrid_antro_geo_1353.wav,5
hybrid_antro_geo_1354.wav,5
hybrid_antro_geo_1355.wav,5
hybrid_antro_geo_1356.wav,5
hybrid_antro_geo_1357.wav,5
hybrid_antro_geo_1358.wav,5
hybrid_antro_geo_1359.wav,5
hybrid_antro_geo_1360.wav,5
hybrid_antro_geo_1361.wav,5
hybrid_antro_geo_1362.wav,5
hybrid_antro_geo_1363.wav,5
hybrid_antro_geo_1364.wav,5
hybrid_antro_geo_1365.wav,5
hybrid_antro_geo_1366.wav,5
hybrid_antro_geo_1367.wav,5
hybrid_antro_geo_1368.wav,5
hybrid_antro_geo_1369.wav,5
hybrid_antro_geo_1370.wav,5
hybrid_antro_geo_1371.wav,5
hybrid_antro_geo_1372.wav,5
hybrid_antro_geo_1373.wav,5
hybrid_antro_geo_1374.wav,5
hybrid_antro_geo_1375.wav,5
hybrid_antro_geo_1376.wav,5
hybrid_antro_geo_1377.wav,5
hybrid_antro_geo_1378.wav,5
hybrid_antro_geo_1379.wav,5
hybrid_antro_geo_1380.wav,5
hybrid_antro_geo_1381.wav,5
hybrid_antro_geo_1382.wav,5
hybrid_antro_geo_1383.wav,5
hybrid_antro_geo_1384.wav,5
hybrid_antro_geo_1385.wav,5
hybrid_antro_geo_1386.wav,5
hybrid_antro_geo_1387.wav,5
hybrid_antro_geo_1388.wav,5
hybrid_antro_geo_1389.wav,5
hybrid_antro_geo_1390.wav,5
hybrid_antro_geo_1391.wav,5
hybrid_antro_geo_1392.wav,5
hybrid_antro_geo_1393.wav,5
hybrid_antro_geo_1394.wav,5
hybrid_antro_geo_1395.wav,5
hybrid_antro_geo_1396.wav,5
hybrid_antro_geo_1397.wav,5
hybrid_antro_geo_1398.wav,5
hybrid_antro_geo_1399.wav,5
hybrid_antro_geo_1400.wav,5
hybrid_antro_geo_1401.wav,5
hybrid_antro_geo_1402.wav,5
hybrid_antro_geo_1403.wav,5
hybrid_antro_geo_1404.wav,5
hybrid_antro_geo_1405.wav,5
hybrid_antro_geo_1406.wav,5
hybrid_antro_geo_1407.wav,5
hybrid_antro_geo_1408.wav,5
hybrid_antro_geo_1409.wav,5
hybrid_antro_geo_1410.wav,5
hybrid_antro_geo_1411.wav,5
hybrid_antro_geo_1412.wav,5
hybrid_antro_geo_1413.wav,5
hybrid_antro_geo_1414.wav,5
hybrid_antro_geo_1415.wav,5
hybrid_antro_geo_1416.wav,5
hybrid_antro_geo_1417.wav,5
hybrid_antro_geo_1418.wav,5
hybrid_antro_geo_1419.wav,5
hybrid_antro_geo_1420.wav,5
hybrid_antro_geo_1421.wav,5
hybrid_antro_geo_1422.wav,5
hybrid_antro_geo_1423.wav,5
hybrid_antro_geo_1424.wav,5
hybrid_antro_geo_1425.wav,5
hybrid_antro_geo_1426.wav,5
hybrid_antro_geo_1427.wav,5
hybrid_antro_geo_1428.wav,5
hybrid_antro_geo_1429.wav,5
hybrid_antro_geo_1430.wav,5
hybrid_antro_geo_1431.wav,5
hybrid_antro_geo_1432.wav,5
hybrid_antro_geo_1433.wav,5
hybrid_antro_geo_1434.wav,5
hybrid_antro_geo_1435.wav,5
hybrid_antro_geo_1436.wav,5
hybrid_antro_geo_1437.wav,5
hybrid_antro_geo_1438.wav,5
hybrid_antro_geo_1439.wav,5
hybrid_antro_geo_1440.wav,5
hybrid_antro_geo_1441.wav,5
hybrid_antro_geo_1442.wav,5
hybrid_antro_geo_1443.wav,5
hybrid_antro_geo_1444.wav,5
hybrid_antro_geo_1445.wav,5
hybrid_antro_geo_1446.wav,5
hybrid_antro_geo_1447.wav,5
hybrid_antro_geo_1448.wav,5
hybrid_antro_geo_1449.wav,5
hybrid_antro_geo_1450.wav,5
hybrid_antro_geo_1451.wav,5
hybrid_antro_geo_1452.wav,5
hybrid_antro_geo_1453.wav,5
hybrid_antro_geo_1454.wav,5
hybrid_antro_geo_1455.wav,5
hybrid_antro_geo_1456.wav,5
hybrid_antro_geo_1457.wav,5
hybrid_antro_geo_1458.wav,5
hybrid_antro_geo_1459.wav,5
hybrid_antro_geo_1460.wav,5
hybrid_antro_geo_1461.wav,5
hybrid_antro_geo_1462.wav,5
hybrid_antro_geo_1463.wav,5
hybrid_antro_geo_1464.wav,5
hybrid_antro_geo_1465.wav,5
hybrid_antro_geo_1466.wav,5
hybrid_antro_geo_1467.wav,5
hybrid_antro_geo_1468.wav,5
hybrid_antro_geo_1469.wav,5
hybrid_antro_geo_1470.wav,5
hybrid_antro_geo_1471.wav,5
hybrid_antro_geo_1472.wav,5
hybrid_antro_geo_1473.wav,5
hybrid_antro_geo_1474.wav,5
hybrid_antro_geo_1475.wav,5
hybrid_antro_geo_1476.wav,5
hybrid_antro_geo_1477.wav,5
hybrid_antro_geo_1478.wav,5
hybrid_antro_geo_1479.wav,5
hybrid_antro_geo_1480.wav,5
hybrid_antro_geo_1481.wav,5
hybrid_antro_geo_1482.wav,5
hybrid_antro_geo_1483.wav,5
hybrid_antro_geo_1484.wav,5
hybrid_antro_geo_1485.wav,5
hybrid_antro_geo_1486.wav,5
hybrid_antro_geo_1487.wav,5
hybrid_antro_geo_1488.wav,5
hybrid_antro_geo_1489.wav,5
hybrid_antro_geo_1490.wav,5
hybrid_antro_geo_1491.wav,5
hybrid_antro_geo_1492.wav,5
hybrid_antro_geo_1493.wav,5
hybrid_antro_geo_1494.wav,5
hybrid_antro_geo_1495.wav,5
hybrid_antro_geo_1496.wav,5
hybrid_antro_geo_1497.wav,5
hybrid_antro_geo_1498.wav,5
hybrid_antro_geo_1499.wav,5
hybrid_antro_geo_1500.wav,5
hybrid_antro_geo_1501.wav,5
hybrid_antro_geo_1502.wav,5
hybrid_antro_geo_1503.wav,5
hybrid_antro_geo_1504.wav,5
hybrid_antro_geo_1505.wav,5
hybrid_antro_geo_1506.wav,5
hybrid_antro_geo_1507.wav,5
hybrid_antro_geo_1508.wav,5
hybrid_antro_geo_1509.wav,5
hybrid_antro_geo_1510.wav,5
hybrid_antro_geo_1511.wav,5
hybrid_antro_geo_1512.wav,5
hybrid_antro_geo_1513.wav,5
hybrid_antro_geo_1514.wav,5
hybrid_antro_geo_1515.wav,5
hybrid_antro_geo_1516.wav,5
hybrid_antro_geo_1517.wav,5
hybrid_antro_geo_1518.wav,5
hybrid_antro_geo_1519.wav,5
hybrid_antro_geo_1520.wav,5
hybrid_antro_geo_1521.wav,5
hybrid_antro_geo_1522.wav,5
hybrid_antro_geo_1523.wav,5
hybrid_antro_geo_1524.wav,5
hybrid_antro_geo_1525.wav,5
hybrid_antro_geo_1526.wav,5
hybrid_antro_geo_1527.wav,5
hybrid_antro_geo_1528.wav,5
hybrid_antro_geo_1529.wav,5
hybrid_antro_geo_1530.wav,5
hybrid_antro_geo_1531.wav,5
hybrid_antro_geo_1532.wav,5
hybrid_antro_geo_1533.wav,5
hybrid_antro_geo_1534.wav,5
hybrid_antro_geo_1535.wav,5
hybrid_antro_geo_1536.wav,5
hybrid_antro_geo_1537.wav,5
hybrid_antro_geo_1538.wav,5
hybrid_antro_geo_1539.wav,5
hybrid_antro_geo_1540.wav,5
hybrid_antro_geo_1541.wav,5
hybrid_antro_geo_1542.wav,5
hybrid_antro_geo_1543.wav,5
hybrid_antro_geo_1544.wav,5
hybrid_antro_geo_1545.wav,5
hybrid_antro_geo_1546.wav,5
hybrid_antro_geo_1547.wav,5
hybrid_antro_geo_1548.wav,5
hybrid_antro_geo_1549.wav,5
hybrid_antro_geo_1550.wav,5
hybrid_antro_geo_1551.wav,5
hybrid_antro_geo_1552.wav,5
hybrid_antro_geo_1553.wav,5
hybrid_antro_geo_1554.wav,5
hybrid_antro_geo_1555.wav,5
hybrid_antro_geo_1556.wav,5
hybrid_antro_geo_1557.wav,5
hybrid_antro_geo_1558.wav,5
hybrid_antro_geo_1559.wav,5
hybrid_antro_geo_1560.wav,5
hybrid_antro_geo_1561.wav,5
hybrid_antro_geo_1562.wav,5
hybrid_antro_geo_1563.wav,5
hybrid_antro_geo_1564.wav,5
hybrid_antro_geo_1565.wav,5
hybrid_antro_geo_1566.wav,5
hybrid_antro_geo_1567.wav,5
hybrid_antro_geo_1568.wav,5
hybrid_antro_geo_1569.wav,5
hybrid_antro_geo_1570.wav,5
hybrid_antro_geo_1571.wav,5
hybrid_antro_geo_1572.wav,5
hybrid_antro_geo_1573.wav,5
hybrid_antro_geo_1574.wav,5
hybrid_antro_geo_1575.wav,5
hybrid_antro_geo_1576.wav,5
hybrid_antro_geo_1577.wav,5
hybrid_antro_geo_1578.wav,5
hybrid_antro_geo_1579.wav,5
hybrid_antro_geo_1580.wav,5
hybrid_antro_geo_1581.wav,5
hybrid_antro_geo_1582.wav,5
hybrid_antro_geo_1583.wav,5
hybrid_antro_geo_1584.wav,5
hybrid_antro_geo_1585.wav,5
hybrid_antro_geo_1586.wav,5
hybrid_antro_geo_1587.wav,5
hybrid_antro_geo_1588.wav,5
hybrid_antro_geo_1589.wav,5
hybrid_antro_geo_1590.wav,5
hybrid_antro_geo_1591.wav,5
hybrid_antro_geo_1592.wav,5
hybrid_antro_geo_1593.wav,5
hybrid_antro_geo_1594.wav,5
hybrid_antro_geo_1595.wav,5
hybrid_antro_geo_1596.wav,5
hybrid_antro_geo_1597.wav,5
hybrid_antro_geo_1598.wav,5
hybrid_antro_geo_1599.wav,5
hybrid_antro_geo_1600.wav,5
hybrid_antro_geo_1601.wav,5
hybrid_antro_geo_1602.wav,5
hybrid_antro_geo_1603.wav,5
hybrid_antro_geo_1604.wav,5
hybrid_antro_geo_1605.wav,5
hybrid_antro_geo_1606.wav,5
hybrid_antro_geo_1607.wav,5
hybrid_antro_geo_1608.wav,5
hybrid_antro_geo_1609.wav,5
hybrid_antro_geo_1610.wav,5
hybrid_antro_geo_1611.wav,5
hybrid_antro_geo_1612.wav,5
hybrid_antro_geo_1613.wav,5
hybrid_antro_geo_1614.wav,5
hybrid_antro_geo_1615.wav,5
hybrid_antro_geo_1616.wav,5
hybrid_antro_geo_1617.wav,5
hybrid_antro_geo_1618.wav,5
hybrid_antro_geo_1619.wav,5
hybrid_antro_geo_1620.wav,5
hybrid_antro_geo_1621.wav,5
hybrid_antro_geo_1622.wav,5
hybrid_antro_geo_1623.wav,5
hybrid_antro_geo_1624.wav,5
hybrid_antro_geo_1625.wav,5
hybrid_antro_geo_1626.wav,5
hybrid_antro_geo_1627.wav,5
hybrid_antro_geo_1628.wav,5
hybrid_antro_geo_1629.wav,5
hybrid_antro_geo_1630.wav,5
hybrid_antro_geo_1631.wav,5
hybrid_antro_geo_1632.wav,5
hybrid_antro_geo_1633.wav,5
hybrid_antro_geo_1634.wav,5
hybrid_antro_geo_1635.wav,5
hybrid_antro_geo_1636.wav,5
hybrid_antro_geo_1637.wav,5
hybrid_antro_geo_1638.wav,5
hybrid_antro_geo_1639.wav,5
hybrid_antro_geo_1640.wav,5
hybrid_antro_geo_1641.wav,5
hybrid_antro_geo_1642.wav,5
hybrid_antro_geo_1643.wav,5
hybrid_antro_geo_1644.wav,5
hybrid_antro_geo_1645.wav,5
hybrid_antro_geo_1646.wav,5
hybrid_antro_geo_1647.wav,5
hybrid_antro_geo_1648.wav,5
hybrid_antro_geo_1649.wav,5
hybrid_antro_geo_1650.wav,5
hybrid_antro_geo_1651.wav,5
hybrid_antro_geo_1652.wav,5
hybrid_antro_geo_1653.wav,5
hybrid_antro_geo_1654.wav,5
hybrid_antro_geo_1655.wav,5
hybrid_antro_geo_1656.wav,5
hybrid_antro_geo_1657.wav,5
hybrid_antro_geo_1658.wav,5
hybrid_antro_geo_1659.wav,5
hybrid_antro_geo_1660.wav,5
hybrid_antro_geo_1661.wav,5
hybrid_antro_geo_1662.wav,5
hybrid_antro_geo_1663.wav,5
hybrid_antro_geo_1664.wav,5
hybrid_antro_geo_1665.wav,5
hybrid_antro_geo_1666.wav,5
