filename,scene_label,scene_name,bio_class,antro_class,geo_class,bio_proportion,antro_proportion,geo_proportion
scene0_bio_dominated_0000.wav,0,bio_dominated,crickets,drinking_sipping,sea_waves,0.790473573770917,0.15429542463239715,0.05523100159668589
scene0_bio_dominated_0001.wav,0,bio_dominated,breathing,engine,rain,0.8923570832675464,0.056492417306294264,0.05115049942615945
scene0_bio_dominated_0002.wav,0,bio_dominated,sheep,washing_machine,crackling_fire,0.8461805714276764,0.03661290648872483,0.11720652208359883
scene0_bio_dominated_0003.wav,0,bio_dominated,cow,pouring_water,thunderstorm,0.7148200537232106,0.10967188242456259,0.17550806385222667
scene0_bio_dominated_0004.wav,0,bio_dominated,sneezing,hand_saw,sea_waves,0.644034033601165,0.20921109049750608,0.146754875901329
scene0_bio_dominated_0005.wav,0,bio_dominated,crying_baby,door_wood_knock,wind,0.6875139020912377,0.2077512296039851,0.10473486830477732
scene0_bio_dominated_0006.wav,0,bio_dominated,crickets,door_wood_knock,wind,0.9249636866754036,0.008192704131849311,0.06684360919274712
scene0_bio_dominated_0007.wav,0,bio_dominated,crying_baby,glass_breaking,rain,0.7664266728327798,0.16237577244604431,0.07119755472117606
scene0_bio_dominated_0008.wav,0,bio_dominated,coughing,mouse_click,sea_waves,0.9703667666985518,0.007785655204148609,0.021847578097299557
scene0_bio_dominated_0009.wav,0,bio_dominated,clapping,siren,crackling_fire,0.9430762456702418,0.03480799837615314,0.022115755953605026
scene0_bio_dominated_0010.wav,0,bio_dominated,dog,glass_breaking,thunderstorm,0.7876241230946666,0.19891293345683742,0.013462943448496167
scene0_bio_dominated_0011.wav,0,bio_dominated,dog,train,water_drops,0.6406209952417827,0.18586378947063814,0.17351521528757896
scene0_bio_dominated_0012.wav,0,bio_dominated,pig,church_bells,wind,0.744516179196179,0.06448571189521675,0.1909981089086043
scene0_bio_dominated_0013.wav,0,bio_dominated,crickets,vacuum_cleaner,wind,0.7687825886056352,0.1094016919697792,0.1218157194245857
scene0_bio_dominated_0014.wav,0,bio_dominated,crow,siren,water_drops,0.6647334641989733,0.10813285208241624,0.22713368371861045
scene0_bio_dominated_0015.wav,0,bio_dominated,breathing,helicopter,crackling_fire,0.8091087481219212,0.12845228672323114,0.0624389651548476
scene0_bio_dominated_0016.wav,0,bio_dominated,crying_baby,clock_tick,thunderstorm,0.8771813885808286,0.015438770103892161,0.10737984131527908
scene0_bio_dominated_0017.wav,0,bio_dominated,frog,fireworks,rain,0.6863862917540647,0.13024884376761045,0.18336486447832484
scene0_bio_dominated_0018.wav,0,bio_dominated,pig,washing_machine,thunderstorm,0.8567657327242126,0.09695902340546102,0.04627524387032641
scene0_bio_dominated_0019.wav,0,bio_dominated,crow,can_opening,sea_waves,0.8942557531795992,0.07794705110118323,0.0277971957192174
scene0_bio_dominated_0020.wav,0,bio_dominated,breathing,engine,rain,0.9016711456848227,0.0918520051866472,0.0064768491285301915
scene0_bio_dominated_0021.wav,0,bio_dominated,cat,pouring_water,rain,0.951302709715172,0.019969427175120864,0.028727863109707295
scene0_bio_dominated_0022.wav,0,bio_dominated,crying_baby,fireworks,crackling_fire,0.7959049045822411,0.12296871816778365,0.08112637724997522
scene0_bio_dominated_0023.wav,0,bio_dominated,cow,toilet_flush,thunderstorm,0.5967301967768402,0.061150493161487636,0.3421193100616722
scene0_bio_dominated_0024.wav,0,bio_dominated,coughing,keyboard_typing,rain,0.5427556161233824,0.4245533372282159,0.032691046648401605
scene0_bio_dominated_0025.wav,0,bio_dominated,snoring,hand_saw,rain,0.8674009861072982,0.09796091053970453,0.03463810335299733
scene0_bio_dominated_0026.wav,0,bio_dominated,snoring,fireworks,wind,0.9045845705932024,0.05030113457098087,0.04511429483581667
scene0_bio_dominated_0027.wav,0,bio_dominated,hen,helicopter,rain,0.9260269892232919,0.05574702783202813,0.018225982944679957
scene0_bio_dominated_0028.wav,0,bio_dominated,laughing,helicopter,thunderstorm,0.7665402919074494,0.09216577447296458,0.141293933619586
scene0_bio_dominated_0029.wav,0,bio_dominated,sheep,siren,crackling_fire,0.9154762309805632,0.013037036913667529,0.07148673210576925
scene0_bio_dominated_0030.wav,0,bio_dominated,coughing,clock_tick,thunderstorm,0.7457648182452412,0.10116646583421861,0.1530687159205402
scene0_bio_dominated_0031.wav,0,bio_dominated,hen,door_wood_creaks,sea_waves,0.6674701803313968,0.2097426540470003,0.12278716562160279
scene0_bio_dominated_0032.wav,0,bio_dominated,clapping,car_horn,sea_waves,0.777233742049205,0.005858585683461646,0.2169076722673332
scene0_bio_dominated_0033.wav,0,bio_dominated,crickets,fireworks,wind,0.8877102435093172,0.06261177962712552,0.04967797686355731
scene0_bio_dominated_0034.wav,0,bio_dominated,chirping_birds,drinking_sipping,thunderstorm,0.617151790505408,0.28088620865543273,0.10196200083915932
scene0_bio_dominated_0035.wav,0,bio_dominated,clapping,brushing_teeth,water_drops,0.640825597862612,0.049457326094024714,0.3097170760433634
scene0_bio_dominated_0036.wav,0,bio_dominated,pig,drinking_sipping,crackling_fire,0.7353379522768926,0.2176840409016854,0.04697800682142204
scene0_bio_dominated_0037.wav,0,bio_dominated,pig,clock_tick,wind,0.9183844869461306,0.041483686074617505,0.0401318269792518
scene0_bio_dominated_0038.wav,0,bio_dominated,clapping,engine,wind,0.7463069470787933,0.15443603070731132,0.09925702221389532
scene0_bio_dominated_0039.wav,0,bio_dominated,rooster,toilet_flush,thunderstorm,0.9058515256844489,0.07362543119896975,0.02052304311658124
scene0_bio_dominated_0040.wav,0,bio_dominated,clapping,can_opening,crackling_fire,0.9918840967515075,0.005571540341050065,0.0025443629074425327
scene0_bio_dominated_0041.wav,0,bio_dominated,clapping,footsteps,wind,0.9185861478306683,0.04272226710280275,0.03869158506652905
scene0_bio_dominated_0042.wav,0,bio_dominated,dog,church_bells,water_drops,0.9301577846421789,0.046716679303524924,0.023125536054296073
scene0_bio_dominated_0043.wav,0,bio_dominated,rooster,airplane,thunderstorm,0.7452881150449473,0.07118721133055632,0.1835246736244962
scene0_bio_dominated_0044.wav,0,bio_dominated,cow,keyboard_typing,crackling_fire,0.8273795084471108,0.1582407739263309,0.014379717626558274
scene0_bio_dominated_0045.wav,0,bio_dominated,cow,train,crackling_fire,0.7416674784691705,0.15082202094954575,0.10751050058128364
scene0_bio_dominated_0046.wav,0,bio_dominated,snoring,hand_saw,thunderstorm,0.8520367434736709,0.14652430955062712,0.0014389469757019797
scene0_bio_dominated_0047.wav,0,bio_dominated,sneezing,church_bells,wind,0.7626061786284786,0.166815248432981,0.07057857293854046
scene0_bio_dominated_0048.wav,0,bio_dominated,pig,clock_tick,crackling_fire,0.9296674770716897,0.02318128140388576,0.04715124152442458
scene0_bio_dominated_0049.wav,0,bio_dominated,hen,engine,rain,0.7616760119449246,0.004190958080875733,0.23413302997419963
scene0_bio_dominated_0050.wav,0,bio_dominated,crying_baby,fireworks,crackling_fire,0.8491575899838721,0.0024269163470753844,0.1484154936690524
scene0_bio_dominated_0051.wav,0,bio_dominated,rooster,pouring_water,thunderstorm,0.5551833487782011,0.0077623774016945665,0.43705427382010437
scene0_bio_dominated_0052.wav,0,bio_dominated,crow,airplane,thunderstorm,0.8172391922235082,0.07903590877350979,0.10372489900298229
scene0_bio_dominated_0053.wav,0,bio_dominated,sneezing,chainsaw,sea_waves,0.8751724521620864,0.07814127005867177,0.04668627777924195
scene0_bio_dominated_0054.wav,0,bio_dominated,cat,hand_saw,sea_waves,0.9306225940711867,0.03619779191896697,0.0331796140098463
scene0_bio_dominated_0055.wav,0,bio_dominated,cat,car_horn,rain,0.8274894158829573,0.06596652017143718,0.10654406394560546
scene0_bio_dominated_0056.wav,0,bio_dominated,coughing,door_wood_creaks,sea_waves,0.9617445953303416,0.033036217851116184,0.005219186818542279
scene0_bio_dominated_0057.wav,0,bio_dominated,clapping,pouring_water,sea_waves,0.8483291534383631,0.1010154923558989,0.050655354205737836
scene0_bio_dominated_0058.wav,0,bio_dominated,coughing,glass_breaking,wind,0.8282037782626676,0.1361148159751007,0.03568140576223159
scene0_bio_dominated_0059.wav,0,bio_dominated,crickets,train,rain,0.7623122891039402,0.05206766083294064,0.18562005006311905
scene0_bio_dominated_0060.wav,0,bio_dominated,clapping,church_bells,sea_waves,0.7022319947775597,0.226583230730992,0.07118477449144842
scene0_bio_dominated_0061.wav,0,bio_dominated,dog,pouring_water,crackling_fire,0.8122508515684209,0.024513233306274463,0.16323591512530464
scene0_bio_dominated_0062.wav,0,bio_dominated,cat,washing_machine,crackling_fire,0.8917069991131504,0.019165053470024073,0.08912794741682548
scene0_bio_dominated_0063.wav,0,bio_dominated,frog,door_wood_creaks,sea_waves,0.7912986511937323,0.06419175385617679,0.14450959495009094
scene0_bio_dominated_0064.wav,0,bio_dominated,hen,train,sea_waves,0.9597991951366687,0.024130808458926054,0.01606999640440535
scene0_bio_dominated_0065.wav,0,bio_dominated,dog,church_bells,rain,0.9289566910022098,0.00822396084597405,0.06281934815181613
scene0_bio_dominated_0066.wav,0,bio_dominated,clapping,washing_machine,wind,0.87676927696907,0.11155501413244048,0.011675708898489581
scene0_bio_dominated_0067.wav,0,bio_dominated,chirping_birds,door_wood_creaks,sea_waves,0.8011275019818057,0.1500467949588778,0.0488257030593163
scene0_bio_dominated_0068.wav,0,bio_dominated,dog,hand_saw,water_drops,0.8825110844854479,0.09856230742435963,0.0189266080901923
scene0_bio_dominated_0069.wav,0,bio_dominated,coughing,church_bells,wind,0.6874016546375095,0.19788581664314117,0.11471252871934941
scene0_bio_dominated_0070.wav,0,bio_dominated,breathing,door_wood_creaks,crackling_fire,0.8711151550346184,0.03421045510431086,0.0946743898610707
scene0_bio_dominated_0071.wav,0,bio_dominated,sneezing,engine,water_drops,0.8847082214140632,0.05543639317388955,0.05985538541204719
scene0_bio_dominated_0072.wav,0,bio_dominated,sheep,can_opening,thunderstorm,0.8137893386138999,0.16920279902693802,0.017007862359162032
scene0_bio_dominated_0073.wav,0,bio_dominated,dog,car_horn,thunderstorm,0.7282115511305081,0.011070836472236003,0.260717612397256
scene0_bio_dominated_0074.wav,0,bio_dominated,dog,train,sea_waves,0.746787799791601,0.14781687334663246,0.10539532686176649
scene0_bio_dominated_0075.wav,0,bio_dominated,snoring,clock_alarm,crackling_fire,0.7570666670721246,0.008744621632737063,0.23418871129513832
scene0_bio_dominated_0076.wav,0,bio_dominated,coughing,clock_tick,rain,0.6012134778043883,0.2185183028993518,0.18026821929625997
scene0_bio_dominated_0077.wav,0,bio_dominated,crying_baby,toilet_flush,water_drops,0.8535487791622048,0.10523507430491111,0.04121614653288401
scene0_bio_dominated_0078.wav,0,bio_dominated,rooster,door_wood_creaks,sea_waves,0.8080497606451278,0.0448062925802838,0.14714394677458856
scene0_bio_dominated_0079.wav,0,bio_dominated,hen,door_wood_knock,crackling_fire,0.9290629714098493,0.045862226591157004,0.025074801998993763
scene0_bio_dominated_0080.wav,0,bio_dominated,insects,washing_machine,sea_waves,0.6723700540891961,0.16855524561359747,0.1590747002972063
scene0_bio_dominated_0081.wav,0,bio_dominated,cat,church_bells,rain,0.9311869679884165,0.012986101138154254,0.05582693087342922
scene0_bio_dominated_0082.wav,0,bio_dominated,sneezing,mouse_click,water_drops,0.8000146998092953,0.02613570886488936,0.17384959132581537
scene0_bio_dominated_0083.wav,0,bio_dominated,clapping,clock_tick,crackling_fire,0.9225798792974765,0.05209484220959293,0.025325278492930547
scene0_bio_dominated_0084.wav,0,bio_dominated,clapping,siren,thunderstorm,0.6244270200963478,0.0398847338046929,0.33568824609895925
scene0_bio_dominated_0085.wav,0,bio_dominated,frog,chainsaw,crackling_fire,0.9374357096313425,0.009670795488169506,0.052893494880488036
scene0_bio_dominated_0086.wav,0,bio_dominated,dog,footsteps,thunderstorm,0.5637744988475344,0.12857713033297832,0.30764837081948726
scene0_bio_dominated_0087.wav,0,bio_dominated,crickets,helicopter,rain,0.8898062820598218,0.04647019587143202,0.06372352206874618
scene0_bio_dominated_0088.wav,0,bio_dominated,sheep,engine,sea_waves,0.8772063146761406,0.002233652510705178,0.1205600328131542
scene0_bio_dominated_0089.wav,0,bio_dominated,coughing,mouse_click,crackling_fire,0.7424452278028966,0.16835975591207636,0.08919501628502711
scene0_bio_dominated_0090.wav,0,bio_dominated,clapping,airplane,crackling_fire,0.934994726094528,0.03101109460847327,0.033994179296998724
scene0_bio_dominated_0091.wav,0,bio_dominated,crickets,car_horn,crackling_fire,0.979407652817229,0.008257251868513837,0.012335095314256967
scene0_bio_dominated_0092.wav,0,bio_dominated,frog,siren,rain,0.9229714021759137,0.03721887661834269,0.039809721205743644
scene0_bio_dominated_0093.wav,0,bio_dominated,sneezing,door_wood_creaks,thunderstorm,0.8319124488643239,0.0802402483257464,0.08784730280992963
scene0_bio_dominated_0094.wav,0,bio_dominated,coughing,chainsaw,thunderstorm,0.8831902615539192,0.11124227178421636,0.005567466661864356
scene0_bio_dominated_0095.wav,0,bio_dominated,rooster,airplane,crackling_fire,0.8398114620750017,0.03548930276973443,0.1246992351552639
scene0_bio_dominated_0096.wav,0,bio_dominated,dog,mouse_click,wind,0.7135770605042653,0.1536439272853724,0.1327790122103623
scene0_bio_dominated_0097.wav,0,bio_dominated,laughing,washing_machine,water_drops,0.9157498626687676,0.04226910893105426,0.04198102840017828
scene0_bio_dominated_0098.wav,0,bio_dominated,hen,church_bells,sea_waves,0.887609893990894,0.08975017791712914,0.022639928091976964
scene0_bio_dominated_0099.wav,0,bio_dominated,laughing,siren,water_drops,0.7143079366813335,0.21633641063012005,0.06935565268854649
scene0_bio_dominated_0100.wav,0,bio_dominated,breathing,vacuum_cleaner,sea_waves,0.8764532044470309,0.11772140310850858,0.0058253924444606284
scene0_bio_dominated_0101.wav,0,bio_dominated,sneezing,airplane,rain,0.9442414662025391,0.04946358136270791,0.0062949524347530785
scene0_bio_dominated_0102.wav,0,bio_dominated,frog,drinking_sipping,water_drops,0.7562499520420876,0.14355729729987174,0.1001927506580408
scene0_bio_dominated_0103.wav,0,bio_dominated,crickets,door_wood_knock,wind,0.9011356387833858,0.09851138437348222,0.00035297684313204765
scene0_bio_dominated_0104.wav,0,bio_dominated,laughing,pouring_water,sea_waves,0.5711471474623243,0.3234033663631684,0.10544948617450717
scene0_bio_dominated_0105.wav,0,bio_dominated,clapping,footsteps,rain,0.8230517670313942,0.08826524938406903,0.08868298358453677
scene0_bio_dominated_0106.wav,0,bio_dominated,sheep,keyboard_typing,sea_waves,0.891879914365101,0.008006286299175136,0.10011379933572387
scene0_bio_dominated_0107.wav,0,bio_dominated,frog,hand_saw,wind,0.8691904096030043,0.10661280755898003,0.024196782838015754
scene0_bio_dominated_0108.wav,0,bio_dominated,breathing,fireworks,thunderstorm,0.8830486409053483,0.09720678413782947,0.019744574956822126
scene0_bio_dominated_0109.wav,0,bio_dominated,coughing,clock_alarm,crackling_fire,0.8321288406478434,0.009333764442438415,0.15853739490971813
scene0_bio_dominated_0110.wav,0,bio_dominated,snoring,glass_breaking,crackling_fire,0.9120724458617723,0.07275319273987908,0.015174361398348516
scene0_bio_dominated_0111.wav,0,bio_dominated,crying_baby,door_wood_knock,rain,0.9042153074727962,0.09086352885068438,0.004921163676519373
scene0_bio_dominated_0112.wav,0,bio_dominated,snoring,siren,wind,0.9859820213426654,0.003412782484702588,0.010605196172632109
scene0_bio_dominated_0113.wav,0,bio_dominated,insects,car_horn,rain,0.8875085807179844,0.050930857583784094,0.06156056169823153
scene0_bio_dominated_0114.wav,0,bio_dominated,frog,toilet_flush,wind,0.8810570920428521,0.11716403666328132,0.0017788712938665197
scene0_bio_dominated_0115.wav,0,bio_dominated,pig,engine,thunderstorm,0.8323850956288916,0.06093514566603043,0.10667975870507795
scene0_bio_dominated_0116.wav,0,bio_dominated,insects,car_horn,wind,0.7635187919011307,0.18152680118726303,0.05495440691160618
scene0_bio_dominated_0117.wav,0,bio_dominated,rooster,siren,crackling_fire,0.9388345966573135,0.03900158017598205,0.02216382316670445
scene0_bio_dominated_0118.wav,0,bio_dominated,dog,train,wind,0.7178115742908179,0.21890677813696988,0.0632816475722122
scene0_bio_dominated_0119.wav,0,bio_dominated,sneezing,washing_machine,sea_waves,0.650062583421044,0.342268349020283,0.007669067558672848
scene0_bio_dominated_0120.wav,0,bio_dominated,hen,airplane,rain,0.7685302443233266,0.22736524670969419,0.004104508966979259
scene0_bio_dominated_0121.wav,0,bio_dominated,frog,vacuum_cleaner,rain,0.8217355729097572,0.07556617780691118,0.10269824928333164
scene0_bio_dominated_0122.wav,0,bio_dominated,frog,drinking_sipping,rain,0.8801234853880874,0.02098084240192487,0.09889567220998782
scene0_bio_dominated_0123.wav,0,bio_dominated,crickets,car_horn,sea_waves,0.8405625396287604,0.1398061064080868,0.019631353963152798
scene0_bio_dominated_0124.wav,0,bio_dominated,dog,church_bells,crackling_fire,0.8267868622496187,0.1461759402859603,0.0270371974644208
scene0_bio_dominated_0125.wav,0,bio_dominated,frog,door_wood_knock,rain,0.8901320825577691,0.027125886753061136,0.0827420306891698
scene0_bio_dominated_0126.wav,0,bio_dominated,breathing,pouring_water,thunderstorm,0.6692535153016982,0.3040642997057387,0.026682184992563255
scene0_bio_dominated_0127.wav,0,bio_dominated,breathing,pouring_water,sea_waves,0.7947082773940529,0.046778009829233906,0.15851371277671322
scene0_bio_dominated_0128.wav,0,bio_dominated,frog,engine,crackling_fire,0.6787473308674692,0.07940125167987322,0.24185141745265756
scene0_bio_dominated_0129.wav,0,bio_dominated,insects,church_bells,wind,0.9673924743556099,0.01580299957708475,0.016804526067305425
scene0_bio_dominated_0130.wav,0,bio_dominated,crickets,chainsaw,rain,0.6443288239525456,0.3049085435740663,0.05076263247338811
scene0_bio_dominated_0131.wav,0,bio_dominated,sheep,clock_tick,crackling_fire,0.6834615240766347,0.07000535662321827,0.24653311930014704
scene0_bio_dominated_0132.wav,0,bio_dominated,coughing,hand_saw,sea_waves,0.9292716737879102,0.02390582587699348,0.0468225003350964
scene0_bio_dominated_0133.wav,0,bio_dominated,hen,airplane,crackling_fire,0.9090592093936458,0.06177740937587587,0.029163381230478284
scene0_bio_dominated_0134.wav,0,bio_dominated,dog,engine,crackling_fire,0.7790797423623621,0.12161451089116583,0.09930574674647216
scene0_bio_dominated_0135.wav,0,bio_dominated,cow,clock_tick,sea_waves,0.9461175169582318,0.005282487738091774,0.04859999530367649
scene0_bio_dominated_0136.wav,0,bio_dominated,sheep,door_wood_creaks,sea_waves,0.9378584263570485,0.005528890648995459,0.05661268299395609
scene0_bio_dominated_0137.wav,0,bio_dominated,snoring,clock_alarm,crackling_fire,0.8382212978218976,0.05593715315092137,0.10584154902718096
scene0_bio_dominated_0138.wav,0,bio_dominated,cow,toilet_flush,sea_waves,0.9789382200769724,0.02032553880362489,0.0007362411194026177
scene0_bio_dominated_0139.wav,0,bio_dominated,sneezing,chainsaw,crackling_fire,0.7607060597718556,0.11397413036773334,0.125319809860411
scene0_bio_dominated_0140.wav,0,bio_dominated,rooster,fireworks,sea_waves,0.8472514247603141,0.026119638907210165,0.12662893633247568
scene0_bio_dominated_0141.wav,0,bio_dominated,chirping_birds,footsteps,crackling_fire,0.923855470798025,0.01602104753920395,0.06012348166277095
scene0_bio_dominated_0142.wav,0,bio_dominated,dog,airplane,thunderstorm,0.8353172961723702,0.1596146943319894,0.005068009495640595
scene0_bio_dominated_0143.wav,0,bio_dominated,clapping,mouse_click,thunderstorm,0.80717258064512,0.1402492739254833,0.05257814542939685
scene0_bio_dominated_0144.wav,0,bio_dominated,laughing,door_wood_creaks,water_drops,0.9240922484945212,0.03231071278064444,0.043597038724834315
scene0_bio_dominated_0145.wav,0,bio_dominated,pig,clock_alarm,wind,0.7530572952452834,0.10431454295925792,0.14262816179545862
scene0_bio_dominated_0146.wav,0,bio_dominated,crickets,keyboard_typing,crackling_fire,0.834467076188218,0.013664568071559979,0.151868355740222
scene0_bio_dominated_0147.wav,0,bio_dominated,crow,mouse_click,rain,0.6804861760941443,0.0467725445540858,0.27274127935176984
scene0_bio_dominated_0148.wav,0,bio_dominated,cat,car_horn,wind,0.9925462723021986,0.0005019251147127589,0.006951802583088567
scene0_bio_dominated_0149.wav,0,bio_dominated,sneezing,drinking_sipping,water_drops,0.9618376182217785,0.017665029811809386,0.02049735196641195
scene0_bio_dominated_0150.wav,0,bio_dominated,laughing,drinking_sipping,thunderstorm,0.9011039996921661,0.051976376446091856,0.04691962386174208
scene0_bio_dominated_0151.wav,0,bio_dominated,laughing,helicopter,water_drops,0.76506802168147,0.02885828927194383,0.20607368904658632
scene0_bio_dominated_0152.wav,0,bio_dominated,dog,washing_machine,wind,0.9227418055970811,0.033389643817961605,0.043868550584957436
scene0_bio_dominated_0153.wav,0,bio_dominated,sheep,helicopter,crackling_fire,0.7330746424209588,0.15719381504428706,0.10973154253475419
scene0_bio_dominated_0154.wav,0,bio_dominated,sheep,footsteps,sea_waves,0.8892098601959171,0.026850354634936454,0.0839397851691464
scene0_bio_dominated_0155.wav,0,bio_dominated,snoring,airplane,thunderstorm,0.8919063569727954,0.07290930956724326,0.03518433345996127
scene0_bio_dominated_0156.wav,0,bio_dominated,cat,hand_saw,water_drops,0.9043814447516999,0.09255418108664763,0.0030643741616524166
scene0_bio_dominated_0157.wav,0,bio_dominated,rooster,door_wood_creaks,wind,0.8385812872850046,0.011292222996369316,0.15012648971862608
scene0_bio_dominated_0158.wav,0,bio_dominated,laughing,toilet_flush,rain,0.8489389032059496,0.11144213767714456,0.039618959116905765
scene0_bio_dominated_0159.wav,0,bio_dominated,chirping_birds,airplane,rain,0.9761353808218811,0.01091827359465125,0.012946345583467465
scene0_bio_dominated_0160.wav,0,bio_dominated,dog,toilet_flush,crackling_fire,0.9134866252593039,0.061713194778528074,0.024800179962167913
scene0_bio_dominated_0161.wav,0,bio_dominated,sneezing,church_bells,sea_waves,0.9828298716656415,0.0004178664429650982,0.016752261891393415
scene0_bio_dominated_0162.wav,0,bio_dominated,sneezing,vacuum_cleaner,sea_waves,0.7452549374714554,0.09836218002754084,0.15638288250100377
scene0_bio_dominated_0163.wav,0,bio_dominated,chirping_birds,door_wood_creaks,sea_waves,0.9256986411607505,0.055233353852465576,0.019068004986784005
scene0_bio_dominated_0164.wav,0,bio_dominated,snoring,washing_machine,sea_waves,0.9121196657247264,0.07999486089996698,0.00788547337530664
scene0_bio_dominated_0165.wav,0,bio_dominated,coughing,clock_tick,sea_waves,0.743210997662365,0.025394237361749356,0.23139476497588565
scene0_bio_dominated_0166.wav,0,bio_dominated,pig,clock_tick,wind,0.6741669728518692,0.3193464217266999,0.006486605421430824
scene0_bio_dominated_0167.wav,0,bio_dominated,sneezing,toilet_flush,crackling_fire,0.8819912768582189,0.1166022961135279,0.001406427028253325
scene0_bio_dominated_0168.wav,0,bio_dominated,cat,airplane,rain,0.8051224972971897,0.09569001873578858,0.09918748396702183
scene0_bio_dominated_0169.wav,0,bio_dominated,laughing,brushing_teeth,sea_waves,0.9245886323669986,0.06172466963936274,0.013686697993638497
scene0_bio_dominated_0170.wav,0,bio_dominated,sheep,helicopter,wind,0.7995786754181827,0.0493804378355274,0.15104088674629004
scene0_bio_dominated_0171.wav,0,bio_dominated,dog,drinking_sipping,thunderstorm,0.6883072709187787,0.20258847789611467,0.10910425118510661
scene0_bio_dominated_0172.wav,0,bio_dominated,hen,keyboard_typing,crackling_fire,0.7925217759601013,0.003913130425155863,0.20356509361474265
scene0_bio_dominated_0173.wav,0,bio_dominated,cow,can_opening,rain,0.599291956680448,0.01763193631056345,0.3830761070089886
scene0_bio_dominated_0174.wav,0,bio_dominated,snoring,mouse_click,thunderstorm,0.8169404723514193,0.17375097060673186,0.009308557041848853
scene0_bio_dominated_0175.wav,0,bio_dominated,cat,car_horn,sea_waves,0.8897193078535997,0.06682293332531189,0.043457758821088585
scene0_bio_dominated_0176.wav,0,bio_dominated,sneezing,glass_breaking,sea_waves,0.8550026692046632,0.11991898391794163,0.025078346877395227
scene0_bio_dominated_0177.wav,0,bio_dominated,cow,car_horn,rain,0.9084908382858402,0.01701271913435428,0.07449644257980546
scene0_bio_dominated_0178.wav,0,bio_dominated,crying_baby,hand_saw,sea_waves,0.8756329502113066,0.027204134234334695,0.09716291555435876
scene0_bio_dominated_0179.wav,0,bio_dominated,sheep,toilet_flush,sea_waves,0.8589075493207602,0.10941950945428736,0.03167294122495252
scene0_bio_dominated_0180.wav,0,bio_dominated,cat,keyboard_typing,sea_waves,0.8853418383624184,0.03371843960349489,0.08093972203408661
scene0_bio_dominated_0181.wav,0,bio_dominated,coughing,door_wood_creaks,thunderstorm,0.7967131395378095,0.13767084885792008,0.06561601160427034
scene0_bio_dominated_0182.wav,0,bio_dominated,crickets,pouring_water,thunderstorm,0.9672229488857734,0.0013410874754042372,0.03143596363882227
scene0_bio_dominated_0183.wav,0,bio_dominated,chirping_birds,airplane,wind,0.8641824370247632,0.08323816569985913,0.0525793972753777
scene0_bio_dominated_0184.wav,0,bio_dominated,laughing,chainsaw,thunderstorm,0.6553290625811866,0.15123678868637583,0.19343414873243764
scene0_bio_dominated_0185.wav,0,bio_dominated,rooster,chainsaw,rain,0.9708984517576555,0.008534560744085198,0.02056698749825912
scene0_bio_dominated_0186.wav,0,bio_dominated,frog,vacuum_cleaner,water_drops,0.873936299923283,0.04399811239371675,0.08206558768300026
scene0_bio_dominated_0187.wav,0,bio_dominated,cat,glass_breaking,water_drops,0.5938846590051029,0.2045056415771982,0.20160969941769882
scene0_bio_dominated_0188.wav,0,bio_dominated,crickets,brushing_teeth,thunderstorm,0.8971477661401135,0.0012141744428405107,0.10163805941704603
scene0_bio_dominated_0189.wav,0,bio_dominated,chirping_birds,mouse_click,thunderstorm,0.7866934680688304,0.1060709180312877,0.10723561389988183
scene0_bio_dominated_0190.wav,0,bio_dominated,cat,clock_tick,thunderstorm,0.9213146490538251,0.019739795759266553,0.05894555518690835
scene0_bio_dominated_0191.wav,0,bio_dominated,crying_baby,footsteps,water_drops,0.9442998946333916,0.010116234044280472,0.04558387132232793
scene0_bio_dominated_0192.wav,0,bio_dominated,clapping,engine,thunderstorm,0.8963275976077499,0.031197149428413742,0.07247525296383626
scene0_bio_dominated_0193.wav,0,bio_dominated,breathing,door_wood_knock,water_drops,0.9204492697507063,0.012787533625224431,0.06676319662406942
scene0_bio_dominated_0194.wav,0,bio_dominated,insects,airplane,thunderstorm,0.8715545777029166,0.038708383940155786,0.08973703835692776
scene0_bio_dominated_0195.wav,0,bio_dominated,crow,drinking_sipping,crackling_fire,0.8608013712064904,0.13421389749616217,0.00498473129734744
scene0_bio_dominated_0196.wav,0,bio_dominated,pig,siren,crackling_fire,0.8645134182907118,0.009418676485289228,0.12606790522399894
scene0_bio_dominated_0197.wav,0,bio_dominated,snoring,door_wood_creaks,wind,0.8717450531337779,0.05290228639408292,0.07535266047213912
scene0_bio_dominated_0198.wav,0,bio_dominated,crickets,church_bells,thunderstorm,0.8886622827075836,0.06652059750193641,0.044817119790479934
scene0_bio_dominated_0199.wav,0,bio_dominated,chirping_birds,hand_saw,wind,0.9596869095123,0.03607520611949454,0.004237884368205569
scene0_bio_dominated_0200.wav,0,bio_dominated,laughing,hand_saw,rain,0.9023669832860569,0.09013304064693346,0.007499976067009606
scene0_bio_dominated_0201.wav,0,bio_dominated,crow,fireworks,water_drops,0.8421455608778773,0.10649850810175734,0.051355931020365425
scene0_bio_dominated_0202.wav,0,bio_dominated,coughing,drinking_sipping,thunderstorm,0.8815099118582612,0.0047961639870483805,0.11369392415469037
scene0_bio_dominated_0203.wav,0,bio_dominated,chirping_birds,brushing_teeth,crackling_fire,0.8824883643428124,0.039611502737442524,0.07790013291974493
scene0_bio_dominated_0204.wav,0,bio_dominated,laughing,siren,crackling_fire,0.9341853495176388,0.04056740315109955,0.0252472473312618
scene0_bio_dominated_0205.wav,0,bio_dominated,cat,brushing_teeth,wind,0.8760189931550351,0.10670890603845487,0.017272100806510163
scene0_bio_dominated_0206.wav,0,bio_dominated,clapping,washing_machine,rain,0.9178184023207886,0.0004150572905737603,0.08176654038863751
scene0_bio_dominated_0207.wav,0,bio_dominated,cat,washing_machine,rain,0.9393039360628659,0.0016599856405486648,0.05903607829658546
scene0_bio_dominated_0208.wav,0,bio_dominated,crying_baby,toilet_flush,sea_waves,0.8946383107018187,0.09981585896501902,0.005545830333162268
scene0_bio_dominated_0209.wav,0,bio_dominated,laughing,train,water_drops,0.8619312908154542,0.1369601177310249,0.0011085914535209661
scene0_bio_dominated_0210.wav,0,bio_dominated,rooster,toilet_flush,water_drops,0.9172806658341437,0.05819136768699467,0.024527966478861664
scene0_bio_dominated_0211.wav,0,bio_dominated,chirping_birds,train,water_drops,0.7448487867778374,0.036605014944404914,0.21854619827775768
scene0_bio_dominated_0212.wav,0,bio_dominated,sneezing,siren,thunderstorm,0.8184617989469447,0.14208300147933423,0.0394551995737211
scene0_bio_dominated_0213.wav,0,bio_dominated,crying_baby,brushing_teeth,water_drops,0.8899425855676644,0.045989571002133925,0.06406784343020173
scene0_bio_dominated_0214.wav,0,bio_dominated,cow,keyboard_typing,thunderstorm,0.581817231873915,0.0007796493115722346,0.4174031188145127
scene0_bio_dominated_0215.wav,0,bio_dominated,clapping,can_opening,wind,0.8190897125365072,0.12425496881359957,0.056655318649893247
scene0_bio_dominated_0216.wav,0,bio_dominated,frog,hand_saw,thunderstorm,0.7634580103735644,0.22683052046878974,0.009711469157645742
scene0_bio_dominated_0217.wav,0,bio_dominated,breathing,glass_breaking,wind,0.7909941431529717,0.14280049940875206,0.06620535743827631
scene0_bio_dominated_0218.wav,0,bio_dominated,sheep,airplane,thunderstorm,0.8791376090374425,0.06500199591044743,0.05586039505211008
scene0_bio_dominated_0219.wav,0,bio_dominated,chirping_birds,siren,thunderstorm,0.7408488741709449,0.18143348878045895,0.07771763704859606
scene0_bio_dominated_0220.wav,0,bio_dominated,hen,mouse_click,crackling_fire,0.8818950458821946,0.10155339999494649,0.016551554122858796
scene0_bio_dominated_0221.wav,0,bio_dominated,chirping_birds,chainsaw,thunderstorm,0.9160492556069184,0.08014359663325209,0.003807147759829509
scene0_bio_dominated_0222.wav,0,bio_dominated,rooster,fireworks,water_drops,0.9455461883421087,0.02996568214687017,0.024488129511021254
scene0_bio_dominated_0223.wav,0,bio_dominated,sheep,clock_tick,crackling_fire,0.9134485707121703,0.025226603182100536,0.06132482610572905
scene0_bio_dominated_0224.wav,0,bio_dominated,snoring,helicopter,water_drops,0.7911211900541989,0.0913605255304545,0.11751828441534666
scene0_bio_dominated_0225.wav,0,bio_dominated,cat,siren,wind,0.6080024542751037,0.16547787694694494,0.22651966877795152
scene0_bio_dominated_0226.wav,0,bio_dominated,frog,drinking_sipping,wind,0.9673553208904568,0.014030342478504019,0.01861433663103927
scene0_bio_dominated_0227.wav,0,bio_dominated,hen,car_horn,water_drops,0.6956154601375345,0.04025084747423785,0.26413369238822765
scene0_bio_dominated_0228.wav,0,bio_dominated,pig,airplane,sea_waves,0.8537192343717522,0.09894949649957022,0.047331269128677536
scene0_bio_dominated_0229.wav,0,bio_dominated,cat,vacuum_cleaner,rain,0.7685892363720034,0.03857390806639486,0.19283685556160196
scene0_bio_dominated_0230.wav,0,bio_dominated,cat,footsteps,water_drops,0.9191175396367162,0.04344950292758816,0.0374329574356957
scene0_bio_dominated_0231.wav,0,bio_dominated,laughing,glass_breaking,rain,0.795524446298835,0.05517829396791583,0.1492972597332492
scene0_bio_dominated_0232.wav,0,bio_dominated,crying_baby,hand_saw,water_drops,0.6900394234786363,0.054388452290438066,0.2555721242309256
scene0_bio_dominated_0233.wav,0,bio_dominated,frog,hand_saw,wind,0.8595549815569868,0.034316919120242345,0.10612809932277083
scene0_bio_dominated_0234.wav,0,bio_dominated,cow,helicopter,wind,0.8676746225305864,0.04824109927061485,0.08408427819879868
scene0_bio_dominated_0235.wav,0,bio_dominated,snoring,car_horn,rain,0.7839859260170171,0.020447810813149163,0.1955662631698339
scene0_bio_dominated_0236.wav,0,bio_dominated,clapping,brushing_teeth,thunderstorm,0.8439756894714354,0.01868374467485921,0.13734056585370522
scene0_bio_dominated_0237.wav,0,bio_dominated,crying_baby,train,crackling_fire,0.6464527750124031,0.20633866397279774,0.1472085610147992
scene0_bio_dominated_0238.wav,0,bio_dominated,sneezing,keyboard_typing,thunderstorm,0.5804199191822941,0.012257421499414695,0.4073226593182914
scene0_bio_dominated_0239.wav,0,bio_dominated,breathing,mouse_click,wind,0.7396690021262456,0.16505322601507608,0.09527777185867815
scene0_bio_dominated_0240.wav,0,bio_dominated,chirping_birds,door_wood_creaks,crackling_fire,0.97982402360843,0.01557555711042767,0.0046004192811423495
scene0_bio_dominated_0241.wav,0,bio_dominated,chirping_birds,door_wood_creaks,crackling_fire,0.857760857646795,0.004236416278796202,0.13800272607440878
scene0_bio_dominated_0242.wav,0,bio_dominated,cow,toilet_flush,water_drops,0.8304064632770886,0.03652721074931523,0.1330663259735963
scene0_bio_dominated_0243.wav,0,bio_dominated,laughing,pouring_water,thunderstorm,0.845977545014774,0.05063136071317118,0.1033910942720549
scene0_bio_dominated_0244.wav,0,bio_dominated,laughing,clock_tick,sea_waves,0.9537074233016531,0.04171735317958239,0.004575223518764381
scene0_bio_dominated_0245.wav,0,bio_dominated,sneezing,vacuum_cleaner,crackling_fire,0.8607734944693555,0.0758163348693764,0.06341017066126804
scene0_bio_dominated_0246.wav,0,bio_dominated,pig,hand_saw,wind,0.7436876808325135,0.05826258015026195,0.1980497390172245
scene0_bio_dominated_0247.wav,0,bio_dominated,rooster,clock_alarm,water_drops,0.9024266487694662,0.033920820664210656,0.06365253056632317
scene0_bio_dominated_0248.wav,0,bio_dominated,snoring,mouse_click,wind,0.9404727945204031,0.008398034401549135,0.05112917107804771
scene0_bio_dominated_0249.wav,0,bio_dominated,breathing,airplane,rain,0.8597257212578252,0.04455677469128124,0.09571750405089356
scene0_bio_dominated_0250.wav,0,bio_dominated,crow,door_wood_knock,rain,0.8834065147172769,0.057540811710584776,0.05905267357213835
scene0_bio_dominated_0251.wav,0,bio_dominated,crow,helicopter,thunderstorm,0.8246629809696658,0.03520336636804407,0.1401336526622902
scene0_bio_dominated_0252.wav,0,bio_dominated,breathing,car_horn,wind,0.9446666200365048,0.01726490042821815,0.03806847953527714
scene0_bio_dominated_0253.wav,0,bio_dominated,frog,church_bells,sea_waves,0.8016303413712195,0.08634036846762115,0.1120292901611595
scene0_bio_dominated_0254.wav,0,bio_dominated,breathing,door_wood_knock,crackling_fire,0.908877975263134,0.0736458082832329,0.017476216453633134
scene0_bio_dominated_0255.wav,0,bio_dominated,laughing,helicopter,wind,0.8115177417952667,0.11036148166323106,0.07812077654150212
scene0_bio_dominated_0256.wav,0,bio_dominated,coughing,chainsaw,rain,0.7993168578138861,0.013116889259055128,0.1875662529270587
scene0_bio_dominated_0257.wav,0,bio_dominated,breathing,footsteps,thunderstorm,0.709697191634872,0.175815215202515,0.11448759316261292
scene0_bio_dominated_0258.wav,0,bio_dominated,snoring,siren,sea_waves,0.7745307760952419,0.06353148973849464,0.1619377341662635
scene0_bio_dominated_0259.wav,0,bio_dominated,crying_baby,washing_machine,thunderstorm,0.9913119394837697,0.007057756518130451,0.0016303039980998728
scene0_bio_dominated_0260.wav,0,bio_dominated,pig,clock_tick,crackling_fire,0.9439338130517851,0.05069437411007354,0.005371812838141365
scene0_bio_dominated_0261.wav,0,bio_dominated,snoring,siren,thunderstorm,0.9143539359210446,0.05369361389743044,0.031952450181524907
scene0_bio_dominated_0262.wav,0,bio_dominated,hen,airplane,sea_waves,0.7607081468472399,0.15947626373195972,0.07981558942080039
scene0_bio_dominated_0263.wav,0,bio_dominated,crickets,drinking_sipping,wind,0.8554627559594913,0.09180734695074332,0.052729897089765373
scene0_bio_dominated_0264.wav,0,bio_dominated,hen,glass_breaking,thunderstorm,0.8295305086594847,0.10525383836142736,0.06521565297908798
scene0_bio_dominated_0265.wav,0,bio_dominated,cow,keyboard_typing,thunderstorm,0.7733766325030589,0.07245991035008315,0.1541634571468579
scene0_bio_dominated_0266.wav,0,bio_dominated,clapping,engine,wind,0.8882552243082119,0.015193166937751568,0.09655160875403646
scene0_bio_dominated_0267.wav,0,bio_dominated,frog,footsteps,sea_waves,0.6344053623859202,0.03562080005887841,0.3299738375552013
scene0_bio_dominated_0268.wav,0,bio_dominated,dog,hand_saw,rain,0.9708476324902976,0.005047153720322551,0.024105213789379857
scene0_bio_dominated_0269.wav,0,bio_dominated,frog,clock_tick,wind,0.8537662354469707,0.04242477239289245,0.1038089921601368
scene0_bio_dominated_0270.wav,0,bio_dominated,chirping_birds,train,sea_waves,0.7917087698404703,0.20446539030355562,0.0038258398559740106
scene0_bio_dominated_0271.wav,0,bio_dominated,crow,toilet_flush,sea_waves,0.7904108572102058,0.19086740067632346,0.018721742113470892
scene0_bio_dominated_0272.wav,0,bio_dominated,laughing,washing_machine,sea_waves,0.8636692013024868,0.1361205961921347,0.0002102025053784925
scene0_bio_dominated_0273.wav,0,bio_dominated,sneezing,helicopter,thunderstorm,0.7959986296493028,0.15448998261517566,0.04951138773552167
scene0_bio_dominated_0274.wav,0,bio_dominated,sheep,washing_machine,crackling_fire,0.9106020674493023,0.03422133596313605,0.055176596587561605
scene0_bio_dominated_0275.wav,0,bio_dominated,cat,vacuum_cleaner,sea_waves,0.5921077134782272,0.11554488024356653,0.2923474062782062
scene0_bio_dominated_0276.wav,0,bio_dominated,coughing,helicopter,water_drops,0.6866577671486594,0.16860754802798092,0.14473468482335966
scene0_bio_dominated_0277.wav,0,bio_dominated,frog,door_wood_creaks,sea_waves,0.7906711905636739,0.1100407174668076,0.09928809196951863
scene0_bio_dominated_0278.wav,0,bio_dominated,sneezing,church_bells,sea_waves,0.8184751660679643,0.03819648142502871,0.14332835250700685
scene0_bio_dominated_0279.wav,0,bio_dominated,chirping_birds,can_opening,sea_waves,0.9469969401731495,0.03079863627230163,0.022204423554548814
scene0_bio_dominated_0280.wav,0,bio_dominated,sheep,airplane,wind,0.8402705988237243,0.1296411889453778,0.030088212230897846
scene0_bio_dominated_0281.wav,0,bio_dominated,hen,footsteps,crackling_fire,0.8353021859231989,0.110493599873933,0.0542042142028682
scene0_bio_dominated_0282.wav,0,bio_dominated,snoring,washing_machine,wind,0.611778421688263,0.29068291436816474,0.09753866394357223
scene0_bio_dominated_0283.wav,0,bio_dominated,dog,church_bells,sea_waves,0.7007869646818283,0.10703743356218114,0.19217560175599063
scene0_bio_dominated_0284.wav,0,bio_dominated,sheep,footsteps,rain,0.937915234884415,0.0308149526929296,0.03126981242265538
scene0_bio_dominated_0285.wav,0,bio_dominated,sheep,keyboard_typing,rain,0.8383366634509516,0.05053080365138821,0.11113253289766009
scene0_bio_dominated_0286.wav,0,bio_dominated,snoring,mouse_click,wind,0.8826767143026119,0.06846601477266395,0.04885727092472439
scene0_bio_dominated_0287.wav,0,bio_dominated,chirping_birds,keyboard_typing,wind,0.8224521114554803,0.0906564652586193,0.08689142328590047
scene0_bio_dominated_0288.wav,0,bio_dominated,insects,door_wood_creaks,water_drops,0.6300019861381241,0.16887652192257055,0.20112149193930526
scene0_bio_dominated_0289.wav,0,bio_dominated,hen,door_wood_knock,sea_waves,0.90901803883674,0.06109928702124794,0.02988267414201207
scene0_bio_dominated_0290.wav,0,bio_dominated,hen,can_opening,crackling_fire,0.911566475260942,0.07080931543303548,0.01762420930602259
scene0_bio_dominated_0291.wav,0,bio_dominated,pig,car_horn,sea_waves,0.7980195678571111,0.05910275610270635,0.14287767604018253
scene0_bio_dominated_0292.wav,0,bio_dominated,sheep,drinking_sipping,sea_waves,0.7657526810028471,0.10989257570625245,0.1243547432909004
scene0_bio_dominated_0293.wav,0,bio_dominated,rooster,keyboard_typing,water_drops,0.9475074726748015,0.024005491954007547,0.028487035371190992
scene0_bio_dominated_0294.wav,0,bio_dominated,pig,fireworks,wind,0.8169554009160659,0.15777078886567716,0.025273810218257003
scene0_bio_dominated_0295.wav,0,bio_dominated,clapping,drinking_sipping,rain,0.8609271909692128,0.07828884852270862,0.0607839605080787
scene0_bio_dominated_0296.wav,0,bio_dominated,crow,glass_breaking,crackling_fire,0.7517288877960853,0.21104182915707048,0.03722928304684419
scene0_bio_dominated_0297.wav,0,bio_dominated,cat,car_horn,thunderstorm,0.5548009642237763,0.40057455602348063,0.04462447975274311
scene0_bio_dominated_0298.wav,0,bio_dominated,dog,glass_breaking,crackling_fire,0.5667693261483814,0.06345861365307194,0.3697720601985468
scene0_bio_dominated_0299.wav,0,bio_dominated,chirping_birds,fireworks,crackling_fire,0.8117697729228228,0.18662516901098966,0.001605058066187566
scene0_bio_dominated_0300.wav,0,bio_dominated,crickets,pouring_water,water_drops,0.7368612274329558,0.10772210979096301,0.15541666277608115
scene0_bio_dominated_0301.wav,0,bio_dominated,sneezing,chainsaw,water_drops,0.9365978215078611,0.047076598713358925,0.01632557977878006
scene0_bio_dominated_0302.wav,0,bio_dominated,insects,door_wood_knock,wind,0.9058512612811225,0.08486793787095694,0.00928080084792043
scene0_bio_dominated_0303.wav,0,bio_dominated,crying_baby,helicopter,rain,0.7379496341606911,0.13599993878510247,0.1260504270542064
scene0_bio_dominated_0304.wav,0,bio_dominated,cat,hand_saw,sea_waves,0.9100406238147773,0.07194616333881004,0.01801321284641257
scene0_bio_dominated_0305.wav,0,bio_dominated,coughing,pouring_water,water_drops,0.8420027231090684,0.06681924799593748,0.09117802889499425
scene0_bio_dominated_0306.wav,0,bio_dominated,crying_baby,door_wood_creaks,rain,0.8791985662756848,0.06572176939527963,0.055079664329035376
scene0_bio_dominated_0307.wav,0,bio_dominated,coughing,car_horn,crackling_fire,0.842631593840095,0.15000427298051103,0.007364133179393887
scene0_bio_dominated_0308.wav,0,bio_dominated,rooster,clock_alarm,thunderstorm,0.8741236391998755,0.05667533266205454,0.0692010281380699
scene0_bio_dominated_0309.wav,0,bio_dominated,laughing,pouring_water,thunderstorm,0.644889598820462,0.09913524570117153,0.25597515547836647
scene0_bio_dominated_0310.wav,0,bio_dominated,hen,train,water_drops,0.8361442808721737,0.09591899736551644,0.06793672176230983
scene0_bio_dominated_0311.wav,0,bio_dominated,dog,door_wood_creaks,sea_waves,0.8684187406697533,0.08047334538064589,0.051107913949600736
scene0_bio_dominated_0312.wav,0,bio_dominated,crying_baby,can_opening,crackling_fire,0.6954647020646607,0.035730307271298,0.26880499066404123
scene0_bio_dominated_0313.wav,0,bio_dominated,sneezing,mouse_click,wind,0.8359106874986464,0.023921245618948758,0.1401680668824049
scene0_bio_dominated_0314.wav,0,bio_dominated,insects,church_bells,sea_waves,0.8176880434293229,0.04663292111542885,0.13567903545524837
scene0_bio_dominated_0315.wav,0,bio_dominated,breathing,church_bells,wind,0.8607346605013073,0.11245554250046295,0.0268097969982297
scene0_bio_dominated_0316.wav,0,bio_dominated,dog,toilet_flush,crackling_fire,0.7276638076756302,0.06902068333698959,0.2033155089873802
scene0_bio_dominated_0317.wav,0,bio_dominated,breathing,drinking_sipping,crackling_fire,0.6614804900217041,0.29917010967745844,0.039349400300837514
scene0_bio_dominated_0318.wav,0,bio_dominated,sheep,footsteps,thunderstorm,0.8966316702500876,0.06209061335667567,0.04127771639323671
scene0_bio_dominated_0319.wav,0,bio_dominated,insects,vacuum_cleaner,water_drops,0.7091705734599864,0.033972700266425966,0.2568567262735877
scene0_bio_dominated_0320.wav,0,bio_dominated,cat,clock_alarm,water_drops,0.8435235127642181,0.04951651471298209,0.1069599725227998
scene0_bio_dominated_0321.wav,0,bio_dominated,frog,hand_saw,thunderstorm,0.9655661670094257,0.00650477472673695,0.02792905826383743
scene0_bio_dominated_0322.wav,0,bio_dominated,clapping,door_wood_creaks,sea_waves,0.7877220599260198,0.13699061435041499,0.07528732572356524
scene0_bio_dominated_0323.wav,0,bio_dominated,breathing,airplane,water_drops,0.6074966012524409,0.0730615088019298,0.3194418899456291
scene0_bio_dominated_0324.wav,0,bio_dominated,clapping,car_horn,crackling_fire,0.7484269569714124,0.20304444380227613,0.04852859922631161
scene0_bio_dominated_0325.wav,0,bio_dominated,dog,pouring_water,rain,0.9516808993499393,0.046652954302007915,0.001666146348052816
scene0_bio_dominated_0326.wav,0,bio_dominated,crickets,train,rain,0.9357094448231018,0.027135857460697008,0.037154697716201175
scene0_bio_dominated_0327.wav,0,bio_dominated,snoring,door_wood_creaks,water_drops,0.5991325354887586,0.04463421304219652,0.3562332514690449
scene0_bio_dominated_0328.wav,0,bio_dominated,laughing,door_wood_knock,thunderstorm,0.9354304096927205,0.0418095877160579,0.022760002591221604
scene0_bio_dominated_0329.wav,0,bio_dominated,hen,keyboard_typing,sea_waves,0.9652156469385249,0.016905554936093598,0.017878798125381415
scene0_bio_dominated_0330.wav,0,bio_dominated,cat,engine,wind,0.983044204926387,0.015714418341578537,0.0012413767320342702
scene0_bio_dominated_0331.wav,0,bio_dominated,coughing,clock_tick,thunderstorm,0.8336644525483978,0.018619275637823472,0.14771627181377867
scene0_bio_dominated_0332.wav,0,bio_dominated,breathing,can_opening,water_drops,0.8901495101280706,0.10157522921398225,0.008275260657947028
scene0_bio_dominated_0333.wav,0,bio_dominated,sheep,fireworks,wind,0.6410312297148888,0.062381982818952755,0.29658678746615846
scene0_bio_dominated_0334.wav,0,bio_dominated,frog,door_wood_knock,water_drops,0.9229727854142296,0.06091451770542361,0.01611269688034676
scene0_bio_dominated_0335.wav,0,bio_dominated,chirping_birds,clock_alarm,sea_waves,0.9228855585470804,0.025774993794103744,0.051339447658815936
scene0_bio_dominated_0336.wav,0,bio_dominated,hen,footsteps,thunderstorm,0.8089486104363929,0.02283633942487684,0.1682150501387303
scene0_bio_dominated_0337.wav,0,bio_dominated,insects,toilet_flush,rain,0.8093466431708369,0.15103810435014228,0.039615252479020674
scene0_bio_dominated_0338.wav,0,bio_dominated,sneezing,train,rain,0.9910698068427041,0.006229320862066329,0.002700872295229578
scene0_bio_dominated_0339.wav,0,bio_dominated,insects,car_horn,thunderstorm,0.7643584865129011,0.06684379725140824,0.16879771623569073
scene0_bio_dominated_0340.wav,0,bio_dominated,cat,siren,thunderstorm,0.7629075554067257,0.15668222656319183,0.08041021803008261
scene0_bio_dominated_0341.wav,0,bio_dominated,coughing,keyboard_typing,thunderstorm,0.8346818476478702,0.11413430800613547,0.05118384434599416
scene0_bio_dominated_0342.wav,0,bio_dominated,insects,washing_machine,water_drops,0.7994246210021595,0.09522007725199187,0.10535530174584859
scene0_bio_dominated_0343.wav,0,bio_dominated,crickets,vacuum_cleaner,sea_waves,0.8202388539135049,0.12947593235116367,0.05028521373533133
scene0_bio_dominated_0344.wav,0,bio_dominated,laughing,hand_saw,wind,0.8562742615054493,0.13858395660417766,0.005141781890373137
scene0_bio_dominated_0345.wav,0,bio_dominated,breathing,brushing_teeth,sea_waves,0.8754460290701155,0.0523795353635751,0.07217443556630936
scene0_bio_dominated_0346.wav,0,bio_dominated,pig,door_wood_knock,rain,0.8956851540237418,0.03995495705786787,0.0643598889183904
scene0_bio_dominated_0347.wav,0,bio_dominated,breathing,mouse_click,water_drops,0.8180267514230428,0.09466628303790683,0.08730696553905032
scene0_bio_dominated_0348.wav,0,bio_dominated,pig,clock_tick,water_drops,0.7591988953770007,0.020067224567827426,0.22073388005517192
scene0_bio_dominated_0349.wav,0,bio_dominated,crow,can_opening,thunderstorm,0.967379232564669,0.002505895270123304,0.030114872165207755
scene0_bio_dominated_0350.wav,0,bio_dominated,crow,brushing_teeth,rain,0.8583285240143249,0.01049328427882066,0.1311781917068545
scene0_bio_dominated_0351.wav,0,bio_dominated,breathing,chainsaw,rain,0.9185866388899123,0.0796659761287601,0.00174738498132748
scene0_bio_dominated_0352.wav,0,bio_dominated,sneezing,helicopter,water_drops,0.9605668088725813,0.029655172328428563,0.009778018798990177
scene0_bio_dominated_0353.wav,0,bio_dominated,cat,hand_saw,crackling_fire,0.8404868050326159,0.08174035918353632,0.07777283578384794
scene0_bio_dominated_0354.wav,0,bio_dominated,breathing,pouring_water,thunderstorm,0.7572872247814135,0.026256483646470746,0.21645629157211568
scene0_bio_dominated_0355.wav,0,bio_dominated,cat,glass_breaking,thunderstorm,0.9333122124554126,0.02361052243934765,0.043077265105239654
scene0_bio_dominated_0356.wav,0,bio_dominated,cow,siren,water_drops,0.8305758939980734,0.009863295480655045,0.15956081052127158
scene0_bio_dominated_0357.wav,0,bio_dominated,sheep,toilet_flush,water_drops,0.7340035529027616,0.24204787986277915,0.02394856723445915
scene0_bio_dominated_0358.wav,0,bio_dominated,cat,engine,thunderstorm,0.8453076933413982,0.03671146533114571,0.11798084132745616
scene0_bio_dominated_0359.wav,0,bio_dominated,insects,brushing_teeth,water_drops,0.927200347057691,0.015550897346249195,0.05724875559605979
scene0_bio_dominated_0360.wav,0,bio_dominated,sneezing,helicopter,wind,0.9568254978873081,0.04054661356652267,0.0026278885461691625
scene0_bio_dominated_0361.wav,0,bio_dominated,frog,vacuum_cleaner,crackling_fire,0.8795949646493282,0.06821726676905568,0.05218776858161609
scene0_bio_dominated_0362.wav,0,bio_dominated,crickets,vacuum_cleaner,crackling_fire,0.8412311365303785,0.09179508937481982,0.06697377409480171
scene0_bio_dominated_0363.wav,0,bio_dominated,rooster,mouse_click,crackling_fire,0.7315610696953376,0.10978479459102873,0.1586541357136336
scene0_bio_dominated_0364.wav,0,bio_dominated,coughing,fireworks,thunderstorm,0.9521510690659833,0.01277958661654179,0.035069344317474875
scene0_bio_dominated_0365.wav,0,bio_dominated,sneezing,hand_saw,thunderstorm,0.7161463048847945,0.2726749306105671,0.011178764504638516
scene0_bio_dominated_0366.wav,0,bio_dominated,chirping_birds,footsteps,water_drops,0.8759611877398005,0.002866296735161323,0.12117251552503824
scene0_bio_dominated_0367.wav,0,bio_dominated,cat,washing_machine,crackling_fire,0.6936846023054137,0.043325358059210596,0.26299003963537565
scene0_bio_dominated_0368.wav,0,bio_dominated,insects,drinking_sipping,crackling_fire,0.9047511611801193,0.06336378047234112,0.0318850583475396
scene0_bio_dominated_0369.wav,0,bio_dominated,coughing,church_bells,wind,0.8634213854504574,0.08802908202341597,0.048549532526126586
scene0_bio_dominated_0370.wav,0,bio_dominated,sneezing,engine,rain,0.7855265910261352,0.19850904891878948,0.015964360055075295
scene0_bio_dominated_0371.wav,0,bio_dominated,chirping_birds,church_bells,thunderstorm,0.937297422663928,0.05408844129472526,0.008614136041346723
scene0_bio_dominated_0372.wav,0,bio_dominated,rooster,mouse_click,water_drops,0.6292971959813606,0.15889677894139836,0.21180602507724114
scene0_bio_dominated_0373.wav,0,bio_dominated,crow,mouse_click,crackling_fire,0.9127412927967142,0.026224449465328065,0.06103425773795785
scene0_bio_dominated_0374.wav,0,bio_dominated,crow,car_horn,water_drops,0.8976627982758759,0.062393830034993096,0.03994337168913102
scene0_bio_dominated_0375.wav,0,bio_dominated,chirping_birds,pouring_water,water_drops,0.9693113797762838,0.006390601164048015,0.024298019059668257
scene0_bio_dominated_0376.wav,0,bio_dominated,cat,can_opening,wind,0.933669932370947,0.0355879803822109,0.03074208724684206
scene0_bio_dominated_0377.wav,0,bio_dominated,clapping,fireworks,water_drops,0.8021703869242116,0.09616656320905333,0.10166304986673519
scene0_bio_dominated_0378.wav,0,bio_dominated,sneezing,train,wind,0.878111847758828,0.06011563948249613,0.06177251275867588
scene0_bio_dominated_0379.wav,0,bio_dominated,rooster,church_bells,crackling_fire,0.9369798192171064,0.06036912216966645,0.002651058613227246
scene0_bio_dominated_0380.wav,0,bio_dominated,crow,train,wind,0.8597015163315691,0.1292799040995348,0.011018579568896025
scene0_bio_dominated_0381.wav,0,bio_dominated,cow,pouring_water,water_drops,0.68748080842483,0.04558052344049609,0.26693866813467393
scene0_bio_dominated_0382.wav,0,bio_dominated,rooster,church_bells,sea_waves,0.9443010844108386,0.0164771778737329,0.03922173771542849
scene0_bio_dominated_0383.wav,0,bio_dominated,crow,drinking_sipping,water_drops,0.9917105584950253,0.0054304812003786295,0.002858960304596072
scene0_bio_dominated_0384.wav,0,bio_dominated,cat,helicopter,rain,0.9338746109345574,0.06024752333698326,0.005877865728459367
scene0_bio_dominated_0385.wav,0,bio_dominated,frog,engine,water_drops,0.9464344920197335,0.024701779072900026,0.02886372890736653
scene0_bio_dominated_0386.wav,0,bio_dominated,dog,keyboard_typing,crackling_fire,0.8826608901022199,0.08585950054309728,0.03147960935468279
scene0_bio_dominated_0387.wav,0,bio_dominated,dog,can_opening,thunderstorm,0.7868810724056946,0.04801824080905342,0.1651006867852519
scene0_bio_dominated_0388.wav,0,bio_dominated,frog,fireworks,thunderstorm,0.6496159598743559,0.27639959511194756,0.07398444501369641
scene0_bio_dominated_0389.wav,0,bio_dominated,breathing,toilet_flush,water_drops,0.8815141232021358,0.025370847652121414,0.0931150291457427
scene0_bio_dominated_0390.wav,0,bio_dominated,crickets,church_bells,wind,0.8593610782507914,0.13571217473983138,0.004926747009377148
scene0_bio_dominated_0391.wav,0,bio_dominated,crickets,can_opening,water_drops,0.8333198158729902,0.029127151514303704,0.13755303261270616
scene0_bio_dominated_0392.wav,0,bio_dominated,hen,can_opening,water_drops,0.8606941531895719,0.012481750582872065,0.12682409622755592
scene0_bio_dominated_0393.wav,0,bio_dominated,sheep,airplane,rain,0.7918987682699157,0.10927192186469625,0.09882930986538803
scene0_bio_dominated_0394.wav,0,bio_dominated,frog,hand_saw,sea_waves,0.9013061053599524,0.03632273191681572,0.06237116272323198
scene0_bio_dominated_0395.wav,0,bio_dominated,sneezing,car_horn,water_drops,0.8695435789305807,0.09969637585116684,0.03076004521825264
scene0_bio_dominated_0396.wav,0,bio_dominated,pig,vacuum_cleaner,rain,0.8317565037888799,0.03559036052292238,0.13265313568819775
scene0_bio_dominated_0397.wav,0,bio_dominated,chirping_birds,train,wind,0.8361493976610306,0.0048034833010158475,0.15904711903795352
scene0_bio_dominated_0398.wav,0,bio_dominated,cat,hand_saw,sea_waves,0.9118904330956336,0.06144087582849362,0.026668691075872903
scene0_bio_dominated_0399.wav,0,bio_dominated,laughing,mouse_click,thunderstorm,0.8753075440802672,0.09188448097186108,0.03280797494787171
scene0_bio_dominated_0400.wav,0,bio_dominated,rooster,train,rain,0.7436069237991384,0.2392110498676606,0.017182026333200928
scene0_bio_dominated_0401.wav,0,bio_dominated,crow,brushing_teeth,sea_waves,0.8730632985234855,0.08419895116700628,0.04273775030950819
scene0_bio_dominated_0402.wav,0,bio_dominated,crow,vacuum_cleaner,thunderstorm,0.744120200169355,0.20127221412454802,0.05460758570609711
scene0_bio_dominated_0403.wav,0,bio_dominated,chirping_birds,vacuum_cleaner,thunderstorm,0.9282855020495273,0.027775454955215363,0.04393904299525738
scene0_bio_dominated_0404.wav,0,bio_dominated,pig,car_horn,thunderstorm,0.9445026973892939,0.030458055165145933,0.025039247445560003
scene0_bio_dominated_0405.wav,0,bio_dominated,hen,helicopter,sea_waves,0.7055445030113888,0.05790491782568082,0.23655057916293032
scene0_bio_dominated_0406.wav,0,bio_dominated,insects,train,rain,0.9106056953408516,0.053299089412877865,0.03609521524627046
scene0_bio_dominated_0407.wav,0,bio_dominated,sheep,door_wood_knock,sea_waves,0.8365654125636279,0.05469429699686376,0.1087402904395084
scene0_bio_dominated_0408.wav,0,bio_dominated,sheep,fireworks,wind,0.5753737357916283,0.36020893347495486,0.06441733073341684
scene0_bio_dominated_0409.wav,0,bio_dominated,frog,door_wood_knock,rain,0.8317654104987975,0.0641999917859803,0.1040345977152221
scene0_bio_dominated_0410.wav,0,bio_dominated,pig,drinking_sipping,thunderstorm,0.8576675725935601,0.017851384272525993,0.12448104313391392
scene0_bio_dominated_0411.wav,0,bio_dominated,crickets,can_opening,water_drops,0.7768054031998967,0.014235146310956424,0.208959450489147
scene0_bio_dominated_0412.wav,0,bio_dominated,cat,siren,thunderstorm,0.60479341788643,0.2584442028520821,0.13676237926148788
scene0_bio_dominated_0413.wav,0,bio_dominated,frog,toilet_flush,wind,0.7808936124853051,0.08811297363135287,0.130993413883342
scene0_bio_dominated_0414.wav,0,bio_dominated,sneezing,toilet_flush,water_drops,0.926880246654852,0.015968877169886674,0.057150876175261385
scene0_bio_dominated_0415.wav,0,bio_dominated,crying_baby,door_wood_creaks,water_drops,0.7138287143049655,0.05160526981572826,0.23456601587930612
scene0_bio_dominated_0416.wav,0,bio_dominated,rooster,train,sea_waves,0.6972963688310849,0.09426231452167194,0.20844131664724316
scene0_bio_dominated_0417.wav,0,bio_dominated,dog,hand_saw,crackling_fire,0.44115777204001627,0.2525009675005102,0.3063412604594736
scene0_bio_dominated_0418.wav,0,bio_dominated,rooster,siren,wind,0.8204082472672615,0.008448271620908216,0.1711434811118303
scene0_bio_dominated_0419.wav,0,bio_dominated,sheep,siren,water_drops,0.9641005144359311,0.03447757589594214,0.0014219096681268389
scene0_bio_dominated_0420.wav,0,bio_dominated,snoring,siren,water_drops,0.988084256824591,0.008819411060072216,0.0030963321153367504
scene0_bio_dominated_0421.wav,0,bio_dominated,rooster,airplane,water_drops,0.9622674926137521,0.00221321933509775,0.03551928805115018
scene0_bio_dominated_0422.wav,0,bio_dominated,insects,hand_saw,rain,0.8345425590112858,0.13782898707946786,0.027628453909246287
scene0_bio_dominated_0423.wav,0,bio_dominated,hen,airplane,wind,0.9610077081113417,0.006147009505144355,0.03284528238351378
scene0_bio_dominated_0424.wav,0,bio_dominated,sheep,train,thunderstorm,0.936926593327075,0.00017302923522926302,0.06290037743769594
scene0_bio_dominated_0425.wav,0,bio_dominated,dog,door_wood_creaks,thunderstorm,0.8759944998950913,0.07488540519470552,0.04912009491020315
scene0_bio_dominated_0426.wav,0,bio_dominated,snoring,vacuum_cleaner,sea_waves,0.7859633245755842,0.17129624396688767,0.0427404314575282
scene0_bio_dominated_0427.wav,0,bio_dominated,coughing,chainsaw,water_drops,0.8926121945041388,0.08987023163021154,0.017517573865649567
scene0_bio_dominated_0428.wav,0,bio_dominated,crying_baby,helicopter,water_drops,0.9334481592923718,0.02631867871882011,0.0402331619888082
scene0_bio_dominated_0429.wav,0,bio_dominated,insects,door_wood_knock,wind,0.6991140188430123,0.1980524445472984,0.1028335366096894
scene0_bio_dominated_0430.wav,0,bio_dominated,crickets,train,crackling_fire,0.979334820687626,0.010791320727424626,0.009873858584949418
scene0_bio_dominated_0431.wav,0,bio_dominated,clapping,brushing_teeth,thunderstorm,0.8760882368744229,0.009739425325072154,0.11417233780050492
scene0_bio_dominated_0432.wav,0,bio_dominated,sneezing,vacuum_cleaner,crackling_fire,0.7637185253713316,0.13479939151686027,0.1014820831118081
scene0_bio_dominated_0433.wav,0,bio_dominated,pig,footsteps,rain,0.6134613097087116,0.21856065064642005,0.1679780396448685
scene0_bio_dominated_0434.wav,0,bio_dominated,dog,clock_tick,water_drops,0.7684598712179433,0.055831938729167106,0.17570819005288957
scene0_bio_dominated_0435.wav,0,bio_dominated,breathing,train,thunderstorm,0.8089523434904815,0.15903015817147076,0.03201749833804782
scene0_bio_dominated_0436.wav,0,bio_dominated,breathing,pouring_water,rain,0.9024405943308906,0.01814501640185872,0.07941438926725074
scene0_bio_dominated_0437.wav,0,bio_dominated,coughing,drinking_sipping,thunderstorm,0.8716703004810136,0.12387437134608864,0.004455328172897851
scene0_bio_dominated_0438.wav,0,bio_dominated,sheep,brushing_teeth,water_drops,0.873916657739436,0.03187500318592622,0.09420833907463774
scene0_bio_dominated_0439.wav,0,bio_dominated,clapping,siren,water_drops,0.794247269530438,0.11712653308553485,0.08862619738402706
scene0_bio_dominated_0440.wav,0,bio_dominated,snoring,door_wood_creaks,wind,0.8602553605921551,0.1041222259551647,0.03562241345268005
scene0_bio_dominated_0441.wav,0,bio_dominated,breathing,door_wood_knock,crackling_fire,0.8840013956507196,0.007246158867642152,0.10875244548163836
scene0_bio_dominated_0442.wav,0,bio_dominated,crickets,car_horn,crackling_fire,0.8080274667150696,0.1801538991219531,0.011818634162977184
scene0_bio_dominated_0443.wav,0,bio_dominated,crow,footsteps,sea_waves,0.7056489666781949,0.12610995662039814,0.16824107670140695
scene0_bio_dominated_0444.wav,0,bio_dominated,cat,helicopter,crackling_fire,0.8106537031141035,0.09842799479028624,0.09091830209561015
scene0_bio_dominated_0445.wav,0,bio_dominated,cat,drinking_sipping,crackling_fire,0.7246471857379216,0.10322476267564575,0.17212805158643268
scene0_bio_dominated_0446.wav,0,bio_dominated,rooster,door_wood_creaks,rain,0.8653943338526261,0.05080870687842014,0.0837969592689538
scene0_bio_dominated_0447.wav,0,bio_dominated,breathing,airplane,sea_waves,0.7061664693569911,0.2425078369554792,0.051325693687529685
scene0_bio_dominated_0448.wav,0,bio_dominated,cow,train,crackling_fire,0.618845190753618,0.02908477253748346,0.35207003670889847
scene0_bio_dominated_0449.wav,0,bio_dominated,hen,washing_machine,sea_waves,0.8312162091760132,0.07642138440930629,0.09236240641468049
scene0_bio_dominated_0450.wav,0,bio_dominated,hen,brushing_teeth,thunderstorm,0.8038955788752312,0.027890855444112822,0.16821356568065599
scene0_bio_dominated_0451.wav,0,bio_dominated,frog,mouse_click,crackling_fire,0.8963112864433154,0.06658095987618592,0.037107753680498574
scene0_bio_dominated_0452.wav,0,bio_dominated,laughing,hand_saw,thunderstorm,0.8170448390606265,0.18181714251180023,0.0011380184275732541
scene0_bio_dominated_0453.wav,0,bio_dominated,laughing,clock_tick,crackling_fire,0.9034139592994679,0.018613874313401,0.07797216638713104
scene0_bio_dominated_0454.wav,0,bio_dominated,dog,hand_saw,wind,0.8886979514374235,0.01885373182264696,0.09244831673992938
scene0_bio_dominated_0455.wav,0,bio_dominated,rooster,clock_alarm,sea_waves,0.7849333084312426,0.13251531260127491,0.08255137896748249
scene0_bio_dominated_0456.wav,0,bio_dominated,cat,toilet_flush,wind,0.8274312009701943,0.1557731153086833,0.01679568372112244
scene0_bio_dominated_0457.wav,0,bio_dominated,clapping,clock_tick,sea_waves,0.9067675781307702,0.024824740622214975,0.0684076812470147
scene0_bio_dominated_0458.wav,0,bio_dominated,rooster,mouse_click,sea_waves,0.9569652839494598,0.038115168150292665,0.004919547900247515
scene0_bio_dominated_0459.wav,0,bio_dominated,snoring,engine,wind,0.7877831339416815,0.0603492111821562,0.15186765487616227
scene0_bio_dominated_0460.wav,0,bio_dominated,dog,car_horn,rain,0.9084983263840696,0.05681577536590672,0.03468589825002366
scene0_bio_dominated_0461.wav,0,bio_dominated,chirping_birds,door_wood_creaks,thunderstorm,0.8715233529744996,0.05486662910655912,0.07361001791894131
scene0_bio_dominated_0462.wav,0,bio_dominated,dog,church_bells,crackling_fire,0.7378151627222358,0.11208498796707461,0.15009984931068954
scene0_bio_dominated_0463.wav,0,bio_dominated,crying_baby,can_opening,thunderstorm,0.7951894879885693,0.05424360946418285,0.15056690254724794
scene0_bio_dominated_0464.wav,0,bio_dominated,crow,vacuum_cleaner,crackling_fire,0.8072687911675214,0.14120946800861017,0.051521740823868546
scene0_bio_dominated_0465.wav,0,bio_dominated,rooster,vacuum_cleaner,thunderstorm,0.9392456059215294,0.029407531444824563,0.03134686263364604
scene0_bio_dominated_0466.wav,0,bio_dominated,chirping_birds,helicopter,rain,0.9105486590301366,0.04269588429068439,0.04675545667917909
scene0_bio_dominated_0467.wav,0,bio_dominated,insects,pouring_water,thunderstorm,0.9300495639278346,0.008987727247178903,0.06096270882498653
scene0_bio_dominated_0468.wav,0,bio_dominated,dog,can_opening,thunderstorm,0.8845558936813744,0.026904637284576025,0.08853946903404958
scene0_bio_dominated_0469.wav,0,bio_dominated,laughing,door_wood_knock,sea_waves,0.8287022948022504,0.14388640700634167,0.027411298191407724
scene0_bio_dominated_0470.wav,0,bio_dominated,crow,pouring_water,water_drops,0.845547903934721,0.07006792253090076,0.08438417353437822
scene0_bio_dominated_0471.wav,0,bio_dominated,crow,train,water_drops,0.9467152183023521,0.04173198043376216,0.011552801263885748
scene0_bio_dominated_0472.wav,0,bio_dominated,hen,footsteps,thunderstorm,0.905871550828352,0.006085737336046562,0.08804271183560132
scene0_bio_dominated_0473.wav,0,bio_dominated,cow,door_wood_creaks,thunderstorm,0.8341189107782092,0.14648199853084787,0.019399090690942887
scene0_bio_dominated_0474.wav,0,bio_dominated,coughing,car_horn,water_drops,0.8752154271290039,0.0068914743898709175,0.11789309848112524
scene0_bio_dominated_0475.wav,0,bio_dominated,crying_baby,washing_machine,thunderstorm,0.7739618956464122,0.12885582126650874,0.09718228308707925
scene0_bio_dominated_0476.wav,0,bio_dominated,sheep,hand_saw,crackling_fire,0.9662394401560067,0.012936209248036918,0.02082435059595621
scene0_bio_dominated_0477.wav,0,bio_dominated,chirping_birds,train,rain,0.8367146228808469,0.1514696694505327,0.011815707668620333
scene0_bio_dominated_0478.wav,0,bio_dominated,crickets,door_wood_knock,wind,0.8577679126888955,0.10788971540260518,0.03434237190849929
scene0_bio_dominated_0479.wav,0,bio_dominated,pig,train,rain,0.7797468319917555,0.12588871776614494,0.09436445024209948
scene0_bio_dominated_0480.wav,0,bio_dominated,crying_baby,helicopter,rain,0.8691026959199799,0.05550128198758182,0.0753960220924381
scene0_bio_dominated_0481.wav,0,bio_dominated,crickets,toilet_flush,wind,0.8932263425173841,0.09925385427886119,0.007519803203754789
scene0_bio_dominated_0482.wav,0,bio_dominated,sneezing,hand_saw,thunderstorm,0.8224539860174607,0.08190236864925123,0.09564364533328812
scene0_bio_dominated_0483.wav,0,bio_dominated,cat,clock_tick,water_drops,0.5713911230508707,0.12104455377281757,0.3075643231763117
scene0_bio_dominated_0484.wav,0,bio_dominated,sheep,airplane,sea_waves,0.9474628502226187,0.008836149264347027,0.04370100051303438
scene0_bio_dominated_0485.wav,0,bio_dominated,hen,clock_alarm,rain,0.9737438137125718,0.012243168581391852,0.014013017706036352
scene0_bio_dominated_0486.wav,0,bio_dominated,crickets,brushing_teeth,sea_waves,0.9076619885401612,0.03763967927267628,0.05469833218716244
scene0_bio_dominated_0487.wav,0,bio_dominated,breathing,door_wood_knock,sea_waves,0.7910176438221621,0.19105088257118696,0.017931473606650896
scene0_bio_dominated_0488.wav,0,bio_dominated,chirping_birds,door_wood_creaks,wind,0.6910011894406414,0.3010218487221172,0.007976961837241352
scene0_bio_dominated_0489.wav,0,bio_dominated,pig,washing_machine,sea_waves,0.9022169352791565,0.009468300965253891,0.08831476375558958
scene0_bio_dominated_0490.wav,0,bio_dominated,snoring,glass_breaking,wind,0.7815433905353782,0.1800529099206376,0.03840369954398406
scene0_bio_dominated_0491.wav,0,bio_dominated,laughing,fireworks,crackling_fire,0.444506205551176,0.21697239404913465,0.3385214003996893
scene0_bio_dominated_0492.wav,0,bio_dominated,clapping,train,sea_waves,0.9701281181677728,0.0023915647586226474,0.02748031707360467
scene0_bio_dominated_0493.wav,0,bio_dominated,cow,fireworks,water_drops,0.7090468103183878,0.19540391080819824,0.0955492788734139
scene0_bio_dominated_0494.wav,0,bio_dominated,crow,can_opening,rain,0.6358291920067924,0.0634965773316095,0.30067423066159804
scene0_bio_dominated_0495.wav,0,bio_dominated,hen,door_wood_knock,water_drops,0.7862253924882292,0.1684602464833442,0.045314361028426405
scene0_bio_dominated_0496.wav,0,bio_dominated,dog,glass_breaking,sea_waves,0.9258109753144239,0.0452272274294465,0.02896179725612941
scene0_bio_dominated_0497.wav,0,bio_dominated,rooster,door_wood_knock,water_drops,0.91139850271585,0.027954656235091812,0.06064684104905829
scene0_bio_dominated_0498.wav,0,bio_dominated,frog,glass_breaking,water_drops,0.9898199318200657,0.007734532505409488,0.002445535674524761
scene0_bio_dominated_0499.wav,0,bio_dominated,clapping,can_opening,thunderstorm,0.7139349631827617,0.2844151525087758,0.0016498843084623372
scene0_bio_dominated_0500.wav,0,bio_dominated,frog,pouring_water,crackling_fire,0.7370962681090443,0.06434124671426306,0.1985624851766928
scene0_bio_dominated_0501.wav,0,bio_dominated,sheep,engine,rain,0.8282749267120988,0.05151695184854695,0.12020812143935419
scene0_bio_dominated_0502.wav,0,bio_dominated,crickets,car_horn,rain,0.8611059056903617,0.12270435715353763,0.01618973715610059
scene0_bio_dominated_0503.wav,0,bio_dominated,frog,hand_saw,sea_waves,0.8080872634792969,0.07824974653853926,0.11366298998216372
scene0_bio_dominated_0504.wav,0,bio_dominated,crying_baby,mouse_click,wind,0.8271371199035535,0.15874674031943783,0.014116139777008574
scene0_bio_dominated_0505.wav,0,bio_dominated,breathing,glass_breaking,sea_waves,0.5531718050705864,0.43107259900458644,0.01575559592482708
scene0_bio_dominated_0506.wav,0,bio_dominated,cow,hand_saw,thunderstorm,0.8877820440773059,0.08854624600517895,0.023671709917515226
scene0_bio_dominated_0507.wav,0,bio_dominated,clapping,door_wood_creaks,rain,0.9316582957578219,0.0013771829088710704,0.06696452133330698
scene0_bio_dominated_0508.wav,0,bio_dominated,sneezing,door_wood_creaks,thunderstorm,0.837121825229694,0.06235496561441208,0.10052320915589395
scene0_bio_dominated_0509.wav,0,bio_dominated,rooster,siren,thunderstorm,0.9227210158589114,0.006326040336315405,0.07095294380477304
scene0_bio_dominated_0510.wav,0,bio_dominated,sneezing,washing_machine,water_drops,0.881187720732319,0.019174804436817558,0.09963747483086341
scene0_bio_dominated_0511.wav,0,bio_dominated,snoring,clock_alarm,crackling_fire,0.9556765994400416,0.014815272565460502,0.029508127994497785
scene0_bio_dominated_0512.wav,0,bio_dominated,sheep,pouring_water,sea_waves,0.760596169655511,0.05251144287356618,0.1868923874709227
scene0_bio_dominated_0513.wav,0,bio_dominated,crow,chainsaw,rain,0.7471979803229858,0.017668329815194367,0.23513368986181987
scene0_bio_dominated_0514.wav,0,bio_dominated,clapping,pouring_water,wind,0.8122943948904904,0.04547108872803133,0.14223451638147838
scene0_bio_dominated_0515.wav,0,bio_dominated,cat,door_wood_knock,water_drops,0.8126657939671922,0.13999784252008216,0.047336363512725556
scene0_bio_dominated_0516.wav,0,bio_dominated,coughing,washing_machine,rain,0.8951481967363973,0.004106763638765853,0.1007450396248367
scene0_bio_dominated_0517.wav,0,bio_dominated,clapping,keyboard_typing,wind,0.7584646731484885,0.21597484027859093,0.02556048657292065
scene0_bio_dominated_0518.wav,0,bio_dominated,frog,airplane,thunderstorm,0.8958799381312232,0.08536309269283629,0.01875696917594044
scene0_bio_dominated_0519.wav,0,bio_dominated,rooster,train,sea_waves,0.9459665498145419,0.0220873504870012,0.03194609969845697
scene0_bio_dominated_0520.wav,0,bio_dominated,rooster,door_wood_knock,crackling_fire,0.9804215240759371,0.0019236366312543852,0.017654839292808616
scene0_bio_dominated_0521.wav,0,bio_dominated,crying_baby,clock_tick,wind,0.8197844271055779,0.17463377165896604,0.0055818012354562265
scene0_bio_dominated_0522.wav,0,bio_dominated,crying_baby,keyboard_typing,wind,0.9516219686669087,0.01762860184881666,0.030749429484274598
scene0_bio_dominated_0523.wav,0,bio_dominated,coughing,can_opening,crackling_fire,0.8692254688851611,0.11373642667311143,0.017038104441727438
scene0_bio_dominated_0524.wav,0,bio_dominated,snoring,car_horn,sea_waves,0.8176789168768772,0.09564964925052707,0.08667143387259577
scene0_bio_dominated_0525.wav,0,bio_dominated,crickets,pouring_water,water_drops,0.8825300952772183,0.029914946406636618,0.08755495831614521
scene0_bio_dominated_0526.wav,0,bio_dominated,snoring,can_opening,crackling_fire,0.8480513124960812,0.068116650567293,0.08383203693662565
scene0_bio_dominated_0527.wav,0,bio_dominated,frog,toilet_flush,water_drops,0.8840547006619085,0.06762156849823785,0.048323730839853724
scene0_bio_dominated_0528.wav,0,bio_dominated,sneezing,brushing_teeth,rain,0.751247835001463,0.17715651598142768,0.07159564901710944
scene0_bio_dominated_0529.wav,0,bio_dominated,pig,toilet_flush,rain,0.6555566952148141,0.09219665672128234,0.2522466480639036
scene0_bio_dominated_0530.wav,0,bio_dominated,pig,glass_breaking,wind,0.7752817116372727,0.032693827354116946,0.19202446100861031
scene0_bio_dominated_0531.wav,0,bio_dominated,breathing,washing_machine,thunderstorm,0.8679246474832925,0.09677437686803195,0.03530097564867564
scene0_bio_dominated_0532.wav,0,bio_dominated,crow,drinking_sipping,water_drops,0.6609304904412354,0.02984281496431761,0.3092266945944469
scene0_bio_dominated_0533.wav,0,bio_dominated,laughing,car_horn,sea_waves,0.7645821198314143,0.12882482371774862,0.10659305645083701
scene0_bio_dominated_0534.wav,0,bio_dominated,frog,keyboard_typing,wind,0.9686989599940228,0.014738082304454475,0.016562957701522767
scene0_bio_dominated_0535.wav,0,bio_dominated,dog,can_opening,water_drops,0.895018372961887,0.03631966819020295,0.06866195884791017
scene0_bio_dominated_0536.wav,0,bio_dominated,breathing,fireworks,sea_waves,0.7676815997041672,0.18040646052826032,0.05191193976757265
scene0_bio_dominated_0537.wav,0,bio_dominated,hen,train,water_drops,0.7893916729653265,0.17911526138434447,0.031493065650328944
scene0_bio_dominated_0538.wav,0,bio_dominated,chirping_birds,car_horn,rain,0.7457154926801087,0.08221144942303107,0.1720730578968602
scene0_bio_dominated_0539.wav,0,bio_dominated,rooster,brushing_teeth,sea_waves,0.8751705090124946,0.10112185377454633,0.02370763721295903
scene0_bio_dominated_0540.wav,0,bio_dominated,crow,hand_saw,thunderstorm,0.8984956063669837,0.07794714094624772,0.023557252686768705
scene0_bio_dominated_0541.wav,0,bio_dominated,chirping_birds,hand_saw,thunderstorm,0.7494163309288387,0.1291665291272339,0.12141713994392743
scene0_bio_dominated_0542.wav,0,bio_dominated,pig,fireworks,wind,0.7850474426359088,0.2037189736448629,0.011233583719228276
scene0_bio_dominated_0543.wav,0,bio_dominated,crying_baby,mouse_click,thunderstorm,0.7544536600219374,0.0374794761139366,0.20806686386412604
scene0_bio_dominated_0544.wav,0,bio_dominated,clapping,fireworks,rain,0.898511314782677,0.008634409113878649,0.09285427610344434
scene0_bio_dominated_0545.wav,0,bio_dominated,snoring,helicopter,rain,0.8741238484554655,0.089473872524465,0.0364022790200694
scene0_bio_dominated_0546.wav,0,bio_dominated,breathing,hand_saw,crackling_fire,0.8448037279735853,0.10636080339528856,0.04883546863112609
scene0_bio_dominated_0547.wav,0,bio_dominated,crickets,vacuum_cleaner,rain,0.7651875074165874,0.18454204915844832,0.0502704434249644
scene0_bio_dominated_0548.wav,0,bio_dominated,crickets,can_opening,wind,0.848115901544638,0.06431081732346981,0.08757328113189221
scene0_bio_dominated_0549.wav,0,bio_dominated,pig,door_wood_knock,thunderstorm,0.9806413386957867,0.015013052088192019,0.004345609216021261
scene0_bio_dominated_0550.wav,0,bio_dominated,insects,hand_saw,crackling_fire,0.948463262580634,0.007714795548308484,0.04382194187105754
scene0_bio_dominated_0551.wav,0,bio_dominated,snoring,glass_breaking,thunderstorm,0.7880067974488856,0.07226897779704783,0.13972422475406643
scene0_bio_dominated_0552.wav,0,bio_dominated,cow,brushing_teeth,wind,0.9550288809826002,0.011056230842260734,0.03391488817513913
scene0_bio_dominated_0553.wav,0,bio_dominated,hen,clock_alarm,crackling_fire,0.9503042783566882,0.021147252215314608,0.02854846942799738
scene0_bio_dominated_0554.wav,0,bio_dominated,frog,door_wood_knock,rain,0.8887013677382852,0.06116716616419418,0.05013146609752065
scene0_bio_dominated_0555.wav,0,bio_dominated,pig,glass_breaking,crackling_fire,0.733710603082655,0.13961114765370458,0.1266782492636405
scene0_bio_dominated_0556.wav,0,bio_dominated,snoring,glass_breaking,water_drops,0.6983527315832089,0.14030127564509232,0.16134599277169878
scene0_bio_dominated_0557.wav,0,bio_dominated,rooster,keyboard_typing,wind,0.9208284608737387,0.04087464609467551,0.03829689303158593
scene0_bio_dominated_0558.wav,0,bio_dominated,laughing,chainsaw,water_drops,0.9051090672745199,0.05553573109247714,0.03935520163300297
scene0_bio_dominated_0559.wav,0,bio_dominated,crow,mouse_click,crackling_fire,0.8693048248856441,0.06742884167375747,0.06326633344059839
scene0_bio_dominated_0560.wav,0,bio_dominated,hen,pouring_water,rain,0.6050122895273707,0.2306178354213126,0.16436987505131664
scene0_bio_dominated_0561.wav,0,bio_dominated,snoring,mouse_click,water_drops,0.8289933612885051,0.00905677026473219,0.16194986844676276
scene0_bio_dominated_0562.wav,0,bio_dominated,hen,siren,thunderstorm,0.6368352478463121,0.04967028174774052,0.31349447040594747
scene0_bio_dominated_0563.wav,0,bio_dominated,crow,helicopter,crackling_fire,0.8302045151739953,0.06555752184247457,0.10423796298353015
scene0_bio_dominated_0564.wav,0,bio_dominated,cat,helicopter,sea_waves,0.9147274996605144,0.08375834730584675,0.0015141530336388385
scene0_bio_dominated_0565.wav,0,bio_dominated,crow,vacuum_cleaner,crackling_fire,0.7218770189946905,0.017372864952845988,0.26075011605246357
scene0_bio_dominated_0566.wav,0,bio_dominated,crickets,washing_machine,water_drops,0.9284786414796544,0.007835232958053892,0.06368612556229163
scene0_bio_dominated_0567.wav,0,bio_dominated,coughing,pouring_water,water_drops,0.9222401060588442,0.012086821184087196,0.06567307275706855
scene0_bio_dominated_0568.wav,0,bio_dominated,frog,pouring_water,rain,0.9333826341658066,0.06505901384602189,0.0015583519881715842
scene0_bio_dominated_0569.wav,0,bio_dominated,sheep,toilet_flush,wind,0.9483290414984792,0.03313343336217785,0.018537525139343113
scene0_bio_dominated_0570.wav,0,bio_dominated,pig,footsteps,rain,0.6265331926783061,0.36427215439087923,0.009194652930814722
scene0_bio_dominated_0571.wav,0,bio_dominated,clapping,pouring_water,sea_waves,0.9070116605543304,0.044552979450836874,0.048435359994832713
scene0_bio_dominated_0572.wav,0,bio_dominated,sneezing,train,crackling_fire,0.8953438922135373,0.06293063221039735,0.04172547557606534
scene0_bio_dominated_0573.wav,0,bio_dominated,frog,brushing_teeth,water_drops,0.9669875736692891,0.030346010990274896,0.002666415340435966
scene0_bio_dominated_0574.wav,0,bio_dominated,crickets,washing_machine,thunderstorm,0.8018547048991482,0.08756923634943463,0.11057605875141703
scene0_bio_dominated_0575.wav,0,bio_dominated,crow,toilet_flush,water_drops,0.8319700939956876,0.07739053810466363,0.0906393678996489
scene0_bio_dominated_0576.wav,0,bio_dominated,clapping,engine,thunderstorm,0.9468406633022921,0.04176497500800653,0.011394361689701335
scene0_bio_dominated_0577.wav,0,bio_dominated,sneezing,footsteps,rain,0.6559644777156893,0.14038613687160262,0.2036493854127082
scene0_bio_dominated_0578.wav,0,bio_dominated,pig,drinking_sipping,thunderstorm,0.7427792347000387,0.14522926477298362,0.11199150052697765
scene0_bio_dominated_0579.wav,0,bio_dominated,frog,door_wood_creaks,thunderstorm,0.7709320569435318,0.009476831906319694,0.21959111115014848
scene0_bio_dominated_0580.wav,0,bio_dominated,crow,keyboard_typing,crackling_fire,0.8470208907937968,0.024417807728200763,0.1285613014780024
scene0_bio_dominated_0581.wav,0,bio_dominated,sneezing,drinking_sipping,crackling_fire,0.6621964331896826,0.2580793515477714,0.07972421526254587
scene0_bio_dominated_0582.wav,0,bio_dominated,laughing,brushing_teeth,wind,0.9470959287000189,0.01263147897359752,0.0402725923263836
scene0_bio_dominated_0583.wav,0,bio_dominated,insects,glass_breaking,sea_waves,0.9497908944077663,0.039079463360740876,0.011129642231492761
scene0_bio_dominated_0584.wav,0,bio_dominated,chirping_birds,keyboard_typing,rain,0.7717261185576388,0.12804524308376117,0.10022863835859999
scene0_bio_dominated_0585.wav,0,bio_dominated,rooster,drinking_sipping,water_drops,0.8941866056196913,0.050159815377114794,0.05565357900319393
scene0_bio_dominated_0586.wav,0,bio_dominated,crow,helicopter,wind,0.7286043466469524,0.19435115999058794,0.07704449336245972
scene0_bio_dominated_0587.wav,0,bio_dominated,cow,can_opening,water_drops,0.8510646276655495,0.05831368502511324,0.0906216873093372
scene0_bio_dominated_0588.wav,0,bio_dominated,cow,brushing_teeth,thunderstorm,0.8219314279363159,0.07829424592080274,0.09977432614288138
scene0_bio_dominated_0589.wav,0,bio_dominated,laughing,engine,water_drops,0.8361089391598152,0.09251189032680174,0.07137917051338297
scene0_bio_dominated_0590.wav,0,bio_dominated,snoring,brushing_teeth,sea_waves,0.8229846426087674,0.0825213930437449,0.09449396434748773
scene0_bio_dominated_0591.wav,0,bio_dominated,laughing,fireworks,sea_waves,0.9618165800643729,0.022487994107529767,0.01569542582809729
scene0_bio_dominated_0592.wav,0,bio_dominated,cat,fireworks,thunderstorm,0.6980344363707693,0.03425112324933833,0.26771444037989234
scene0_bio_dominated_0593.wav,0,bio_dominated,coughing,washing_machine,rain,0.7752077743647328,0.12397739599745353,0.10081482963781381
scene0_bio_dominated_0594.wav,0,bio_dominated,clapping,car_horn,rain,0.9216530856996692,0.07149648945757486,0.006850424842755951
scene0_bio_dominated_0595.wav,0,bio_dominated,crickets,clock_tick,rain,0.4204621759817863,0.09569579615827574,0.4838420278599379
scene0_bio_dominated_0596.wav,0,bio_dominated,insects,clock_alarm,crackling_fire,0.9037394493406515,0.015024601184721544,0.081235949474627
scene0_bio_dominated_0597.wav,0,bio_dominated,crow,hand_saw,water_drops,0.8974659704830927,0.09379367327671435,0.008740356240193047
scene0_bio_dominated_0598.wav,0,bio_dominated,rooster,glass_breaking,thunderstorm,0.728450508664891,0.007787769783351799,0.26376172155175714
scene0_bio_dominated_0599.wav,0,bio_dominated,hen,door_wood_knock,rain,0.8466180515785837,0.1251998522777921,0.02818209614362428
scene0_bio_dominated_0600.wav,0,bio_dominated,snoring,clock_alarm,water_drops,0.6844280850879094,0.28785337614447787,0.027718538767612672
scene0_bio_dominated_0601.wav,0,bio_dominated,chirping_birds,washing_machine,crackling_fire,0.8326034166560711,0.047028658426088187,0.12036792491784065
scene0_bio_dominated_0602.wav,0,bio_dominated,cow,drinking_sipping,water_drops,0.5805160049508,0.06966119429872318,0.3498228007504768
scene0_bio_dominated_0603.wav,0,bio_dominated,cow,clock_tick,rain,0.9014648726357134,0.09081163441182663,0.0077234929524599965
scene0_bio_dominated_0604.wav,0,bio_dominated,coughing,mouse_click,water_drops,0.8405110732669747,0.012104152420435306,0.14738477431258987
scene0_bio_dominated_0605.wav,0,bio_dominated,crying_baby,glass_breaking,rain,0.646808762013491,0.0023596033336286716,0.35083163465288025
scene0_bio_dominated_0606.wav,0,bio_dominated,dog,vacuum_cleaner,sea_waves,0.8932329484681655,0.034157258683154286,0.07260979284868019
scene0_bio_dominated_0607.wav,0,bio_dominated,pig,helicopter,crackling_fire,0.9714063470467865,0.02071823778328788,0.007875415169925543
scene0_bio_dominated_0608.wav,0,bio_dominated,hen,keyboard_typing,rain,0.8425639842024927,0.011791095656145669,0.14564492014136177
scene0_bio_dominated_0609.wav,0,bio_dominated,sneezing,helicopter,water_drops,0.7344874315996395,0.23204033177803735,0.03347223662232325
scene0_bio_dominated_0610.wav,0,bio_dominated,laughing,can_opening,sea_waves,0.9425482130026658,0.02473141083526095,0.032720376162073385
scene0_bio_dominated_0611.wav,0,bio_dominated,crow,siren,wind,0.8975547420739856,0.09810910126369723,0.004336156662317055
scene0_bio_dominated_0612.wav,0,bio_dominated,coughing,clock_tick,wind,0.9117629488946791,0.05480723183935911,0.033429819265961794
scene0_bio_dominated_0613.wav,0,bio_dominated,clapping,glass_breaking,rain,0.9017185860382736,0.049827426682274675,0.048453987279451674
scene0_bio_dominated_0614.wav,0,bio_dominated,pig,clock_tick,water_drops,0.5569299901343695,0.21408795519023213,0.2289820546753982
scene0_bio_dominated_0615.wav,0,bio_dominated,crying_baby,chainsaw,rain,0.9302033128772963,0.04955468467774726,0.020242002444956435
scene0_bio_dominated_0616.wav,0,bio_dominated,chirping_birds,engine,sea_waves,0.8943217152876064,0.05228349563173654,0.053394789080657236
scene0_bio_dominated_0617.wav,0,bio_dominated,coughing,train,crackling_fire,0.9204816997613573,0.06698186158363843,0.012536438655004145
scene0_bio_dominated_0618.wav,0,bio_dominated,coughing,door_wood_knock,wind,0.9894501688407243,0.005935904122109535,0.004613927037166158
scene0_bio_dominated_0619.wav,0,bio_dominated,dog,chainsaw,rain,0.761004787638769,0.10511421577755509,0.13388099658367605
scene0_bio_dominated_0620.wav,0,bio_dominated,cow,mouse_click,rain,0.7930587455641127,0.16380742964273606,0.04313382479315125
scene0_bio_dominated_0621.wav,0,bio_dominated,cat,pouring_water,wind,0.9650270105211765,0.033772270600870555,0.0012007188779530145
scene0_bio_dominated_0622.wav,0,bio_dominated,cow,brushing_teeth,wind,0.8976672729201816,0.008498633912508576,0.0938340931673097
scene0_bio_dominated_0623.wav,0,bio_dominated,chirping_birds,clock_alarm,wind,0.9309864785745878,0.016141085991898015,0.052872435433514185
scene0_bio_dominated_0624.wav,0,bio_dominated,dog,church_bells,thunderstorm,0.8167419150243856,0.08483478865168208,0.09842329632393222
scene0_bio_dominated_0625.wav,0,bio_dominated,frog,helicopter,rain,0.8008167584356942,0.10017818621163738,0.09900505535266846
scene0_bio_dominated_0626.wav,0,bio_dominated,hen,drinking_sipping,wind,0.8730011194360602,0.002733223896271767,0.12426565666766808
scene0_bio_dominated_0627.wav,0,bio_dominated,clapping,train,crackling_fire,0.8167802246968416,0.08286380172238093,0.10035597358077747
scene0_bio_dominated_0628.wav,0,bio_dominated,dog,glass_breaking,rain,0.8272123745092027,0.16174221757296692,0.011045407917830414
scene0_bio_dominated_0629.wav,0,bio_dominated,clapping,car_horn,rain,0.8016788669307705,0.03628134147193413,0.1620397915972953
scene0_bio_dominated_0630.wav,0,bio_dominated,laughing,can_opening,water_drops,0.9618923771408318,0.003517442263627085,0.034590180595541226
scene0_bio_dominated_0631.wav,0,bio_dominated,clapping,washing_machine,thunderstorm,0.8632091119149566,0.07730841809022836,0.059482469994815
scene0_bio_dominated_0632.wav,0,bio_dominated,clapping,drinking_sipping,sea_waves,0.7862313234842276,0.14214069579460073,0.07162798072117148
scene0_bio_dominated_0633.wav,0,bio_dominated,breathing,keyboard_typing,wind,0.8622746463725097,0.04051554913627697,0.09720980449121334
scene0_bio_dominated_0634.wav,0,bio_dominated,crow,train,wind,0.8787363891700251,0.07188240875612452,0.04938120207385046
scene0_bio_dominated_0635.wav,0,bio_dominated,crow,door_wood_knock,crackling_fire,0.9539858687127916,0.041811997222479164,0.004202134064729338
scene0_bio_dominated_0636.wav,0,bio_dominated,frog,brushing_teeth,water_drops,0.9382613118584412,0.028200774353419503,0.03353791378813915
scene0_bio_dominated_0637.wav,0,bio_dominated,breathing,mouse_click,sea_waves,0.8223049246444019,0.17724782260741728,0.0004472527481810066
scene0_bio_dominated_0638.wav,0,bio_dominated,frog,drinking_sipping,water_drops,0.8995028622121956,0.08407723409186407,0.016419903695940426
scene0_bio_dominated_0639.wav,0,bio_dominated,cow,train,rain,0.9390530857557648,0.025273028685896825,0.03567388555833833
scene0_bio_dominated_0640.wav,0,bio_dominated,laughing,toilet_flush,wind,0.8518921633432597,0.11874401493595159,0.02936382172078861
scene0_bio_dominated_0641.wav,0,bio_dominated,cat,helicopter,water_drops,0.8661497773644904,0.10538962119240976,0.02846060144309994
scene0_bio_dominated_0642.wav,0,bio_dominated,snoring,church_bells,sea_waves,0.7588858108231213,0.016235319361069023,0.22487886981580962
scene0_bio_dominated_0643.wav,0,bio_dominated,pig,helicopter,sea_waves,0.9244825634940954,0.05417280963066374,0.021344626875240958
scene0_bio_dominated_0644.wav,0,bio_dominated,pig,helicopter,sea_waves,0.5617732757226928,0.19143686686725267,0.2467898574100544
scene0_bio_dominated_0645.wav,0,bio_dominated,sheep,door_wood_creaks,sea_waves,0.8042633805252509,0.15820928717547847,0.03752733229927052
scene0_bio_dominated_0646.wav,0,bio_dominated,cat,church_bells,crackling_fire,0.8213026488522776,0.012796761239909036,0.16590058990781328
scene0_bio_dominated_0647.wav,0,bio_dominated,cow,hand_saw,wind,0.8734309534010913,0.07864822205131207,0.047920824547596524
scene0_bio_dominated_0648.wav,0,bio_dominated,laughing,fireworks,wind,0.8550656873538932,0.04721728185371345,0.09771703079239344
scene0_bio_dominated_0649.wav,0,bio_dominated,crow,brushing_teeth,wind,0.8765527519183937,0.09831347811266043,0.025133769968945945
scene0_bio_dominated_0650.wav,0,bio_dominated,crying_baby,toilet_flush,rain,0.8287940913011627,0.09704983051023836,0.07415607818859898
scene0_bio_dominated_0651.wav,0,bio_dominated,breathing,clock_alarm,sea_waves,0.7394487549771727,0.20991560115629984,0.05063564386652748
scene0_bio_dominated_0652.wav,0,bio_dominated,sheep,clock_alarm,rain,0.9104600243159454,0.02055893008285145,0.0689810456012031
scene0_bio_dominated_0653.wav,0,bio_dominated,cat,drinking_sipping,sea_waves,0.6017282433714735,0.3541544284910779,0.044117328137448446
scene0_bio_dominated_0654.wav,0,bio_dominated,crying_baby,pouring_water,thunderstorm,0.9106420310026504,0.07964176791131385,0.009716201086035561
scene0_bio_dominated_0655.wav,0,bio_dominated,coughing,can_opening,thunderstorm,0.9399323539690759,0.05236063865783188,0.007707007373092291
scene0_bio_dominated_0656.wav,0,bio_dominated,insects,can_opening,sea_waves,0.6673110743640224,0.19935763800521622,0.13333128763076132
scene0_bio_dominated_0657.wav,0,bio_dominated,chirping_birds,glass_breaking,rain,0.9111448987748043,0.008754350018927963,0.0801007512062676
scene0_bio_dominated_0658.wav,0,bio_dominated,cat,keyboard_typing,crackling_fire,0.7187199872050899,0.26422552999097215,0.01705448280393787
scene0_bio_dominated_0659.wav,0,bio_dominated,cow,chainsaw,thunderstorm,0.61579589864682,0.1881823915542671,0.19602170979891276
scene0_bio_dominated_0660.wav,0,bio_dominated,crickets,can_opening,water_drops,0.9476274336699847,0.04487823757563734,0.007494328754377971
scene0_bio_dominated_0661.wav,0,bio_dominated,dog,airplane,water_drops,0.794350653820327,0.17210280570876207,0.03354654047091109
scene0_bio_dominated_0662.wav,0,bio_dominated,crickets,fireworks,sea_waves,0.7806642998056076,0.04570170732457808,0.1736339928698144
scene0_bio_dominated_0663.wav,0,bio_dominated,snoring,helicopter,water_drops,0.9397426515710944,0.024913138577619467,0.035344209851286126
scene0_bio_dominated_0664.wav,0,bio_dominated,breathing,can_opening,water_drops,0.7932879209887675,0.0248661814744109,0.18184589753682162
scene0_bio_dominated_0665.wav,0,bio_dominated,snoring,drinking_sipping,rain,0.7948097085911472,0.17716540521035953,0.028024886198493335
scene0_bio_dominated_0666.wav,0,bio_dominated,sheep,train,thunderstorm,0.9317541670255306,0.03409205471251103,0.034153778261958395
scene0_bio_dominated_0667.wav,0,bio_dominated,pig,train,crackling_fire,0.7978108898616398,0.13645963589697657,0.0657294742413835
scene0_bio_dominated_0668.wav,0,bio_dominated,frog,helicopter,wind,0.8053700981815901,0.007420367220735308,0.1872095345976745
scene0_bio_dominated_0669.wav,0,bio_dominated,sneezing,hand_saw,sea_waves,0.8801500464775075,0.09454579373296455,0.025304159789527846
scene0_bio_dominated_0670.wav,0,bio_dominated,crickets,hand_saw,crackling_fire,0.7640724003798057,0.17590309619960195,0.060024503420592325
scene0_bio_dominated_0671.wav,0,bio_dominated,snoring,glass_breaking,water_drops,0.9297248487355725,0.012086129369508798,0.05818902189491868
scene0_bio_dominated_0672.wav,0,bio_dominated,clapping,engine,water_drops,0.8968020236610962,0.03894011494961211,0.06425786138929186
scene0_bio_dominated_0673.wav,0,bio_dominated,rooster,mouse_click,rain,0.9700687300482924,0.011482082682674262,0.018449187269033163
scene0_bio_dominated_0674.wav,0,bio_dominated,pig,engine,water_drops,0.9472151345820017,0.04395335844375239,0.008831506974245866
scene0_bio_dominated_0675.wav,0,bio_dominated,rooster,drinking_sipping,crackling_fire,0.9405735478008578,0.006319917109133224,0.05310653509000902
scene0_bio_dominated_0676.wav,0,bio_dominated,breathing,door_wood_creaks,sea_waves,0.9151566964801265,0.015645503314993342,0.06919780020488007
scene0_bio_dominated_0677.wav,0,bio_dominated,crow,clock_alarm,crackling_fire,0.835496038421886,0.01816200478499812,0.1463419567931158
scene0_bio_dominated_0678.wav,0,bio_dominated,cow,hand_saw,wind,0.7995512971665298,0.1322355684567634,0.06821313437670673
scene0_bio_dominated_0679.wav,0,bio_dominated,breathing,helicopter,water_drops,0.8139879867202119,0.061253523701745805,0.12475848957804236
scene0_bio_dominated_0680.wav,0,bio_dominated,crickets,footsteps,rain,0.8944178370248262,0.04509377540330578,0.06048838757186803
scene0_bio_dominated_0681.wav,0,bio_dominated,crickets,engine,sea_waves,0.9141539042796237,0.015121002112482077,0.07072509360789411
scene0_bio_dominated_0682.wav,0,bio_dominated,dog,helicopter,water_drops,0.8346389902160891,0.10346724489820652,0.06189376488570433
scene0_bio_dominated_0683.wav,0,bio_dominated,crickets,engine,wind,0.9512849188165082,0.021349836121131366,0.027365245062360485
scene0_bio_dominated_0684.wav,0,bio_dominated,chirping_birds,toilet_flush,thunderstorm,0.9182810215244664,0.023243823875935363,0.05847515459959822
scene0_bio_dominated_0685.wav,0,bio_dominated,snoring,chainsaw,rain,0.9086460899153697,0.05131443895574683,0.04003947112888355
scene0_bio_dominated_0686.wav,0,bio_dominated,cat,door_wood_creaks,rain,0.8593812831593458,0.03428404425245978,0.10633467258819433
scene0_bio_dominated_0687.wav,0,bio_dominated,laughing,chainsaw,sea_waves,0.9165366023681809,0.00018192519041631565,0.08328147244140276
scene0_bio_dominated_0688.wav,0,bio_dominated,sheep,brushing_teeth,crackling_fire,0.7872972643686281,0.14638186239868084,0.06632087323269083
scene0_bio_dominated_0689.wav,0,bio_dominated,laughing,helicopter,rain,0.8299118589311265,0.10145921984108733,0.06862892122778623
scene0_bio_dominated_0690.wav,0,bio_dominated,crying_baby,chainsaw,rain,0.8154398338927957,0.08855001060605742,0.09601015550114687
scene0_bio_dominated_0691.wav,0,bio_dominated,dog,footsteps,rain,0.911176146789986,0.005450090398083115,0.08337376281193076
scene0_bio_dominated_0692.wav,0,bio_dominated,chirping_birds,toilet_flush,rain,0.6223996103661616,0.03876406529120076,0.33883632434263766
scene0_bio_dominated_0693.wav,0,bio_dominated,sheep,hand_saw,thunderstorm,0.781755149037113,0.12248125076641188,0.0957636001964751
scene0_bio_dominated_0694.wav,0,bio_dominated,sneezing,door_wood_knock,rain,0.8877370737437614,0.06569196661269405,0.04657095964354458
scene0_bio_dominated_0695.wav,0,bio_dominated,crow,mouse_click,sea_waves,0.7432833788666029,0.03472316695778424,0.22199345417561284
scene0_bio_dominated_0696.wav,0,bio_dominated,cat,helicopter,water_drops,0.876709082475023,0.1144022004474599,0.008888717077517197
scene0_bio_dominated_0697.wav,0,bio_dominated,rooster,toilet_flush,thunderstorm,0.916761253737387,0.05970393577444339,0.023534810488169508
scene0_bio_dominated_0698.wav,0,bio_dominated,laughing,clock_tick,crackling_fire,0.9225180241865846,0.0408766478970351,0.036605327916380215
scene0_bio_dominated_0699.wav,0,bio_dominated,breathing,chainsaw,wind,0.9536002568112713,0.013402756970772414,0.032996986217956346
scene0_bio_dominated_0700.wav,0,bio_dominated,pig,chainsaw,rain,0.9842922036217561,0.009440413937798207,0.006267382440445898
scene0_bio_dominated_0701.wav,0,bio_dominated,cow,clock_alarm,crackling_fire,0.678717848097005,0.3152492277456071,0.0060329241573880395
scene0_bio_dominated_0702.wav,0,bio_dominated,hen,toilet_flush,crackling_fire,0.912806491310086,0.07358989501440298,0.013603613675510877
scene0_bio_dominated_0703.wav,0,bio_dominated,chirping_birds,train,wind,0.7442441380748468,0.21712252628842757,0.03863333563672564
scene0_bio_dominated_0704.wav,0,bio_dominated,crow,helicopter,water_drops,0.9202061069451568,0.013916427346835942,0.06587746570800723
scene0_bio_dominated_0705.wav,0,bio_dominated,clapping,car_horn,crackling_fire,0.8524499701209577,0.11398255696577504,0.033567472913267324
scene0_bio_dominated_0706.wav,0,bio_dominated,hen,fireworks,crackling_fire,0.8589578796081994,0.10122321518848797,0.03981890520331258
scene0_bio_dominated_0707.wav,0,bio_dominated,frog,siren,thunderstorm,0.9730247139232164,0.02679721630851889,0.0001780697682645146
scene0_bio_dominated_0708.wav,0,bio_dominated,hen,door_wood_creaks,water_drops,0.974231830660379,0.02363601902856609,0.0021321503110548205
scene0_bio_dominated_0709.wav,0,bio_dominated,sheep,helicopter,rain,0.9163185560798637,0.0831393735392557,0.000542070380880638
scene0_bio_dominated_0710.wav,0,bio_dominated,dog,train,sea_waves,0.7451553195072257,0.17607370509635117,0.0787709753964232
scene0_bio_dominated_0711.wav,0,bio_dominated,sheep,fireworks,sea_waves,0.7823271464450564,0.1773607370751294,0.0403121164798143
scene0_bio_dominated_0712.wav,0,bio_dominated,snoring,airplane,water_drops,0.7123053820643317,0.1766062885069689,0.11108832942869941
scene0_bio_dominated_0713.wav,0,bio_dominated,crickets,helicopter,water_drops,0.9022697827963821,0.06552371956795919,0.03220649763565867
scene0_bio_dominated_0714.wav,0,bio_dominated,sheep,keyboard_typing,rain,0.9198283323271831,0.0518482489523894,0.028323418720427405
scene0_bio_dominated_0715.wav,0,bio_dominated,laughing,engine,crackling_fire,0.8887058596832905,0.04154989125298009,0.06974424906372942
scene0_bio_dominated_0716.wav,0,bio_dominated,frog,footsteps,water_drops,0.9272854408835203,0.035557115639903755,0.03715744347657587
scene0_bio_dominated_0717.wav,0,bio_dominated,hen,pouring_water,rain,0.8045933250707087,0.02910733911133836,0.1662993358179529
scene0_bio_dominated_0718.wav,0,bio_dominated,insects,train,thunderstorm,0.91898512008226,0.06921224980317274,0.011802630114567328
scene0_bio_dominated_0719.wav,0,bio_dominated,insects,keyboard_typing,crackling_fire,0.9329209196537819,0.01670440057110438,0.05037467977511365
scene0_bio_dominated_0720.wav,0,bio_dominated,cat,siren,water_drops,0.6211611758739266,0.09674356398434251,0.2820952601417309
scene0_bio_dominated_0721.wav,0,bio_dominated,coughing,pouring_water,crackling_fire,0.8786089886368194,0.04418995025132949,0.07720106111185111
scene0_bio_dominated_0722.wav,0,bio_dominated,crow,helicopter,wind,0.8460669267733953,0.15098185056749733,0.0029512226591073593
scene0_bio_dominated_0723.wav,0,bio_dominated,pig,brushing_teeth,crackling_fire,0.7686575703879903,0.05770514065162653,0.1736372889603832
scene0_bio_dominated_0724.wav,0,bio_dominated,laughing,airplane,rain,0.7479240583351418,0.18827941201203335,0.06379652965282491
scene0_bio_dominated_0725.wav,0,bio_dominated,frog,helicopter,rain,0.8600405624554176,0.054137066911860134,0.08582237063272236
scene0_bio_dominated_0726.wav,0,bio_dominated,crow,glass_breaking,wind,0.7113211467472993,0.11524672627317419,0.17343212697952665
scene0_bio_dominated_0727.wav,0,bio_dominated,cat,door_wood_knock,sea_waves,0.9488382786419683,0.024983818931597884,0.026177902426433686
scene0_bio_dominated_0728.wav,0,bio_dominated,dog,glass_breaking,wind,0.9192762493957691,0.026637505969454033,0.05408624463477668
scene0_bio_dominated_0729.wav,0,bio_dominated,pig,church_bells,wind,0.725883226214681,0.2518020151385623,0.022314758646756524
scene0_bio_dominated_0730.wav,0,bio_dominated,cow,engine,sea_waves,0.7753395873761297,0.1606228702946217,0.06403754232924852
scene0_bio_dominated_0731.wav,0,bio_dominated,rooster,clock_alarm,wind,0.5987757290994657,0.243864946133358,0.15735932476717623
scene0_bio_dominated_0732.wav,0,bio_dominated,dog,mouse_click,wind,0.8702988576316463,0.0639635614439889,0.0657375809243647
scene0_bio_dominated_0733.wav,0,bio_dominated,crying_baby,siren,crackling_fire,0.7840466558682839,0.2108919902549533,0.005061353876762701
scene0_bio_dominated_0734.wav,0,bio_dominated,breathing,airplane,rain,0.8405690553858297,0.12787472207372727,0.03155622254044297
scene0_bio_dominated_0735.wav,0,bio_dominated,crow,helicopter,wind,0.6923952059584103,0.07385310372927859,0.2337516903123111
scene0_bio_dominated_0736.wav,0,bio_dominated,cat,door_wood_knock,wind,0.7317558553570505,0.08284707499557245,0.1853970696473773
scene0_bio_dominated_0737.wav,0,bio_dominated,chirping_birds,door_wood_creaks,water_drops,0.5221422039130622,0.35334685463536536,0.12451094145157245
scene0_bio_dominated_0738.wav,0,bio_dominated,crying_baby,brushing_teeth,thunderstorm,0.8019881827262085,0.03692078704152444,0.161091030232267
scene0_bio_dominated_0739.wav,0,bio_dominated,clapping,glass_breaking,sea_waves,0.9176458134300179,0.06780195792944349,0.014552228640538609
scene0_bio_dominated_0740.wav,0,bio_dominated,crickets,church_bells,wind,0.791398688364693,0.011779401913896773,0.19682190972141034
scene0_bio_dominated_0741.wav,0,bio_dominated,laughing,keyboard_typing,crackling_fire,0.6667655394946113,0.28484450395721067,0.0483899565481781
scene0_bio_dominated_0742.wav,0,bio_dominated,sheep,church_bells,sea_waves,0.618937418178357,0.24034376181678324,0.14071882000485966
scene0_bio_dominated_0743.wav,0,bio_dominated,pig,hand_saw,crackling_fire,0.8516113967923578,0.014560013978402338,0.13382858922923999
scene0_bio_dominated_0744.wav,0,bio_dominated,rooster,toilet_flush,crackling_fire,0.9606180994668831,0.03592804062889542,0.0034538599042215033
scene0_bio_dominated_0745.wav,0,bio_dominated,cow,helicopter,crackling_fire,0.9476487367312681,0.03611798294417544,0.016233280324556384
scene0_bio_dominated_0746.wav,0,bio_dominated,sheep,engine,water_drops,0.7853270563353734,0.13059876587565405,0.08407417778897246
scene0_bio_dominated_0747.wav,0,bio_dominated,clapping,train,sea_waves,0.9097740871103402,0.07754865733263368,0.01267725555702599
scene0_bio_dominated_0748.wav,0,bio_dominated,hen,airplane,rain,0.7996882579742361,0.19686761730887697,0.0034441247168867923
scene0_bio_dominated_0749.wav,0,bio_dominated,crickets,keyboard_typing,thunderstorm,0.8263843777726096,0.001760559449392221,0.17185506277799809
scene0_bio_dominated_0750.wav,0,bio_dominated,crow,clock_tick,sea_waves,0.8625107008965938,0.12845413450269177,0.009035164600714381
scene0_bio_dominated_0751.wav,0,bio_dominated,sheep,door_wood_creaks,water_drops,0.7657674445802716,0.02879716720240201,0.20543538821732632
scene0_bio_dominated_0752.wav,0,bio_dominated,coughing,pouring_water,wind,0.7229587723066233,0.05024406224823173,0.22679716544514494
scene0_bio_dominated_0753.wav,0,bio_dominated,crickets,pouring_water,wind,0.8376108981190222,0.13144490985380577,0.030944192027171906
scene0_bio_dominated_0754.wav,0,bio_dominated,clapping,drinking_sipping,sea_waves,0.8951717540427667,0.07661719141465635,0.028211054542577014
scene0_bio_dominated_0755.wav,0,bio_dominated,crow,keyboard_typing,wind,0.666716643266023,0.010728801563459747,0.3225545551705173
scene0_bio_dominated_0756.wav,0,bio_dominated,cat,door_wood_knock,crackling_fire,0.81063708385854,0.17840861313724435,0.010954303004215588
scene0_bio_dominated_0757.wav,0,bio_dominated,dog,footsteps,rain,0.9820378276714685,0.007682137148648383,0.01028003517988308
scene0_bio_dominated_0758.wav,0,bio_dominated,laughing,helicopter,sea_waves,0.7240444558904363,0.2699186138638298,0.006036930245733936
scene0_bio_dominated_0759.wav,0,bio_dominated,cat,car_horn,water_drops,0.8296393658478995,0.10721120554151269,0.06314942861058781
scene0_bio_dominated_0760.wav,0,bio_dominated,hen,drinking_sipping,rain,0.6590301611672175,0.059943590394567335,0.2810262484382151
scene0_bio_dominated_0761.wav,0,bio_dominated,chirping_birds,fireworks,wind,0.8179176129020583,0.138921285082229,0.0431611020157127
scene0_bio_dominated_0762.wav,0,bio_dominated,frog,keyboard_typing,thunderstorm,0.9634640724245966,0.03225523912080041,0.004280688454602928
scene0_bio_dominated_0763.wav,0,bio_dominated,sneezing,clock_alarm,wind,0.5858402774526833,0.4024810596254712,0.011678662921845466
scene0_bio_dominated_0764.wav,0,bio_dominated,sheep,door_wood_knock,crackling_fire,0.679369085893856,0.25188676316103054,0.06874415094511342
scene0_bio_dominated_0765.wav,0,bio_dominated,dog,fireworks,sea_waves,0.927250201984609,0.054460954113380006,0.018288843902011093
scene0_bio_dominated_0766.wav,0,bio_dominated,cat,airplane,crackling_fire,0.879753116677702,0.0458974080922273,0.0743494752300708
scene0_bio_dominated_0767.wav,0,bio_dominated,insects,train,rain,0.9597185694196357,0.008758705588384048,0.03152272499198005
scene0_bio_dominated_0768.wav,0,bio_dominated,pig,fireworks,rain,0.7450094936001194,0.0680325468950354,0.18695795950484514
scene0_bio_dominated_0769.wav,0,bio_dominated,insects,mouse_click,sea_waves,0.9541949226085605,0.013348879445927433,0.03245619794551195
scene0_bio_dominated_0770.wav,0,bio_dominated,clapping,keyboard_typing,sea_waves,0.8377181256462427,0.0065926601417248066,0.15568921421203266
scene0_bio_dominated_0771.wav,0,bio_dominated,crickets,hand_saw,water_drops,0.9732570071093859,0.020010335878782714,0.006732657011831617
scene0_bio_dominated_0772.wav,0,bio_dominated,chirping_birds,clock_tick,water_drops,0.7035461852049523,0.09396472110257846,0.20248909369246934
scene0_bio_dominated_0773.wav,0,bio_dominated,sneezing,brushing_teeth,sea_waves,0.8396799850570303,0.03194806540543036,0.12837194953753933
scene0_bio_dominated_0774.wav,0,bio_dominated,sneezing,footsteps,rain,0.6893725347131331,0.048865111530436815,0.2617623537564302
scene0_bio_dominated_0775.wav,0,bio_dominated,sheep,brushing_teeth,wind,0.7932361703331412,0.04850929917266648,0.15825453049419239
scene0_bio_dominated_0776.wav,0,bio_dominated,chirping_birds,siren,water_drops,0.8933051238479746,0.043416414872836935,0.06327846127918843
scene0_bio_dominated_0777.wav,0,bio_dominated,crow,door_wood_knock,crackling_fire,0.8160651790006727,0.1096970312106627,0.07423778978866481
scene0_bio_dominated_0778.wav,0,bio_dominated,chirping_birds,engine,crackling_fire,0.8170024403648682,0.018008585916670542,0.16498897371846116
scene0_bio_dominated_0779.wav,0,bio_dominated,clapping,chainsaw,water_drops,0.7248360843600768,0.0894310187864054,0.18573289685351782
scene0_bio_dominated_0780.wav,0,bio_dominated,insects,toilet_flush,water_drops,0.6968200068954724,0.19256849172488016,0.11061150137964765
scene0_bio_dominated_0781.wav,0,bio_dominated,pig,helicopter,crackling_fire,0.7361717774898874,0.15041567488343882,0.11341254762667381
scene0_bio_dominated_0782.wav,0,bio_dominated,crickets,car_horn,sea_waves,0.8989674672553905,0.09356632977453443,0.007466202970075087
scene0_bio_dominated_0783.wav,0,bio_dominated,coughing,airplane,sea_waves,0.7562205995683091,0.14285249454782728,0.10092690588386358
scene0_bio_dominated_0784.wav,0,bio_dominated,coughing,keyboard_typing,water_drops,0.9243527890729675,0.04336534946330773,0.032281861463724866
scene0_bio_dominated_0785.wav,0,bio_dominated,crow,can_opening,crackling_fire,0.9229569115583581,0.05360081488676753,0.02344227355487431
scene0_bio_dominated_0786.wav,0,bio_dominated,pig,church_bells,thunderstorm,0.9666916577758198,0.01841521995048025,0.014893122273699667
scene0_bio_dominated_0787.wav,0,bio_dominated,frog,footsteps,crackling_fire,0.9391715507118573,0.03389004535716005,0.026938403930982596
scene0_bio_dominated_0788.wav,0,bio_dominated,crickets,toilet_flush,water_drops,0.7607832846492666,0.04436812211451562,0.19484859323621764
scene0_bio_dominated_0789.wav,0,bio_dominated,laughing,hand_saw,wind,0.9388713188947234,0.00951747436587416,0.0516112067394024
scene0_bio_dominated_0790.wav,0,bio_dominated,sneezing,can_opening,water_drops,0.899409906253719,0.05362912496532111,0.04696096878095997
scene0_bio_dominated_0791.wav,0,bio_dominated,chirping_birds,keyboard_typing,thunderstorm,0.9665722345128555,0.004157125956631732,0.02927063953051273
scene0_bio_dominated_0792.wav,0,bio_dominated,frog,vacuum_cleaner,wind,0.8762489163571405,0.1070310622666261,0.01672002137623321
scene0_bio_dominated_0793.wav,0,bio_dominated,sneezing,clock_tick,crackling_fire,0.74864733397528,0.16874693615045253,0.08260572987426733
scene0_bio_dominated_0794.wav,0,bio_dominated,dog,siren,rain,0.8206870864486674,0.07530362666638232,0.10400928688495031
scene0_bio_dominated_0795.wav,0,bio_dominated,sheep,clock_alarm,crackling_fire,0.9106898795502772,0.01951599777077004,0.0697941226789526
scene0_bio_dominated_0796.wav,0,bio_dominated,sheep,glass_breaking,crackling_fire,0.5067379542201896,0.1590296563673769,0.33423238941243355
scene0_bio_dominated_0797.wav,0,bio_dominated,pig,siren,crackling_fire,0.9253775065347849,0.040916351638619994,0.03370614182659514
scene0_bio_dominated_0798.wav,0,bio_dominated,sheep,engine,wind,0.9075690851217864,0.08123908649975486,0.011191828378458826
scene0_bio_dominated_0799.wav,0,bio_dominated,cat,can_opening,sea_waves,0.9148801914841428,0.07315101852458028,0.011968789991276856
scene0_bio_dominated_0800.wav,0,bio_dominated,clapping,pouring_water,crackling_fire,0.8026005942104391,0.11353192629316722,0.08386747949639362
scene0_bio_dominated_0801.wav,0,bio_dominated,laughing,glass_breaking,rain,0.7218756059998173,0.15218082809680988,0.12594356590337275
scene0_bio_dominated_0802.wav,0,bio_dominated,laughing,keyboard_typing,wind,0.8209930919207289,0.01916033953248968,0.15984656854678145
scene0_bio_dominated_0803.wav,0,bio_dominated,frog,keyboard_typing,rain,0.8062512342266666,0.01418678763650412,0.17956197813682936
scene0_bio_dominated_0804.wav,0,bio_dominated,breathing,train,water_drops,0.8913355157290727,0.04735254830882121,0.06131193596210626
scene0_bio_dominated_0805.wav,0,bio_dominated,sneezing,airplane,thunderstorm,0.9230906640267432,0.04259309956272775,0.03431623641052895
scene0_bio_dominated_0806.wav,0,bio_dominated,snoring,toilet_flush,crackling_fire,0.8870917892112302,0.03240390177808232,0.08050430901068752
scene0_bio_dominated_0807.wav,0,bio_dominated,crow,helicopter,thunderstorm,0.8542821261445649,0.10891218048753348,0.03680569336790165
scene0_bio_dominated_0808.wav,0,bio_dominated,clapping,car_horn,rain,0.873892593186206,0.024482085241361223,0.10162532157243277
scene0_bio_dominated_0809.wav,0,bio_dominated,hen,mouse_click,crackling_fire,0.9474320858256036,0.02253239535688437,0.030035518817512014
scene0_bio_dominated_0810.wav,0,bio_dominated,snoring,washing_machine,wind,0.8981976999967891,0.09830695486231052,0.003495345140900288
scene0_bio_dominated_0811.wav,0,bio_dominated,cat,siren,wind,0.8760616170890609,0.07034686676915393,0.053591516141785214
scene0_bio_dominated_0812.wav,0,bio_dominated,dog,washing_machine,sea_waves,0.869592667235782,0.11169910427417752,0.01870822849004043
scene0_bio_dominated_0813.wav,0,bio_dominated,frog,chainsaw,crackling_fire,0.6665902680038016,0.18351769697367312,0.1498920350225253
scene0_bio_dominated_0814.wav,0,bio_dominated,sneezing,fireworks,water_drops,0.7804650980713087,0.04995739450131761,0.16957750742737387
scene0_bio_dominated_0815.wav,0,bio_dominated,sheep,glass_breaking,sea_waves,0.8237692293098331,0.03572648179408136,0.1405042888960855
scene0_bio_dominated_0816.wav,0,bio_dominated,hen,keyboard_typing,rain,0.8873023538505985,0.012144900535833333,0.10055274561356818
scene0_bio_dominated_0817.wav,0,bio_dominated,frog,drinking_sipping,thunderstorm,0.8920764459201583,0.03968208940333438,0.0682414646765073
scene0_bio_dominated_0818.wav,0,bio_dominated,cow,car_horn,water_drops,0.9352739079390153,0.04666034309634703,0.01806574896463769
scene0_bio_dominated_0819.wav,0,bio_dominated,hen,chainsaw,sea_waves,0.9595888914314559,0.011934146434881929,0.02847696213366225
scene0_bio_dominated_0820.wav,0,bio_dominated,hen,door_wood_creaks,water_drops,0.7717666574973415,0.17030202581094372,0.05793131669171491
scene0_bio_dominated_0821.wav,0,bio_dominated,pig,clock_tick,sea_waves,0.6916109522801506,0.14115258104150025,0.16723646667834927
scene0_bio_dominated_0822.wav,0,bio_dominated,crickets,chainsaw,sea_waves,0.8974190940229403,0.01729598461243544,0.0852849213646243
scene0_bio_dominated_0823.wav,0,bio_dominated,dog,chainsaw,rain,0.8937294042395603,0.015700577996447057,0.09057001776399255
scene0_bio_dominated_0824.wav,0,bio_dominated,sneezing,car_horn,wind,0.9001853738703766,0.03199204138705509,0.06782258474256822
scene0_bio_dominated_0825.wav,0,bio_dominated,breathing,door_wood_creaks,rain,0.7566058984097694,0.062320682849050055,0.18107341874118063
scene0_bio_dominated_0826.wav,0,bio_dominated,crow,washing_machine,thunderstorm,0.8972789363392056,0.08982499001169536,0.012896073649099036
scene0_bio_dominated_0827.wav,0,bio_dominated,sheep,hand_saw,crackling_fire,0.7742823296873665,0.07968415272621027,0.1460335175864231
scene0_bio_dominated_0828.wav,0,bio_dominated,cat,door_wood_creaks,water_drops,0.7508682876098012,0.13182377947896134,0.1173079329112376
scene0_bio_dominated_0829.wav,0,bio_dominated,sneezing,toilet_flush,thunderstorm,0.9375514050813373,0.0597639065548986,0.002684688363764112
scene0_bio_dominated_0830.wav,0,bio_dominated,cow,airplane,wind,0.6289895021013978,0.016922959576055035,0.35408753832254714
scene0_bio_dominated_0831.wav,0,bio_dominated,snoring,brushing_teeth,water_drops,0.9264217171660414,0.06139094686954687,0.012187335964411808
scene0_bio_dominated_0832.wav,0,bio_dominated,dog,fireworks,water_drops,0.6455660577641434,0.008984473259894352,0.34544946897596224
scene0_bio_dominated_0833.wav,0,bio_dominated,clapping,chainsaw,sea_waves,0.9422295853123691,0.03865428146583545,0.019116133221795492
scene0_bio_dominated_0834.wav,0,bio_dominated,dog,chainsaw,sea_waves,0.7360396231842831,0.18747736661358047,0.07648301020213652
scene0_bio_dominated_0835.wav,0,bio_dominated,dog,clock_tick,wind,0.9570754335355447,0.04243062896676442,0.0004939374976908366
scene0_bio_dominated_0836.wav,0,bio_dominated,frog,washing_machine,wind,0.6245207513449241,0.2608343039018177,0.11464494475325818
scene0_bio_dominated_0837.wav,0,bio_dominated,hen,engine,crackling_fire,0.9356972750569101,0.0063418821951259,0.057960842747963995
scene0_bio_dominated_0838.wav,0,bio_dominated,crying_baby,clock_alarm,water_drops,0.8841064857984767,0.09650962053178108,0.0193838936697421
scene0_bio_dominated_0839.wav,0,bio_dominated,breathing,mouse_click,wind,0.7575246120897028,0.12269118823332555,0.1197841996769717
scene0_bio_dominated_0840.wav,0,bio_dominated,crickets,clock_tick,crackling_fire,0.8480332314139796,0.049531160350765505,0.10243560823525485
scene0_bio_dominated_0841.wav,0,bio_dominated,laughing,train,wind,0.6598742364694395,0.1940570258343157,0.14606873769624498
scene0_bio_dominated_0842.wav,0,bio_dominated,laughing,airplane,crackling_fire,0.8650635471478092,0.09913565558017745,0.03580079727201325
scene0_bio_dominated_0843.wav,0,bio_dominated,laughing,siren,water_drops,0.6856141903237144,0.011835262636046413,0.3025505470402392
scene0_bio_dominated_0844.wav,0,bio_dominated,hen,train,crackling_fire,0.8974344449791977,0.004715173798897072,0.09785038122190531
scene0_bio_dominated_0845.wav,0,bio_dominated,chirping_birds,keyboard_typing,crackling_fire,0.9335059217999818,0.012126216089943779,0.05436786211007444
scene0_bio_dominated_0846.wav,0,bio_dominated,crying_baby,church_bells,sea_waves,0.6329806894052746,0.1670358889106842,0.199983421684041
scene0_bio_dominated_0847.wav,0,bio_dominated,sheep,helicopter,sea_waves,0.5605595675318209,0.1953713680715465,0.24406906439663256
scene0_bio_dominated_0848.wav,0,bio_dominated,pig,engine,crackling_fire,0.8875349450351849,0.10692368086674274,0.005541374098072311
scene0_bio_dominated_0849.wav,0,bio_dominated,dog,clock_alarm,wind,0.8182410869061303,0.18161573082054913,0.0001431822733204277
scene0_bio_dominated_0850.wav,0,bio_dominated,frog,drinking_sipping,thunderstorm,0.8663636433220662,0.06690489548275638,0.06673146119517735
scene0_bio_dominated_0851.wav,0,bio_dominated,crow,helicopter,thunderstorm,0.7320535631744571,0.09426809961967351,0.1736783372058692
scene0_bio_dominated_0852.wav,0,bio_dominated,rooster,fireworks,sea_waves,0.9673782324631464,0.01523768253628295,0.017384085000570714
scene0_bio_dominated_0853.wav,0,bio_dominated,pig,washing_machine,crackling_fire,0.9510450948883825,0.027035155154992087,0.021919749956625496
scene0_bio_dominated_0854.wav,0,bio_dominated,rooster,can_opening,wind,0.8038214062280015,0.020039716564296314,0.1761388772077021
scene0_bio_dominated_0855.wav,0,bio_dominated,frog,airplane,crackling_fire,0.8603796308770938,0.015345556321795791,0.12427481280111038
scene0_bio_dominated_0856.wav,0,bio_dominated,insects,train,rain,0.9269594050781292,0.06851484723847354,0.004525747683397208
scene0_bio_dominated_0857.wav,0,bio_dominated,rooster,vacuum_cleaner,wind,0.8873705895489382,0.021780113148537016,0.0908492973025249
scene0_bio_dominated_0858.wav,0,bio_dominated,insects,fireworks,sea_waves,0.9681322871576996,0.025579684471111183,0.006288028371189312
scene0_bio_dominated_0859.wav,0,bio_dominated,dog,pouring_water,wind,0.6904180495835744,0.13572377130084518,0.17385817911558055
scene0_bio_dominated_0860.wav,0,bio_dominated,pig,drinking_sipping,sea_waves,0.9997053952429953,0.00015646844636570893,0.00013813631063892937
scene0_bio_dominated_0861.wav,0,bio_dominated,rooster,siren,water_drops,0.9083964380123779,0.031586033092218725,0.06001752889540352
scene0_bio_dominated_0862.wav,0,bio_dominated,crow,airplane,sea_waves,0.769984981527375,0.08856683947148836,0.14144817900113657
scene0_bio_dominated_0863.wav,0,bio_dominated,crickets,engine,crackling_fire,0.9090220026046368,0.014128948062734426,0.07684904933262883
scene0_bio_dominated_0864.wav,0,bio_dominated,dog,footsteps,thunderstorm,0.9043024402767933,0.06565200274998347,0.030045556973223198
scene0_bio_dominated_0865.wav,0,bio_dominated,insects,siren,rain,0.7108379857108973,0.10802429100822915,0.18113772328087352
scene0_bio_dominated_0866.wav,0,bio_dominated,sneezing,brushing_teeth,wind,0.9490120528335771,0.0365539908675047,0.014433956298918141
scene0_bio_dominated_0867.wav,0,bio_dominated,crying_baby,glass_breaking,crackling_fire,0.837684992076596,0.12576287485326573,0.036552133070138305
scene0_bio_dominated_0868.wav,0,bio_dominated,cat,can_opening,rain,0.8007567038364176,0.012525288883557395,0.1867180072800249
scene0_bio_dominated_0869.wav,0,bio_dominated,clapping,keyboard_typing,water_drops,0.9066111903052271,0.016452889883761278,0.07693591981101161
scene0_bio_dominated_0870.wav,0,bio_dominated,breathing,chainsaw,thunderstorm,0.8611351655121755,0.11625766107041086,0.022607173417413595
scene0_bio_dominated_0871.wav,0,bio_dominated,crying_baby,door_wood_knock,wind,0.8128470708511767,0.025558665342440057,0.1615942638063834
scene0_bio_dominated_0872.wav,0,bio_dominated,coughing,clock_alarm,water_drops,0.8853390662277838,0.09232452362693618,0.022336410145280112
scene0_bio_dominated_0873.wav,0,bio_dominated,sneezing,footsteps,water_drops,0.8151561005116886,0.15961645823943427,0.025227441248877096
scene0_bio_dominated_0874.wav,0,bio_dominated,insects,door_wood_creaks,crackling_fire,0.9335626570146645,0.05393686471700648,0.012500478268328879
scene0_bio_dominated_0875.wav,0,bio_dominated,frog,fireworks,water_drops,0.9534635214563805,0.019936191514890244,0.02660028702872922
scene0_bio_dominated_0876.wav,0,bio_dominated,frog,drinking_sipping,thunderstorm,0.9054502677722686,0.08668549630205198,0.007864235925679518
scene0_bio_dominated_0877.wav,0,bio_dominated,clapping,siren,thunderstorm,0.8534952010424359,0.07323117079173132,0.0732736281658327
scene0_bio_dominated_0878.wav,0,bio_dominated,pig,fireworks,sea_waves,0.7059849577609703,0.10406201969564834,0.18995302254338145
scene0_bio_dominated_0879.wav,0,bio_dominated,dog,door_wood_knock,thunderstorm,0.7838579484286299,0.021550097518890206,0.19459195405248003
scene0_bio_dominated_0880.wav,0,bio_dominated,sheep,church_bells,crackling_fire,0.7722812654578166,0.03314737236392313,0.19457136217826013
scene0_bio_dominated_0881.wav,0,bio_dominated,sheep,drinking_sipping,sea_waves,0.84951855486531,0.010405891706471795,0.14007555342821815
scene0_bio_dominated_0882.wav,0,bio_dominated,cat,door_wood_knock,rain,0.7741698265909088,0.09186117804120575,0.13396899536788529
scene0_bio_dominated_0883.wav,0,bio_dominated,pig,keyboard_typing,wind,0.7383723195781845,0.14466816086754744,0.11695951955426818
scene0_bio_dominated_0884.wav,0,bio_dominated,crickets,chainsaw,crackling_fire,0.8359457373959144,0.046714518905789815,0.11733974369829576
scene0_bio_dominated_0885.wav,0,bio_dominated,pig,drinking_sipping,water_drops,0.8520103127394303,0.00744164460217513,0.1405480426583947
scene0_bio_dominated_0886.wav,0,bio_dominated,crow,church_bells,thunderstorm,0.8523917090393321,0.14474397401137468,0.002864316949293249
scene0_bio_dominated_0887.wav,0,bio_dominated,crow,train,crackling_fire,0.7325129053036569,0.24023793233282353,0.027249162363519566
scene0_bio_dominated_0888.wav,0,bio_dominated,snoring,glass_breaking,water_drops,0.9275918023535376,0.027219351695892423,0.045188845950570114
scene0_bio_dominated_0889.wav,0,bio_dominated,insects,helicopter,sea_waves,0.7955539651576194,0.19508412579424833,0.009361909048132175
scene0_bio_dominated_0890.wav,0,bio_dominated,breathing,hand_saw,water_drops,0.6806177337278763,0.030908915630014366,0.28847335064210944
scene0_bio_dominated_0891.wav,0,bio_dominated,crickets,hand_saw,crackling_fire,0.8930117197286057,0.058799118117927415,0.048189162153466754
scene0_bio_dominated_0892.wav,0,bio_dominated,laughing,siren,thunderstorm,0.9059627401068115,0.011605556156678833,0.0824317037365095
scene0_bio_dominated_0893.wav,0,bio_dominated,crying_baby,drinking_sipping,rain,0.9427871954507068,0.005105854647137935,0.05210694990215515
scene0_bio_dominated_0894.wav,0,bio_dominated,cow,toilet_flush,crackling_fire,0.8493486997056724,0.13942511413092087,0.011226186163406758
scene0_bio_dominated_0895.wav,0,bio_dominated,chirping_birds,mouse_click,wind,0.8174155369372563,0.17284592468088555,0.009738538381858048
scene0_bio_dominated_0896.wav,0,bio_dominated,chirping_birds,pouring_water,rain,0.9276306975020058,0.06065862250419786,0.01171067999379634
scene0_bio_dominated_0897.wav,0,bio_dominated,snoring,clock_tick,wind,0.6047541468253617,0.3578672593530917,0.03737859382154664
scene0_bio_dominated_0898.wav,0,bio_dominated,frog,door_wood_creaks,crackling_fire,0.9475410847132308,0.033224125538227095,0.019234789748542012
scene0_bio_dominated_0899.wav,0,bio_dominated,sheep,drinking_sipping,thunderstorm,0.9929821310225798,0.00507598680468989,0.001941882172730214
scene0_bio_dominated_0900.wav,0,bio_dominated,snoring,mouse_click,thunderstorm,0.7785558559206943,0.20814871337348695,0.013295430705818777
scene0_bio_dominated_0901.wav,0,bio_dominated,hen,door_wood_creaks,wind,0.6857461842011904,0.279921223860751,0.03433259193805851
scene0_bio_dominated_0902.wav,0,bio_dominated,coughing,helicopter,crackling_fire,0.893733290797018,0.024230755317946773,0.08203595388503525
scene0_bio_dominated_0903.wav,0,bio_dominated,chirping_birds,keyboard_typing,sea_waves,0.8935772609070962,0.04417788688000738,0.06224485221289649
scene0_bio_dominated_0904.wav,0,bio_dominated,hen,chainsaw,wind,0.8450064080167915,0.019547653429082427,0.13544593855412598
scene0_bio_dominated_0905.wav,0,bio_dominated,laughing,brushing_teeth,crackling_fire,0.7914959404097445,0.14654779237226964,0.061956267217985875
scene0_bio_dominated_0906.wav,0,bio_dominated,dog,mouse_click,water_drops,0.9209153790207619,0.005277754241099104,0.07380686673813906
scene0_bio_dominated_0907.wav,0,bio_dominated,laughing,siren,sea_waves,0.8842959970367312,0.10806489875808016,0.007639104205188676
scene0_bio_dominated_0908.wav,0,bio_dominated,coughing,drinking_sipping,water_drops,0.9683237970343581,0.006414603591845804,0.025261599373796195
scene0_bio_dominated_0909.wav,0,bio_dominated,crow,door_wood_knock,wind,0.8129930195805981,0.16760233229102112,0.01940464812838093
scene0_bio_dominated_0910.wav,0,bio_dominated,crow,helicopter,thunderstorm,0.9200956858317036,0.05065726351045357,0.02924705065784298
scene0_bio_dominated_0911.wav,0,bio_dominated,rooster,washing_machine,thunderstorm,0.861996066252609,0.09299248668731226,0.04501144706007872
scene0_bio_dominated_0912.wav,0,bio_dominated,breathing,church_bells,rain,0.8565125857060605,0.09396949150736397,0.04951792278657556
scene0_bio_dominated_0913.wav,0,bio_dominated,crying_baby,footsteps,crackling_fire,0.7519375826242825,0.13620254619255798,0.11185987118315956
scene0_bio_dominated_0914.wav,0,bio_dominated,chirping_birds,fireworks,crackling_fire,0.7205780350997326,0.04161610477133003,0.2378058601289374
scene0_bio_dominated_0915.wav,0,bio_dominated,cow,church_bells,thunderstorm,0.8895658045097578,0.07657616979612211,0.03385802569412012
scene0_bio_dominated_0916.wav,0,bio_dominated,rooster,clock_alarm,crackling_fire,0.7285571454661326,0.14008915496446364,0.1313536995694037
scene0_bio_dominated_0917.wav,0,bio_dominated,clapping,vacuum_cleaner,crackling_fire,0.6911604457534923,0.29701848312967,0.01182107111683772
scene0_bio_dominated_0918.wav,0,bio_dominated,breathing,fireworks,sea_waves,0.9538199769209335,0.0172304758821322,0.028949547196934333
scene0_bio_dominated_0919.wav,0,bio_dominated,coughing,hand_saw,wind,0.7889942466571325,0.07279005004692651,0.13821570329594107
scene0_bio_dominated_0920.wav,0,bio_dominated,cat,car_horn,thunderstorm,0.8904693185620521,0.029541404622618367,0.07998927681532958
scene0_bio_dominated_0921.wav,0,bio_dominated,chirping_birds,train,rain,0.8409057448288971,0.15370824512798695,0.005386010043115947
scene0_bio_dominated_0922.wav,0,bio_dominated,sneezing,train,thunderstorm,0.8885436304275529,0.08370911803964715,0.027747251532799916
scene0_bio_dominated_0923.wav,0,bio_dominated,snoring,hand_saw,thunderstorm,0.6281435468041869,0.2915193865380252,0.08033706665778774
scene0_bio_dominated_0924.wav,0,bio_dominated,crow,footsteps,rain,0.826916808613925,0.10051870719053145,0.07256448419554366
scene0_bio_dominated_0925.wav,0,bio_dominated,pig,vacuum_cleaner,rain,0.82964786152146,0.10700915760079376,0.06334298087774629
scene0_bio_dominated_0926.wav,0,bio_dominated,dog,drinking_sipping,rain,0.7083606557514793,0.15145018812699124,0.14018915612152952
scene0_bio_dominated_0927.wav,0,bio_dominated,breathing,vacuum_cleaner,wind,0.9171280830455526,0.0015375670326342704,0.08133434992181307
scene0_bio_dominated_0928.wav,0,bio_dominated,laughing,engine,water_drops,0.8626069111731449,0.03403927192627439,0.10335381690058072
scene0_bio_dominated_0929.wav,0,bio_dominated,crickets,airplane,thunderstorm,0.6581425876265063,0.2188815095643831,0.12297590280911048
scene0_bio_dominated_0930.wav,0,bio_dominated,snoring,footsteps,wind,0.7289650908911504,0.25867887158623,0.012356037522619615
scene0_bio_dominated_0931.wav,0,bio_dominated,crow,helicopter,sea_waves,0.8508442693546248,0.13900297994245678,0.010152750702918484
scene0_bio_dominated_0932.wav,0,bio_dominated,dog,fireworks,wind,0.8482568881152235,0.10104777756001856,0.050695334324757826
scene0_bio_dominated_0933.wav,0,bio_dominated,crickets,pouring_water,wind,0.911287775888563,0.06733400206307037,0.02137822204836663
scene0_bio_dominated_0934.wav,0,bio_dominated,sheep,helicopter,crackling_fire,0.7518213570550556,0.02056931524968676,0.22760932769525768
scene0_bio_dominated_0935.wav,0,bio_dominated,insects,clock_alarm,wind,0.9195553756428172,0.05304130504269008,0.027403319314492802
scene0_bio_dominated_0936.wav,0,bio_dominated,crickets,can_opening,rain,0.815688882243594,0.15112848018868844,0.03318263756771755
scene0_bio_dominated_0937.wav,0,bio_dominated,rooster,helicopter,thunderstorm,0.8594797717380501,0.003891662932926611,0.13662856532902337
scene0_bio_dominated_0938.wav,0,bio_dominated,pig,pouring_water,water_drops,0.901484937095669,0.020040024492488567,0.07847503841184252
scene0_bio_dominated_0939.wav,0,bio_dominated,hen,pouring_water,rain,0.9719277322057303,0.001856431522431059,0.02621583627183875
scene0_bio_dominated_0940.wav,0,bio_dominated,crying_baby,helicopter,crackling_fire,0.7029723113374506,0.15607067293658355,0.14095701572596567
scene0_bio_dominated_0941.wav,0,bio_dominated,frog,engine,rain,0.9458678540093242,0.026794747899246157,0.027337398091429762
scene0_bio_dominated_0942.wav,0,bio_dominated,coughing,car_horn,rain,0.7124386543773135,0.0028113466893962148,0.2847499989332905
scene0_bio_dominated_0943.wav,0,bio_dominated,cat,keyboard_typing,water_drops,0.7747953245954041,0.18792074015603905,0.03728393524855676
scene0_bio_dominated_0944.wav,0,bio_dominated,hen,train,water_drops,0.8638651844805078,0.04454596867854002,0.09158884684095225
scene0_bio_dominated_0945.wav,0,bio_dominated,dog,vacuum_cleaner,wind,0.8204985209678516,0.11702484066116851,0.06247663837097988
scene0_bio_dominated_0946.wav,0,bio_dominated,cat,hand_saw,sea_waves,0.8773259154812257,0.024270810370330957,0.09840327414844326
scene0_bio_dominated_0947.wav,0,bio_dominated,rooster,brushing_teeth,thunderstorm,0.9988858316800334,0.000261730998721475,0.00085243732124509
scene0_bio_dominated_0948.wav,0,bio_dominated,chirping_birds,vacuum_cleaner,rain,0.8142706189488779,0.07660406926491786,0.1091253117862042
scene0_bio_dominated_0949.wav,0,bio_dominated,chirping_birds,clock_alarm,wind,0.7949480985500703,0.05579982120267561,0.14925208024725403
scene0_bio_dominated_0950.wav,0,bio_dominated,crying_baby,siren,thunderstorm,0.8108899008386983,0.10946523056069757,0.07964486860060434
scene0_bio_dominated_0951.wav,0,bio_dominated,frog,chainsaw,wind,0.854749701656404,0.00640700525309082,0.138843293090505
scene0_bio_dominated_0952.wav,0,bio_dominated,coughing,engine,water_drops,0.7187239342755972,0.21796458131496427,0.06331148440943851
scene0_bio_dominated_0953.wav,0,bio_dominated,snoring,toilet_flush,crackling_fire,0.7950163743557478,0.1922556744708283,0.012727951173423964
scene0_bio_dominated_0954.wav,0,bio_dominated,cat,pouring_water,water_drops,0.9141585071706468,0.012100936340681767,0.07374055648867144
scene0_bio_dominated_0955.wav,0,bio_dominated,insects,keyboard_typing,wind,0.7709497468723395,0.2205055139921869,0.008544739135473357
scene0_bio_dominated_0956.wav,0,bio_dominated,cow,fireworks,wind,0.7540904015275203,0.21751542155358206,0.02839417691889765
scene0_bio_dominated_0957.wav,0,bio_dominated,crying_baby,clock_tick,water_drops,0.891495260867631,0.10216507078830046,0.006339668344068632
scene0_bio_dominated_0958.wav,0,bio_dominated,pig,helicopter,rain,0.8332442840102088,0.028349253463100438,0.13840646252669078
scene0_bio_dominated_0959.wav,0,bio_dominated,crow,chainsaw,water_drops,0.9309707891693161,0.02527398417166562,0.04375522665901835
scene0_bio_dominated_0960.wav,0,bio_dominated,snoring,washing_machine,crackling_fire,0.8511316516305576,0.10675613297808002,0.04211221539136255
scene0_bio_dominated_0961.wav,0,bio_dominated,laughing,glass_breaking,thunderstorm,0.4175593828421885,0.45380057890774084,0.12864003825007073
scene0_bio_dominated_0962.wav,0,bio_dominated,crickets,fireworks,wind,0.9197689921711834,0.01211793367472714,0.06811307415408938
scene0_bio_dominated_0963.wav,0,bio_dominated,chirping_birds,glass_breaking,thunderstorm,0.9490800639814482,0.022656625066818415,0.02826331095173349
scene0_bio_dominated_0964.wav,0,bio_dominated,crow,fireworks,sea_waves,0.7860188204842663,0.06668207929129334,0.1472991002244404
scene0_bio_dominated_0965.wav,0,bio_dominated,frog,fireworks,thunderstorm,0.973606367175953,0.01248428068813299,0.013909352135914
scene0_bio_dominated_0966.wav,0,bio_dominated,snoring,can_opening,sea_waves,0.7031095290901084,0.2911266690612301,0.005763801848661362
scene0_bio_dominated_0967.wav,0,bio_dominated,cow,can_opening,rain,0.5936352385375535,0.34149558697617843,0.06486917448626807
scene0_bio_dominated_0968.wav,0,bio_dominated,crow,can_opening,wind,0.9558623311825643,0.014269446845487043,0.029868221971948765
scene0_bio_dominated_0969.wav,0,bio_dominated,crow,keyboard_typing,thunderstorm,0.8678472022768178,0.039648667968341635,0.09250412975484065
scene0_bio_dominated_0970.wav,0,bio_dominated,hen,clock_tick,rain,0.9435500072814271,0.006405114005808625,0.05004487871276416
scene0_bio_dominated_0971.wav,0,bio_dominated,crying_baby,door_wood_creaks,crackling_fire,0.7465429252693714,0.018762634859392197,0.23469443987123653
scene0_bio_dominated_0972.wav,0,bio_dominated,crow,brushing_teeth,sea_waves,0.7716976999979068,0.14935697318962288,0.07894532681247032
scene0_bio_dominated_0973.wav,0,bio_dominated,dog,car_horn,wind,0.9827817898391047,0.017167378698257796,5.08314626373993e-05
scene0_bio_dominated_0974.wav,0,bio_dominated,crickets,fireworks,water_drops,0.9012508933546449,0.04386725447804569,0.05488185216730931
scene0_bio_dominated_0975.wav,0,bio_dominated,hen,glass_breaking,wind,0.7874672997220283,0.14946540640815573,0.06306729386981608
scene0_bio_dominated_0976.wav,0,bio_dominated,crickets,pouring_water,crackling_fire,0.9354820573864718,0.04936267139880152,0.015155271214726708
scene0_bio_dominated_0977.wav,0,bio_dominated,sheep,chainsaw,water_drops,0.5124254870754984,0.35858838560091716,0.12898612732358444
scene0_bio_dominated_0978.wav,0,bio_dominated,chirping_birds,door_wood_creaks,wind,0.7044137667751167,0.17558963364740285,0.11999659957748042
scene0_bio_dominated_0979.wav,0,bio_dominated,cat,clock_alarm,wind,0.9754119302512336,0.01081740437433374,0.013770665374432601
scene0_bio_dominated_0980.wav,0,bio_dominated,dog,door_wood_creaks,sea_waves,0.7571829881245317,0.12861096328263946,0.11420604859282868
scene0_bio_dominated_0981.wav,0,bio_dominated,dog,door_wood_creaks,rain,0.7623737664477945,0.0036465964408087348,0.23397963711139688
scene0_bio_dominated_0982.wav,0,bio_dominated,frog,hand_saw,sea_waves,0.7172997835390669,0.04649688200316766,0.2362033344577654
scene0_bio_dominated_0983.wav,0,bio_dominated,crow,train,wind,0.7166239207493404,0.0990473959660813,0.1843286832845783
scene0_bio_dominated_0984.wav,0,bio_dominated,frog,vacuum_cleaner,sea_waves,0.7975052006824849,0.10785299713572036,0.09464180218179473
scene0_bio_dominated_0985.wav,0,bio_dominated,cat,clock_tick,sea_waves,0.9052286842627904,0.08089924623995537,0.013872069497254351
scene0_bio_dominated_0986.wav,0,bio_dominated,pig,pouring_water,wind,0.8599282854333983,0.13117671675193898,0.008894997814662728
scene0_bio_dominated_0987.wav,0,bio_dominated,insects,drinking_sipping,sea_waves,0.7610885366832711,0.07910401780463246,0.15980744551209647
scene0_bio_dominated_0988.wav,0,bio_dominated,rooster,footsteps,rain,0.8313770818095124,0.08170120035146897,0.08692171783901877
scene0_bio_dominated_0989.wav,0,bio_dominated,snoring,clock_tick,wind,0.9827822517771818,0.0061037820213091405,0.011113966201508932
scene0_bio_dominated_0990.wav,0,bio_dominated,dog,door_wood_knock,sea_waves,0.833586763695478,0.14998877314691933,0.016424463157602733
scene0_bio_dominated_0991.wav,0,bio_dominated,hen,mouse_click,sea_waves,0.8891789456769553,0.005308057127564302,0.10551299719548049
scene0_bio_dominated_0992.wav,0,bio_dominated,coughing,brushing_teeth,thunderstorm,0.7693197240543292,0.07188767982084007,0.15879259612483063
scene0_bio_dominated_0993.wav,0,bio_dominated,frog,clock_alarm,sea_waves,0.8423643088621495,0.12737469692332443,0.030260994214526167
scene0_bio_dominated_0994.wav,0,bio_dominated,insects,door_wood_knock,crackling_fire,0.8211553931748939,0.17403936771944775,0.004805239105658217
scene0_bio_dominated_0995.wav,0,bio_dominated,coughing,chainsaw,sea_waves,0.9360848123513749,0.0023036415307661913,0.061611546117858976
scene0_bio_dominated_0996.wav,0,bio_dominated,chirping_birds,car_horn,thunderstorm,0.9048353146599828,0.04127870446625556,0.05388598087376155
scene0_bio_dominated_0997.wav,0,bio_dominated,crying_baby,footsteps,wind,0.6400563474294635,0.20028082000407538,0.15966283256646116
scene0_bio_dominated_0998.wav,0,bio_dominated,cat,fireworks,thunderstorm,0.9389525373060005,0.04375061066539383,0.017296852028605574
scene0_bio_dominated_0999.wav,0,bio_dominated,coughing,vacuum_cleaner,sea_waves,0.789469229112641,0.020908833982948863,0.18962193690441023
scene1_antro_dominated_0000.wav,1,antro_dominated,crow,car_horn,water_drops,0.07845601752359282,0.7319214571989913,0.1896225252774159
scene1_antro_dominated_0001.wav,1,antro_dominated,frog,church_bells,thunderstorm,0.029586868324533527,0.89685351758877,0.07355961408669659
scene1_antro_dominated_0002.wav,1,antro_dominated,frog,mouse_click,rain,0.0922373577991391,0.8782967658382886,0.029465876362572214
scene1_antro_dominated_0003.wav,1,antro_dominated,clapping,glass_breaking,rain,0.0625790558625214,0.7501795167890208,0.18724142734845783
scene1_antro_dominated_0004.wav,1,antro_dominated,cat,train,crackling_fire,0.015959698228618285,0.96595595134708,0.018084350424301746
scene1_antro_dominated_0005.wav,1,antro_dominated,chirping_birds,engine,water_drops,0.07607834135351843,0.49159518618090725,0.4323264724655744
scene1_antro_dominated_0006.wav,1,antro_dominated,insects,clock_tick,crackling_fire,0.016029687047376187,0.8413929299493262,0.14257738300329761
scene1_antro_dominated_0007.wav,1,antro_dominated,cow,chainsaw,water_drops,0.043637434959490635,0.8077287386304649,0.1486338264100445
scene1_antro_dominated_0008.wav,1,antro_dominated,clapping,train,wind,0.27421931795361176,0.7167990205890231,0.008981661457365312
scene1_antro_dominated_0009.wav,1,antro_dominated,insects,car_horn,rain,0.03455844101417905,0.7976630859180125,0.1677784730678086
scene1_antro_dominated_0010.wav,1,antro_dominated,pig,footsteps,wind,0.12367793660221404,0.6676321277341409,0.20868993566364508
scene1_antro_dominated_0011.wav,1,antro_dominated,chirping_birds,clock_tick,rain,0.09847202141370967,0.8901103941840065,0.011417584402283817
scene1_antro_dominated_0012.wav,1,antro_dominated,crying_baby,fireworks,wind,0.047835291690978776,0.9188527386704683,0.033311969638552846
scene1_antro_dominated_0013.wav,1,antro_dominated,hen,pouring_water,rain,0.011160869543519652,0.9670500911282784,0.021789039328201927
scene1_antro_dominated_0014.wav,1,antro_dominated,breathing,vacuum_cleaner,rain,0.12284143326904631,0.8644974520420439,0.012661114688909784
scene1_antro_dominated_0015.wav,1,antro_dominated,breathing,mouse_click,rain,0.32668216707123104,0.6261655942605118,0.047152238668257206
scene1_antro_dominated_0016.wav,1,antro_dominated,dog,siren,thunderstorm,0.12370568273457026,0.8100278268735903,0.06626649039183925
scene1_antro_dominated_0017.wav,1,antro_dominated,sneezing,pouring_water,water_drops,0.042722961108593534,0.9373574580516028,0.019919580839803646
scene1_antro_dominated_0018.wav,1,antro_dominated,coughing,glass_breaking,sea_waves,0.14733381503195525,0.8334696873453343,0.01919649762271025
scene1_antro_dominated_0019.wav,1,antro_dominated,snoring,vacuum_cleaner,rain,0.041090864709879445,0.8935530094176138,0.0653561258725068
scene1_antro_dominated_0020.wav,1,antro_dominated,coughing,door_wood_creaks,crackling_fire,0.006546080688133951,0.8002686299037851,0.19318528940808094
scene1_antro_dominated_0021.wav,1,antro_dominated,crow,glass_breaking,thunderstorm,0.22405764275680334,0.7145953694322336,0.061346987810963136
scene1_antro_dominated_0022.wav,1,antro_dominated,laughing,footsteps,thunderstorm,0.050492008745535895,0.9074347825324918,0.042073208721972344
scene1_antro_dominated_0023.wav,1,antro_dominated,laughing,airplane,crackling_fire,0.01693992350065715,0.8955926650682785,0.08746741143106448
scene1_antro_dominated_0024.wav,1,antro_dominated,cat,toilet_flush,thunderstorm,0.15387320698126195,0.7954298437042661,0.050696949314471995
scene1_antro_dominated_0025.wav,1,antro_dominated,rooster,pouring_water,water_drops,0.10362070020336278,0.623839243945222,0.2725400558514153
scene1_antro_dominated_0026.wav,1,antro_dominated,dog,airplane,wind,0.20513308785010045,0.7820654183966318,0.012801493753267766
scene1_antro_dominated_0027.wav,1,antro_dominated,cow,door_wood_creaks,water_drops,0.1856496235525038,0.7050101827028931,0.10934019374460313
scene1_antro_dominated_0028.wav,1,antro_dominated,pig,can_opening,wind,0.030535489949473818,0.865616346639031,0.10384816341149518
scene1_antro_dominated_0029.wav,1,antro_dominated,insects,brushing_teeth,water_drops,0.01172595684123104,0.9818014550862006,0.006472588072568305
scene1_antro_dominated_0030.wav,1,antro_dominated,pig,brushing_teeth,crackling_fire,0.319939871143442,0.624673581136135,0.055386547720422986
scene1_antro_dominated_0031.wav,1,antro_dominated,cow,clock_tick,crackling_fire,0.09542649734755196,0.877712539657875,0.02686096299457313
scene1_antro_dominated_0032.wav,1,antro_dominated,crying_baby,hand_saw,wind,0.08985061363851138,0.8889024928586035,0.021246893502885267
scene1_antro_dominated_0033.wav,1,antro_dominated,snoring,brushing_teeth,sea_waves,0.0914275000716934,0.8188890548618727,0.08968344506643397
scene1_antro_dominated_0034.wav,1,antro_dominated,dog,glass_breaking,thunderstorm,0.04759686450542337,0.9445611192461906,0.007842016248386059
scene1_antro_dominated_0035.wav,1,antro_dominated,sheep,door_wood_knock,sea_waves,0.07592366389425911,0.9080660444207399,0.016010291685001024
scene1_antro_dominated_0036.wav,1,antro_dominated,chirping_birds,train,crackling_fire,0.2250593395584915,0.767781519249537,0.00715914119197158
scene1_antro_dominated_0037.wav,1,antro_dominated,pig,train,water_drops,0.08229312018193408,0.8111452641299964,0.10656161568806943
scene1_antro_dominated_0038.wav,1,antro_dominated,crow,can_opening,rain,0.09114602772852877,0.8654883158880301,0.04336565638344111
scene1_antro_dominated_0039.wav,1,antro_dominated,crow,brushing_teeth,wind,0.1156389741768808,0.8478597815581956,0.0365012442649235
scene1_antro_dominated_0040.wav,1,antro_dominated,breathing,brushing_teeth,sea_waves,0.15834273934242563,0.8031753847927979,0.038481875864776555
scene1_antro_dominated_0041.wav,1,antro_dominated,crying_baby,toilet_flush,crackling_fire,0.0353153058386659,0.88151381182379,0.08317088233754416
scene1_antro_dominated_0042.wav,1,antro_dominated,insects,clock_tick,rain,0.09751269721754124,0.8837039492402947,0.01878335354216398
scene1_antro_dominated_0043.wav,1,antro_dominated,breathing,clock_alarm,wind,0.12511555262978552,0.8539431311448393,0.020941316225375102
scene1_antro_dominated_0044.wav,1,antro_dominated,chirping_birds,clock_tick,thunderstorm,0.0213467038349167,0.9777559542852948,0.0008973418797883643
scene1_antro_dominated_0045.wav,1,antro_dominated,rooster,pouring_water,water_drops,0.22845187863521635,0.763146979347523,0.008401142017260678
scene1_antro_dominated_0046.wav,1,antro_dominated,insects,helicopter,thunderstorm,0.06868524522310732,0.8317019605191948,0.09961279425769802
scene1_antro_dominated_0047.wav,1,antro_dominated,sheep,keyboard_typing,water_drops,0.10992410231136247,0.6689919136124103,0.2210839840762272
scene1_antro_dominated_0048.wav,1,antro_dominated,crying_baby,mouse_click,rain,0.0014433973297823745,0.9977118779102877,0.0008447247599299972
scene1_antro_dominated_0049.wav,1,antro_dominated,insects,church_bells,thunderstorm,0.05994547588388775,0.794891151419262,0.14516337269685034
scene1_antro_dominated_0050.wav,1,antro_dominated,crying_baby,washing_machine,rain,0.08257047063770284,0.8078896547684291,0.10953987459386808
scene1_antro_dominated_0051.wav,1,antro_dominated,insects,airplane,water_drops,0.03587618167097546,0.7995066424255733,0.1646171759034513
scene1_antro_dominated_0052.wav,1,antro_dominated,crow,train,wind,0.022183228929552084,0.6513955513541825,0.32642121971626537
scene1_antro_dominated_0053.wav,1,antro_dominated,breathing,clock_tick,wind,0.09122329442899453,0.6534926193587905,0.25528408621221504
scene1_antro_dominated_0054.wav,1,antro_dominated,snoring,glass_breaking,sea_waves,0.0024846175521641505,0.9806456737038901,0.016869708743945798
scene1_antro_dominated_0055.wav,1,antro_dominated,cow,clock_alarm,thunderstorm,0.014734471533702005,0.8797546427923401,0.10551088567395799
scene1_antro_dominated_0056.wav,1,antro_dominated,crickets,church_bells,water_drops,0.059176437025786906,0.9199521518689612,0.020871411105252043
scene1_antro_dominated_0057.wav,1,antro_dominated,snoring,washing_machine,thunderstorm,0.030204767071272395,0.9154674312951121,0.05432780163361567
scene1_antro_dominated_0058.wav,1,antro_dominated,snoring,siren,wind,0.19832516603880376,0.7890166994706296,0.012658134490566773
scene1_antro_dominated_0059.wav,1,antro_dominated,pig,clock_alarm,thunderstorm,0.16168056311952966,0.8248675580876436,0.013451878792826739
scene1_antro_dominated_0060.wav,1,antro_dominated,crickets,fireworks,sea_waves,0.0349085704143832,0.8880994593157386,0.07699197026987827
scene1_antro_dominated_0061.wav,1,antro_dominated,cat,washing_machine,water_drops,0.0037917687799283494,0.6526049727553482,0.3436032584647234
scene1_antro_dominated_0062.wav,1,antro_dominated,cow,brushing_teeth,rain,0.11773978913633472,0.8786421271444117,0.0036180837192536608
scene1_antro_dominated_0063.wav,1,antro_dominated,cow,vacuum_cleaner,sea_waves,0.22771658264421274,0.6644099931387193,0.10787342421706797
scene1_antro_dominated_0064.wav,1,antro_dominated,hen,engine,thunderstorm,0.06281353946851291,0.8255442448518833,0.11164221567960392
scene1_antro_dominated_0065.wav,1,antro_dominated,crow,hand_saw,thunderstorm,0.0020920901398222926,0.9168036985369189,0.08110421132325879
scene1_antro_dominated_0066.wav,1,antro_dominated,laughing,chainsaw,sea_waves,0.019753231103623838,0.8656600351616596,0.11458673373471656
scene1_antro_dominated_0067.wav,1,antro_dominated,laughing,chainsaw,crackling_fire,0.018301219247881452,0.7539147247907831,0.22778405596133558
scene1_antro_dominated_0068.wav,1,antro_dominated,snoring,pouring_water,water_drops,0.010283948483424052,0.9530909566807036,0.03662509483587256
scene1_antro_dominated_0069.wav,1,antro_dominated,pig,clock_alarm,thunderstorm,0.18247069852004863,0.7821034250278236,0.035425876452127705
scene1_antro_dominated_0070.wav,1,antro_dominated,frog,chainsaw,sea_waves,0.21863089370758065,0.7203073778217818,0.06106172847063756
scene1_antro_dominated_0071.wav,1,antro_dominated,cat,car_horn,sea_waves,0.043459228533684474,0.9323871068176571,0.02415366464865846
scene1_antro_dominated_0072.wav,1,antro_dominated,chirping_birds,washing_machine,sea_waves,0.02606518599536016,0.9490275635898126,0.024907250414827307
scene1_antro_dominated_0073.wav,1,antro_dominated,coughing,engine,crackling_fire,0.04979808335641673,0.8917882501738637,0.05841366646971966
scene1_antro_dominated_0074.wav,1,antro_dominated,crying_baby,pouring_water,thunderstorm,0.008327992479497746,0.8941995249649323,0.09747248255556995
scene1_antro_dominated_0075.wav,1,antro_dominated,crying_baby,engine,rain,0.11430447922035396,0.702487991553604,0.183207529226042
scene1_antro_dominated_0076.wav,1,antro_dominated,sheep,clock_tick,water_drops,0.0735106470060021,0.9075814049712274,0.018907948022770387
scene1_antro_dominated_0077.wav,1,antro_dominated,cow,door_wood_creaks,wind,0.07000276465377557,0.7039811672143458,0.22601606813187855
scene1_antro_dominated_0078.wav,1,antro_dominated,cat,glass_breaking,water_drops,0.030571699023984128,0.9054321855605478,0.06399611541546803
scene1_antro_dominated_0079.wav,1,antro_dominated,hen,clock_tick,crackling_fire,0.29380936558860116,0.5989500021684128,0.10724063224298608
scene1_antro_dominated_0080.wav,1,antro_dominated,cat,train,wind,0.19107831214402193,0.7459831038025422,0.06293858405343589
scene1_antro_dominated_0081.wav,1,antro_dominated,laughing,door_wood_creaks,water_drops,0.055636400185091334,0.9345474158517411,0.009816183963167524
scene1_antro_dominated_0082.wav,1,antro_dominated,coughing,hand_saw,wind,0.1271576967707547,0.851101491196672,0.021740812032573446
scene1_antro_dominated_0083.wav,1,antro_dominated,crickets,mouse_click,water_drops,0.0031740588510515387,0.9254829626985029,0.07134297845044563
scene1_antro_dominated_0084.wav,1,antro_dominated,crying_baby,toilet_flush,water_drops,0.0029916681582213586,0.989399739405024,0.007608592436754723
scene1_antro_dominated_0085.wav,1,antro_dominated,hen,glass_breaking,water_drops,0.049119941392523625,0.7516589061191563,0.1992211524883201
scene1_antro_dominated_0086.wav,1,antro_dominated,dog,toilet_flush,wind,0.007807627613085291,0.8956244286240942,0.09656794376282057
scene1_antro_dominated_0087.wav,1,antro_dominated,crying_baby,pouring_water,rain,0.0720337553709122,0.7215727889018818,0.20639345572720588
scene1_antro_dominated_0088.wav,1,antro_dominated,sneezing,fireworks,water_drops,0.009432946833642144,0.8082671529297324,0.18229990023662557
scene1_antro_dominated_0089.wav,1,antro_dominated,sneezing,helicopter,water_drops,0.011838786465738375,0.973356717544406,0.01480449598985555
scene1_antro_dominated_0090.wav,1,antro_dominated,laughing,clock_alarm,wind,0.029767102807351477,0.9354267141948126,0.034806182997836166
scene1_antro_dominated_0091.wav,1,antro_dominated,rooster,clock_tick,thunderstorm,0.15968376616411506,0.8295477213916668,0.010768512444218175
scene1_antro_dominated_0092.wav,1,antro_dominated,crickets,clock_tick,crackling_fire,0.0900352894952514,0.8838337804162162,0.026130930088532334
scene1_antro_dominated_0093.wav,1,antro_dominated,breathing,drinking_sipping,rain,0.03578977609829206,0.9611638770175133,0.003046346884194721
scene1_antro_dominated_0094.wav,1,antro_dominated,cat,door_wood_creaks,water_drops,0.059050523777218,0.9396190834820574,0.0013303927407246935
scene1_antro_dominated_0095.wav,1,antro_dominated,dog,helicopter,crackling_fire,0.02562584538617541,0.8397389335519355,0.13463522106188916
scene1_antro_dominated_0096.wav,1,antro_dominated,rooster,airplane,sea_waves,0.05242657785145526,0.8921481858187795,0.055425236329765315
scene1_antro_dominated_0097.wav,1,antro_dominated,insects,door_wood_creaks,wind,0.02016139956652572,0.7625050454027961,0.21733355503067806
scene1_antro_dominated_0098.wav,1,antro_dominated,laughing,door_wood_knock,crackling_fire,0.028869595974066634,0.7689790130462578,0.20215139097967566
scene1_antro_dominated_0099.wav,1,antro_dominated,frog,pouring_water,thunderstorm,0.13664481363322467,0.7984153798439124,0.06493980652286294
scene1_antro_dominated_0100.wav,1,antro_dominated,crow,keyboard_typing,thunderstorm,0.0345822915443788,0.8958271869221789,0.06959052153344232
scene1_antro_dominated_0101.wav,1,antro_dominated,clapping,siren,rain,0.1468353314819451,0.628771492218643,0.22439317629941197
scene1_antro_dominated_0102.wav,1,antro_dominated,dog,brushing_teeth,rain,0.030685902597726526,0.6036039610626913,0.36571013633958227
scene1_antro_dominated_0103.wav,1,antro_dominated,cow,pouring_water,crackling_fire,0.1469047575747473,0.7522709259721361,0.10082431645311674
scene1_antro_dominated_0104.wav,1,antro_dominated,crickets,brushing_teeth,crackling_fire,0.007780083985251213,0.8637173583617697,0.12850255765297916
scene1_antro_dominated_0105.wav,1,antro_dominated,crying_baby,fireworks,sea_waves,0.11610068588892081,0.7805169652132141,0.1033823488978652
scene1_antro_dominated_0106.wav,1,antro_dominated,chirping_birds,siren,sea_waves,0.07685000479816743,0.9120056607688549,0.011144334432977599
scene1_antro_dominated_0107.wav,1,antro_dominated,coughing,can_opening,crackling_fire,0.06236802547088156,0.8550315313079376,0.08260044322118094
scene1_antro_dominated_0108.wav,1,antro_dominated,chirping_birds,church_bells,crackling_fire,0.06997464691458248,0.903021806445029,0.02700354664038842
scene1_antro_dominated_0109.wav,1,antro_dominated,pig,chainsaw,water_drops,0.018294831080385435,0.9222018603520596,0.05950330856755487
scene1_antro_dominated_0110.wav,1,antro_dominated,dog,can_opening,rain,0.001966356292925622,0.9790358553765987,0.018997788330475707
scene1_antro_dominated_0111.wav,1,antro_dominated,coughing,toilet_flush,thunderstorm,0.09956148159735317,0.6932601826884331,0.20717833571421354
scene1_antro_dominated_0112.wav,1,antro_dominated,dog,vacuum_cleaner,thunderstorm,0.027112367391822215,0.9081567016720326,0.06473093093614514
scene1_antro_dominated_0113.wav,1,antro_dominated,breathing,car_horn,crackling_fire,0.07753529036299413,0.8181258298600336,0.10433887977697233
scene1_antro_dominated_0114.wav,1,antro_dominated,snoring,engine,water_drops,0.19338849540403283,0.7156402706685746,0.09097123392739254
scene1_antro_dominated_0115.wav,1,antro_dominated,dog,washing_machine,sea_waves,0.0523968799695116,0.7248727957646434,0.22273032426584483
scene1_antro_dominated_0116.wav,1,antro_dominated,rooster,car_horn,wind,0.07179982757036633,0.8933403962356823,0.034859776193951246
scene1_antro_dominated_0117.wav,1,antro_dominated,crow,can_opening,crackling_fire,0.12597029297332946,0.8652467482454557,0.008782958781214873
scene1_antro_dominated_0118.wav,1,antro_dominated,hen,clock_alarm,water_drops,0.008805752586742674,0.8383523977529802,0.15284184966027706
scene1_antro_dominated_0119.wav,1,antro_dominated,breathing,footsteps,crackling_fire,0.04068719361225234,0.9481543906426954,0.011158415745052237
scene1_antro_dominated_0120.wav,1,antro_dominated,insects,keyboard_typing,thunderstorm,0.05120374770143995,0.7684698712761034,0.18032638102245674
scene1_antro_dominated_0121.wav,1,antro_dominated,cat,washing_machine,crackling_fire,0.024594076779920388,0.9709779071756479,0.0044280160444316406
scene1_antro_dominated_0122.wav,1,antro_dominated,crickets,washing_machine,rain,0.09497483295694124,0.6480592136450176,0.25696595339804124
scene1_antro_dominated_0123.wav,1,antro_dominated,rooster,door_wood_knock,thunderstorm,0.12094009092048738,0.8602844111708106,0.018775497908702147
scene1_antro_dominated_0124.wav,1,antro_dominated,laughing,mouse_click,rain,0.034395025769307475,0.8968129420794793,0.06879203215121324
scene1_antro_dominated_0125.wav,1,antro_dominated,laughing,airplane,thunderstorm,0.007172012430674219,0.8913683195433068,0.10145966802601906
scene1_antro_dominated_0126.wav,1,antro_dominated,laughing,clock_tick,rain,0.058157402530458764,0.9117697599986697,0.030072837470871625
scene1_antro_dominated_0127.wav,1,antro_dominated,breathing,door_wood_knock,rain,0.21339389999296918,0.6946551255741464,0.09195097443288447
scene1_antro_dominated_0128.wav,1,antro_dominated,chirping_birds,airplane,sea_waves,0.004128795596713758,0.7155343331179632,0.28033687128532314
scene1_antro_dominated_0129.wav,1,antro_dominated,rooster,vacuum_cleaner,crackling_fire,0.12081202727947293,0.7729046898040053,0.10628328291652175
scene1_antro_dominated_0130.wav,1,antro_dominated,pig,keyboard_typing,sea_waves,0.2268368779432871,0.7590714255233897,0.014091696533323204
scene1_antro_dominated_0131.wav,1,antro_dominated,crow,keyboard_typing,water_drops,0.13252046141308288,0.7839735915480309,0.08350594703888624
scene1_antro_dominated_0132.wav,1,antro_dominated,sneezing,keyboard_typing,water_drops,0.10698157560723212,0.8659348490514177,0.027083575341350086
scene1_antro_dominated_0133.wav,1,antro_dominated,breathing,pouring_water,thunderstorm,0.05680417006310799,0.9055990002019865,0.037596829734905565
scene1_antro_dominated_0134.wav,1,antro_dominated,cat,can_opening,rain,0.015955471389665764,0.9712348057672361,0.01280972284309821
scene1_antro_dominated_0135.wav,1,antro_dominated,sneezing,airplane,rain,0.014076344750848027,0.9448613762344317,0.04106227901472041
scene1_antro_dominated_0136.wav,1,antro_dominated,snoring,door_wood_knock,sea_waves,0.022301820636524625,0.9192693525196841,0.05842882684379116
scene1_antro_dominated_0137.wav,1,antro_dominated,chirping_birds,vacuum_cleaner,wind,0.12351026501126644,0.8752989768856735,0.0011907581030600942
scene1_antro_dominated_0138.wav,1,antro_dominated,crow,fireworks,water_drops,0.027928151151163247,0.898568236327552,0.07350361252128472
scene1_antro_dominated_0139.wav,1,antro_dominated,rooster,helicopter,rain,0.01201773581928921,0.9257133979372514,0.06226886624345932
scene1_antro_dominated_0140.wav,1,antro_dominated,cow,car_horn,crackling_fire,0.11874256775755078,0.8729717707127066,0.008285661529742682
scene1_antro_dominated_0141.wav,1,antro_dominated,crow,glass_breaking,thunderstorm,0.02979277764567004,0.9394970143294341,0.030710208024895984
scene1_antro_dominated_0142.wav,1,antro_dominated,snoring,glass_breaking,thunderstorm,0.04322401207826252,0.8855920091700372,0.0711839787517001
scene1_antro_dominated_0143.wav,1,antro_dominated,snoring,keyboard_typing,rain,0.033906763348180866,0.8067740836746092,0.1593191529772099
scene1_antro_dominated_0144.wav,1,antro_dominated,breathing,engine,water_drops,0.10975621708225862,0.831481033296673,0.058762749621068464
scene1_antro_dominated_0145.wav,1,antro_dominated,rooster,mouse_click,water_drops,0.22786323103516232,0.6777626774203788,0.09437409154445894
scene1_antro_dominated_0146.wav,1,antro_dominated,hen,clock_tick,crackling_fire,0.007570948141878133,0.9708623424266714,0.02156670943145053
scene1_antro_dominated_0147.wav,1,antro_dominated,hen,fireworks,wind,0.022426562541122838,0.9418916312277807,0.035681806231096486
scene1_antro_dominated_0148.wav,1,antro_dominated,sheep,keyboard_typing,thunderstorm,0.17253626448799525,0.7620473691141438,0.0654163663978609
scene1_antro_dominated_0149.wav,1,antro_dominated,laughing,church_bells,crackling_fire,0.13370655623215832,0.8611915365663183,0.00510190720152336
scene1_antro_dominated_0150.wav,1,antro_dominated,dog,fireworks,crackling_fire,0.004910889454224123,0.9577494956734476,0.03733961487232837
scene1_antro_dominated_0151.wav,1,antro_dominated,hen,footsteps,water_drops,0.2299544969828867,0.6574576101652021,0.11258789285191115
scene1_antro_dominated_0152.wav,1,antro_dominated,sheep,can_opening,wind,0.053596795171766624,0.9404595673048878,0.005943637523345558
scene1_antro_dominated_0153.wav,1,antro_dominated,rooster,siren,rain,0.0555302137165664,0.8286600136481841,0.11580977263524957
scene1_antro_dominated_0154.wav,1,antro_dominated,rooster,vacuum_cleaner,crackling_fire,0.03490327818631404,0.9237791831259826,0.04131753868770332
scene1_antro_dominated_0155.wav,1,antro_dominated,chirping_birds,door_wood_creaks,water_drops,0.053535538665640904,0.8452485584546884,0.10121590287967085
scene1_antro_dominated_0156.wav,1,antro_dominated,dog,train,crackling_fire,0.007221393698475991,0.9193020082030303,0.07347659809849358
scene1_antro_dominated_0157.wav,1,antro_dominated,rooster,toilet_flush,wind,0.21296450532449718,0.7022941366517235,0.0847413580237795
scene1_antro_dominated_0158.wav,1,antro_dominated,crickets,train,rain,0.013467788576366206,0.8566299131671392,0.12990229825649457
scene1_antro_dominated_0159.wav,1,antro_dominated,clapping,toilet_flush,water_drops,0.16689877749305887,0.7861400560529742,0.046961166453966946
scene1_antro_dominated_0160.wav,1,antro_dominated,pig,siren,wind,0.018705138722807324,0.8668469601101444,0.11444790116704828
scene1_antro_dominated_0161.wav,1,antro_dominated,pig,church_bells,sea_waves,0.04036627073229292,0.9084611638802625,0.05117256538744456
scene1_antro_dominated_0162.wav,1,antro_dominated,laughing,can_opening,crackling_fire,0.015463386601485208,0.9422544169888841,0.042282196409630504
scene1_antro_dominated_0163.wav,1,antro_dominated,laughing,footsteps,rain,0.11869369582665192,0.8026983033876242,0.07860800078572391
scene1_antro_dominated_0164.wav,1,antro_dominated,sheep,keyboard_typing,crackling_fire,0.1694688454786529,0.7748245068142793,0.05570664770706786
scene1_antro_dominated_0165.wav,1,antro_dominated,cat,siren,rain,0.05046596724805334,0.8979088579609309,0.05162517479101571
scene1_antro_dominated_0166.wav,1,antro_dominated,frog,door_wood_knock,rain,0.22054450679199172,0.7309725420048208,0.048482951203187616
scene1_antro_dominated_0167.wav,1,antro_dominated,sneezing,keyboard_typing,rain,0.016172004571088656,0.8704753638162562,0.11335263161265516
scene1_antro_dominated_0168.wav,1,antro_dominated,chirping_birds,brushing_teeth,rain,0.02173957691114935,0.9737907504104582,0.004469672678392442
scene1_antro_dominated_0169.wav,1,antro_dominated,chirping_birds,keyboard_typing,wind,0.008245830845503925,0.9526808934513653,0.03907327570313067
scene1_antro_dominated_0170.wav,1,antro_dominated,cat,train,wind,0.09780813358243706,0.7924322522344636,0.10975961418309939
scene1_antro_dominated_0171.wav,1,antro_dominated,crow,church_bells,thunderstorm,0.14259241400733638,0.720674016963101,0.13673356902956244
scene1_antro_dominated_0172.wav,1,antro_dominated,snoring,door_wood_knock,water_drops,0.16230496808634445,0.7994799803199043,0.03821505159375137
scene1_antro_dominated_0173.wav,1,antro_dominated,cow,toilet_flush,thunderstorm,0.14674284012674582,0.8326208625211651,0.020636297352089036
scene1_antro_dominated_0174.wav,1,antro_dominated,crow,footsteps,sea_waves,0.014196883640223153,0.9229849739683343,0.06281814239144248
scene1_antro_dominated_0175.wav,1,antro_dominated,breathing,washing_machine,thunderstorm,0.2581315436907158,0.5646799506909124,0.17718850561837188
scene1_antro_dominated_0176.wav,1,antro_dominated,chirping_birds,door_wood_creaks,sea_waves,0.06732740593524898,0.8789759125401794,0.053696681524571646
scene1_antro_dominated_0177.wav,1,antro_dominated,insects,door_wood_creaks,crackling_fire,0.18870524205070144,0.8063805957444978,0.004914162204800644
scene1_antro_dominated_0178.wav,1,antro_dominated,rooster,can_opening,wind,0.21466443626038892,0.7193073532633664,0.06602821047624487
scene1_antro_dominated_0179.wav,1,antro_dominated,rooster,vacuum_cleaner,water_drops,0.053736521744873526,0.8053024736767822,0.14096100457834426
scene1_antro_dominated_0180.wav,1,antro_dominated,pig,airplane,thunderstorm,0.04015209625502023,0.8163676084262161,0.14348029531876375
scene1_antro_dominated_0181.wav,1,antro_dominated,cow,glass_breaking,wind,0.00042014206338088087,0.9723662390771114,0.027213618859507804
scene1_antro_dominated_0182.wav,1,antro_dominated,sheep,helicopter,thunderstorm,0.007262126368124667,0.8639569081326576,0.12878096549921775
scene1_antro_dominated_0183.wav,1,antro_dominated,sneezing,airplane,rain,0.0535003853945427,0.8886267559272364,0.05787285867822084
scene1_antro_dominated_0184.wav,1,antro_dominated,chirping_birds,hand_saw,crackling_fire,0.004578960803780389,0.969785884902359,0.025635154293860644
scene1_antro_dominated_0185.wav,1,antro_dominated,rooster,siren,crackling_fire,0.006086592438041839,0.9707154736360412,0.023197933925917104
scene1_antro_dominated_0186.wav,1,antro_dominated,cat,brushing_teeth,wind,0.004944829365438307,0.7894763017483645,0.20557886888619736
scene1_antro_dominated_0187.wav,1,antro_dominated,clapping,clock_alarm,thunderstorm,0.09568115402954255,0.8951502990129272,0.009168546957530102
scene1_antro_dominated_0188.wav,1,antro_dominated,sneezing,helicopter,water_drops,0.07876937406149223,0.9069398119953245,0.014290813943183323
scene1_antro_dominated_0189.wav,1,antro_dominated,coughing,washing_machine,sea_waves,0.12836488125127335,0.6987478144397389,0.17288730430898763
scene1_antro_dominated_0190.wav,1,antro_dominated,insects,train,water_drops,0.027722027963209057,0.9385236511379539,0.03375432089883717
scene1_antro_dominated_0191.wav,1,antro_dominated,insects,can_opening,thunderstorm,0.08418910777393891,0.7825110503369956,0.13329984188906543
scene1_antro_dominated_0192.wav,1,antro_dominated,cow,mouse_click,thunderstorm,0.002085140976858615,0.8065297481988558,0.1913851108242856
scene1_antro_dominated_0193.wav,1,antro_dominated,frog,airplane,water_drops,0.08928483632459934,0.7231723538249755,0.18754280985042518
scene1_antro_dominated_0194.wav,1,antro_dominated,dog,door_wood_knock,wind,0.0005265605613151857,0.9662586581998354,0.033214781238849515
scene1_antro_dominated_0195.wav,1,antro_dominated,cow,clock_alarm,sea_waves,0.22159293143745723,0.6932422236965198,0.08516484486602284
scene1_antro_dominated_0196.wav,1,antro_dominated,clapping,washing_machine,water_drops,0.14292302621349318,0.7135359379941058,0.14354103579240102
scene1_antro_dominated_0197.wav,1,antro_dominated,crow,car_horn,rain,0.0018461236947236817,0.8613423631089853,0.13681151319629103
scene1_antro_dominated_0198.wav,1,antro_dominated,laughing,car_horn,rain,0.11083336301403077,0.5971017558958839,0.2920648810900855
scene1_antro_dominated_0199.wav,1,antro_dominated,coughing,siren,water_drops,0.2843502216998741,0.7051511126195497,0.010498665680576084
scene1_antro_dominated_0200.wav,1,antro_dominated,hen,door_wood_creaks,crackling_fire,0.08772935451010928,0.9031797076275184,0.009090937862372308
scene1_antro_dominated_0201.wav,1,antro_dominated,pig,church_bells,crackling_fire,0.05664355097746001,0.5967976905457425,0.34655875847679746
scene1_antro_dominated_0202.wav,1,antro_dominated,laughing,helicopter,sea_waves,0.12451668036567226,0.8572681854382974,0.018215134196030203
scene1_antro_dominated_0203.wav,1,antro_dominated,cow,chainsaw,thunderstorm,0.08403173385320506,0.6175380762732372,0.29843018987355774
scene1_antro_dominated_0204.wav,1,antro_dominated,chirping_birds,brushing_teeth,water_drops,0.08670358356903642,0.8499928030429034,0.06330361338806009
scene1_antro_dominated_0205.wav,1,antro_dominated,chirping_birds,drinking_sipping,water_drops,0.1364898365995444,0.8511357237362503,0.01237443966420528
scene1_antro_dominated_0206.wav,1,antro_dominated,cat,toilet_flush,rain,0.13119718368852998,0.8031343125143385,0.06566850379713156
scene1_antro_dominated_0207.wav,1,antro_dominated,sheep,train,sea_waves,0.010403440602202073,0.9430040339104866,0.04659252548731128
scene1_antro_dominated_0208.wav,1,antro_dominated,rooster,siren,water_drops,0.07808323466329618,0.7143220314951193,0.20759473384158467
scene1_antro_dominated_0209.wav,1,antro_dominated,cat,mouse_click,wind,0.08154557346219589,0.8760982482637013,0.04235617827410281
scene1_antro_dominated_0210.wav,1,antro_dominated,cat,fireworks,sea_waves,0.0813243354144964,0.8120872138902979,0.10658845069520564
scene1_antro_dominated_0211.wav,1,antro_dominated,sheep,siren,sea_waves,0.08501960967965783,0.7220836965930907,0.19289669372725152
scene1_antro_dominated_0212.wav,1,antro_dominated,breathing,door_wood_creaks,crackling_fire,0.09946032580714585,0.7592543065855657,0.1412853676072884
scene1_antro_dominated_0213.wav,1,antro_dominated,crow,footsteps,sea_waves,0.11005367806473823,0.7821884899610272,0.10775783197423462
scene1_antro_dominated_0214.wav,1,antro_dominated,hen,church_bells,rain,0.025698970925342696,0.9368698258715586,0.03743120320309855
scene1_antro_dominated_0215.wav,1,antro_dominated,sheep,vacuum_cleaner,wind,0.17231523700025417,0.6368267272747161,0.19085803572502968
scene1_antro_dominated_0216.wav,1,antro_dominated,cat,mouse_click,rain,0.10340875916845065,0.8905026680002821,0.006088572831267219
scene1_antro_dominated_0217.wav,1,antro_dominated,crow,glass_breaking,wind,0.0945270035455298,0.6635428636600382,0.24193013279443193
scene1_antro_dominated_0218.wav,1,antro_dominated,laughing,footsteps,water_drops,0.04441194831655442,0.5272104735574934,0.4283775781259522
scene1_antro_dominated_0219.wav,1,antro_dominated,sneezing,drinking_sipping,wind,0.03702093050675848,0.8931768482770343,0.0698022212162072
scene1_antro_dominated_0220.wav,1,antro_dominated,dog,siren,water_drops,0.05754541008861518,0.9185100997540082,0.02394449015737665
scene1_antro_dominated_0221.wav,1,antro_dominated,clapping,mouse_click,crackling_fire,0.060576913781186875,0.7846968536099214,0.15472623260889187
scene1_antro_dominated_0222.wav,1,antro_dominated,chirping_birds,footsteps,water_drops,0.09137811634804065,0.8275993933629903,0.08102249028896912
scene1_antro_dominated_0223.wav,1,antro_dominated,crow,chainsaw,water_drops,0.07332229196735998,0.8113670960316498,0.11531061200099027
scene1_antro_dominated_0224.wav,1,antro_dominated,dog,pouring_water,water_drops,0.0009782521326261457,0.9645507590021011,0.034470988865272695
scene1_antro_dominated_0225.wav,1,antro_dominated,dog,train,crackling_fire,0.027953836414250862,0.8396147211910094,0.13243144239473967
scene1_antro_dominated_0226.wav,1,antro_dominated,cat,drinking_sipping,water_drops,0.023267474181740338,0.9527374694913556,0.023995056326903977
scene1_antro_dominated_0227.wav,1,antro_dominated,sheep,engine,water_drops,0.08173110433691574,0.9053079778101837,0.012960917852900522
scene1_antro_dominated_0228.wav,1,antro_dominated,dog,chainsaw,rain,0.17911943313927556,0.7513668767450072,0.06951369011571729
scene1_antro_dominated_0229.wav,1,antro_dominated,hen,vacuum_cleaner,thunderstorm,0.06048836903084666,0.890862018364217,0.04864961260493635
scene1_antro_dominated_0230.wav,1,antro_dominated,cat,door_wood_knock,thunderstorm,0.06097265550212783,0.9164464219913127,0.022580922506559555
scene1_antro_dominated_0231.wav,1,antro_dominated,crow,pouring_water,rain,0.03454202207411808,0.8692899017005808,0.09616807622530094
scene1_antro_dominated_0232.wav,1,antro_dominated,sheep,pouring_water,water_drops,0.030378628282245676,0.8783184218119366,0.0913029499058177
scene1_antro_dominated_0233.wav,1,antro_dominated,sneezing,hand_saw,crackling_fire,0.012525186152587022,0.739097616349291,0.2483771974981219
scene1_antro_dominated_0234.wav,1,antro_dominated,crow,toilet_flush,rain,0.13637254375077348,0.7757309574900224,0.08789649875920422
scene1_antro_dominated_0235.wav,1,antro_dominated,dog,helicopter,rain,0.05668985691244053,0.8397042893451976,0.10360585374236185
scene1_antro_dominated_0236.wav,1,antro_dominated,crying_baby,fireworks,water_drops,0.2436060884550619,0.7553816296232525,0.0010122819216855262
scene1_antro_dominated_0237.wav,1,antro_dominated,crickets,toilet_flush,sea_waves,0.06968181523555633,0.7715567429340477,0.15876144183039603
scene1_antro_dominated_0238.wav,1,antro_dominated,cat,glass_breaking,thunderstorm,0.14324439756899532,0.6822165451805002,0.17453905725050448
scene1_antro_dominated_0239.wav,1,antro_dominated,insects,airplane,crackling_fire,0.10479952593642895,0.8159480107371827,0.07925246332638827
scene1_antro_dominated_0240.wav,1,antro_dominated,clapping,train,rain,0.03239988886890444,0.8654038146000218,0.10219629653107379
scene1_antro_dominated_0241.wav,1,antro_dominated,sheep,toilet_flush,sea_waves,0.07832039962908015,0.8901187974047986,0.03156080296612121
scene1_antro_dominated_0242.wav,1,antro_dominated,laughing,keyboard_typing,sea_waves,0.008087170860249883,0.8734171275681623,0.11849570157158781
scene1_antro_dominated_0243.wav,1,antro_dominated,snoring,train,thunderstorm,0.029498362470900714,0.904490022878882,0.06601161465021746
scene1_antro_dominated_0244.wav,1,antro_dominated,cat,chainsaw,water_drops,0.029659579458546668,0.8701947726569081,0.10014564788454523
scene1_antro_dominated_0245.wav,1,antro_dominated,sheep,train,crackling_fire,0.1962789135626983,0.7694196078085436,0.034301478628758236
scene1_antro_dominated_0246.wav,1,antro_dominated,hen,chainsaw,sea_waves,0.08602094898495556,0.7827472172720562,0.13123183374298825
scene1_antro_dominated_0247.wav,1,antro_dominated,insects,footsteps,crackling_fire,0.086318337527748,0.9051511160025436,0.008530546469708388
scene1_antro_dominated_0248.wav,1,antro_dominated,rooster,fireworks,thunderstorm,0.008739148626137146,0.9070476975135722,0.08421315386029063
scene1_antro_dominated_0249.wav,1,antro_dominated,frog,airplane,thunderstorm,0.17197745804822137,0.6950392906033352,0.13298325134844347
scene1_antro_dominated_0250.wav,1,antro_dominated,frog,fireworks,rain,0.040031891733937404,0.7186201958713367,0.24134791239472583
scene1_antro_dominated_0251.wav,1,antro_dominated,dog,airplane,thunderstorm,0.3261387570360408,0.5900165076849302,0.083844735279029
scene1_antro_dominated_0252.wav,1,antro_dominated,insects,footsteps,crackling_fire,0.034368474784906455,0.960385703887046,0.005245821328047525
scene1_antro_dominated_0253.wav,1,antro_dominated,coughing,footsteps,sea_waves,0.005911321699104868,0.7133331912532739,0.2807554870476213
scene1_antro_dominated_0254.wav,1,antro_dominated,cat,car_horn,crackling_fire,0.14156204223081623,0.8438917699598047,0.01454618780937899
scene1_antro_dominated_0255.wav,1,antro_dominated,sheep,glass_breaking,water_drops,0.0017264582225333955,0.8429492583575594,0.15532428341990717
scene1_antro_dominated_0256.wav,1,antro_dominated,insects,train,thunderstorm,0.017324153741802892,0.9308961717024945,0.051779674555702565
scene1_antro_dominated_0257.wav,1,antro_dominated,crow,mouse_click,rain,0.005614076414784549,0.867869775041349,0.12651614854386656
scene1_antro_dominated_0258.wav,1,antro_dominated,chirping_birds,siren,water_drops,0.004554694640935471,0.8521049560429008,0.1433403493161637
scene1_antro_dominated_0259.wav,1,antro_dominated,frog,church_bells,water_drops,0.03395876357175745,0.8967844586094644,0.06925677781877818
scene1_antro_dominated_0260.wav,1,antro_dominated,dog,brushing_teeth,wind,0.0574982743174595,0.7976988026741391,0.14480292300840156
scene1_antro_dominated_0261.wav,1,antro_dominated,crow,chainsaw,rain,0.1017039516965392,0.8389873586963869,0.05930868960707382
scene1_antro_dominated_0262.wav,1,antro_dominated,snoring,vacuum_cleaner,sea_waves,0.022776786993352147,0.8769526334857599,0.100270579520888
scene1_antro_dominated_0263.wav,1,antro_dominated,laughing,clock_tick,rain,0.031052058290505113,0.6386413108462893,0.33030663086320566
scene1_antro_dominated_0264.wav,1,antro_dominated,insects,clock_alarm,thunderstorm,0.29989534925384465,0.5967915134560743,0.10331313729008117
scene1_antro_dominated_0265.wav,1,antro_dominated,sheep,church_bells,sea_waves,0.18354896709351967,0.5602859417824931,0.2561650911239872
scene1_antro_dominated_0266.wav,1,antro_dominated,crow,chainsaw,wind,0.07019750684404559,0.6463346020069682,0.28346789114898613
scene1_antro_dominated_0267.wav,1,antro_dominated,hen,brushing_teeth,rain,0.043285915854834225,0.8237927454899676,0.13292133865519815
scene1_antro_dominated_0268.wav,1,antro_dominated,dog,chainsaw,water_drops,0.0057729962905384855,0.5778890143211706,0.41633798938829103
scene1_antro_dominated_0269.wav,1,antro_dominated,insects,church_bells,sea_waves,0.042216743942210505,0.9553785596609015,0.0024046963968879856
scene1_antro_dominated_0270.wav,1,antro_dominated,snoring,washing_machine,water_drops,0.2132694574044044,0.6603799298188323,0.12635061277676332
scene1_antro_dominated_0271.wav,1,antro_dominated,sheep,fireworks,water_drops,0.13814973031798314,0.8025118234639289,0.05933844621808798
scene1_antro_dominated_0272.wav,1,antro_dominated,frog,mouse_click,water_drops,0.14606187172296026,0.8222751124365899,0.03166301584044988
scene1_antro_dominated_0273.wav,1,antro_dominated,insects,door_wood_knock,wind,0.08455885653643645,0.8058252554363886,0.10961588802717491
scene1_antro_dominated_0274.wav,1,antro_dominated,dog,can_opening,crackling_fire,0.08620654048946405,0.6034237894403198,0.310369670070216
scene1_antro_dominated_0275.wav,1,antro_dominated,crickets,siren,thunderstorm,0.0041822069003656405,0.8394297049745467,0.15638808812508767
scene1_antro_dominated_0276.wav,1,antro_dominated,hen,chainsaw,sea_waves,0.11831746275590702,0.7908937105558795,0.09078882668821342
scene1_antro_dominated_0277.wav,1,antro_dominated,breathing,car_horn,thunderstorm,0.03265163249496555,0.9498343299500276,0.017514037555006728
scene1_antro_dominated_0278.wav,1,antro_dominated,snoring,brushing_teeth,sea_waves,0.06590341993636138,0.804226942364017,0.1298696376996215
scene1_antro_dominated_0279.wav,1,antro_dominated,chirping_birds,footsteps,crackling_fire,0.13291721349354815,0.8440055970152361,0.023077189491215833
scene1_antro_dominated_0280.wav,1,antro_dominated,dog,helicopter,sea_waves,0.07852642368771649,0.8192160177702523,0.10225755854203117
scene1_antro_dominated_0281.wav,1,antro_dominated,laughing,keyboard_typing,thunderstorm,0.06403214230980614,0.8074000720338438,0.12856778565635016
scene1_antro_dominated_0282.wav,1,antro_dominated,sneezing,mouse_click,thunderstorm,0.1882306065465141,0.7584798379065759,0.05328955554691003
scene1_antro_dominated_0283.wav,1,antro_dominated,hen,car_horn,rain,0.016098309417039776,0.933361710186499,0.05053998039646117
scene1_antro_dominated_0284.wav,1,antro_dominated,pig,clock_alarm,wind,0.06218915217820797,0.8955149816014778,0.04229586622031427
scene1_antro_dominated_0285.wav,1,antro_dominated,breathing,door_wood_creaks,crackling_fire,0.21710825047238638,0.7435110381806217,0.03938071134699187
scene1_antro_dominated_0286.wav,1,antro_dominated,rooster,washing_machine,sea_waves,0.05072173658726424,0.9341401560266397,0.015138107386096118
scene1_antro_dominated_0287.wav,1,antro_dominated,cat,keyboard_typing,water_drops,0.01937452376958054,0.9668906945629256,0.013734781667493878
scene1_antro_dominated_0288.wav,1,antro_dominated,rooster,drinking_sipping,crackling_fire,0.032246401890616345,0.8921182044109413,0.07563539369844248
scene1_antro_dominated_0289.wav,1,antro_dominated,hen,car_horn,wind,0.008124724429684106,0.9553219590248039,0.036553316545512055
scene1_antro_dominated_0290.wav,1,antro_dominated,dog,airplane,water_drops,0.07267832048164852,0.8677044066033924,0.05961727291495906
scene1_antro_dominated_0291.wav,1,antro_dominated,crickets,washing_machine,water_drops,0.04635546955478468,0.8128914700592735,0.1407530603859419
scene1_antro_dominated_0292.wav,1,antro_dominated,rooster,glass_breaking,wind,0.06156474372811872,0.9145470734604172,0.023888182811464025
scene1_antro_dominated_0293.wav,1,antro_dominated,snoring,siren,thunderstorm,0.11956840060943186,0.8755439276052077,0.004887671785360392
scene1_antro_dominated_0294.wav,1,antro_dominated,hen,drinking_sipping,thunderstorm,0.15027296475400964,0.7776459131829098,0.07208112206308045
scene1_antro_dominated_0295.wav,1,antro_dominated,sneezing,washing_machine,sea_waves,0.23350771600748074,0.7627667559184506,0.003725528074068658
scene1_antro_dominated_0296.wav,1,antro_dominated,frog,fireworks,sea_waves,0.04405721625904651,0.9469084860261313,0.00903429771482219
scene1_antro_dominated_0297.wav,1,antro_dominated,snoring,vacuum_cleaner,sea_waves,0.0822951085162195,0.8606150055827363,0.05708988590104418
scene1_antro_dominated_0298.wav,1,antro_dominated,snoring,train,sea_waves,0.14471470539138484,0.6879971229023778,0.16728817170623758
scene1_antro_dominated_0299.wav,1,antro_dominated,cat,airplane,crackling_fire,0.18204077413261527,0.7551236891842258,0.06283553668315872
scene1_antro_dominated_0300.wav,1,antro_dominated,cow,clock_alarm,water_drops,0.06697491315841694,0.9215793935359506,0.011445693305632417
scene1_antro_dominated_0301.wav,1,antro_dominated,cat,siren,water_drops,0.0033693495846016,0.8074161793899792,0.18921447102541922
scene1_antro_dominated_0302.wav,1,antro_dominated,pig,toilet_flush,rain,0.025799052836936665,0.7402407825547015,0.23396016460836175
scene1_antro_dominated_0303.wav,1,antro_dominated,hen,footsteps,sea_waves,0.2740961021089796,0.7173549201068304,0.00854897778419009
scene1_antro_dominated_0304.wav,1,antro_dominated,rooster,clock_tick,water_drops,0.1501891666815669,0.7685281769914808,0.08128265632695234
scene1_antro_dominated_0305.wav,1,antro_dominated,sheep,train,sea_waves,0.09602475231317865,0.9027794665591622,0.00119578112765916
scene1_antro_dominated_0306.wav,1,antro_dominated,chirping_birds,engine,water_drops,0.14317191030529886,0.8366952078177357,0.02013288187696543
scene1_antro_dominated_0307.wav,1,antro_dominated,chirping_birds,vacuum_cleaner,thunderstorm,0.13553495353229633,0.6848918718014411,0.17957317466626266
scene1_antro_dominated_0308.wav,1,antro_dominated,crickets,siren,crackling_fire,0.03091495336387199,0.8957560818011427,0.07332896483498534
scene1_antro_dominated_0309.wav,1,antro_dominated,insects,brushing_teeth,crackling_fire,0.15365971605555212,0.7042436291522549,0.1420966547921929
scene1_antro_dominated_0310.wav,1,antro_dominated,hen,airplane,rain,0.04358344639275501,0.9398873327212743,0.016529220885970586
scene1_antro_dominated_0311.wav,1,antro_dominated,sneezing,chainsaw,sea_waves,0.06656471226067591,0.9333270253872268,0.00010826235209737037
scene1_antro_dominated_0312.wav,1,antro_dominated,cow,can_opening,crackling_fire,0.09310400588043224,0.8104619389690504,0.09643405515051749
scene1_antro_dominated_0313.wav,1,antro_dominated,coughing,mouse_click,thunderstorm,0.0033960377635952974,0.9769200077875608,0.019683954448843955
scene1_antro_dominated_0314.wav,1,antro_dominated,rooster,clock_tick,sea_waves,0.14118310524419653,0.8231822579154671,0.03563463684033629
scene1_antro_dominated_0315.wav,1,antro_dominated,clapping,chainsaw,thunderstorm,0.0737072350053173,0.7592084306819986,0.16708433431268405
scene1_antro_dominated_0316.wav,1,antro_dominated,hen,can_opening,water_drops,0.273145652942209,0.7053618417518474,0.02149250530594353
scene1_antro_dominated_0317.wav,1,antro_dominated,dog,clock_alarm,water_drops,0.015039732766175411,0.9212588002634774,0.06370146697034731
scene1_antro_dominated_0318.wav,1,antro_dominated,insects,footsteps,rain,0.21491788064718778,0.7425929494631855,0.042489169889626796
scene1_antro_dominated_0319.wav,1,antro_dominated,frog,pouring_water,wind,0.0874749227285798,0.8964805458216036,0.01604453144981648
scene1_antro_dominated_0320.wav,1,antro_dominated,pig,glass_breaking,sea_waves,0.13028311609008575,0.6360118180952212,0.23370506581469286
scene1_antro_dominated_0321.wav,1,antro_dominated,snoring,door_wood_creaks,rain,0.014746271721201736,0.972497232627477,0.012756495651321227
scene1_antro_dominated_0322.wav,1,antro_dominated,snoring,toilet_flush,wind,0.027014587444546705,0.8305133740815924,0.14247203847386086
scene1_antro_dominated_0323.wav,1,antro_dominated,breathing,engine,water_drops,0.04421878740874383,0.5126790646034175,0.4431021479878386
scene1_antro_dominated_0324.wav,1,antro_dominated,cat,engine,water_drops,0.08184382209005518,0.6447092922927091,0.27344688561723574
scene1_antro_dominated_0325.wav,1,antro_dominated,crickets,glass_breaking,wind,0.07581995928159532,0.9239604537084541,0.0002195870099506656
scene1_antro_dominated_0326.wav,1,antro_dominated,coughing,chainsaw,thunderstorm,0.05990656147867373,0.9263630068102291,0.01373043171109723
scene1_antro_dominated_0327.wav,1,antro_dominated,hen,toilet_flush,water_drops,0.04697830663258474,0.8517169669280804,0.1013047264393347
scene1_antro_dominated_0328.wav,1,antro_dominated,crickets,keyboard_typing,wind,0.0025021927631728737,0.9420825217801098,0.05541528545671744
scene1_antro_dominated_0329.wav,1,antro_dominated,sneezing,washing_machine,thunderstorm,0.05627606931518934,0.8605645343995072,0.08315939628530353
scene1_antro_dominated_0330.wav,1,antro_dominated,cow,mouse_click,sea_waves,0.1037707201664659,0.8227758110350569,0.0734534687984772
scene1_antro_dominated_0331.wav,1,antro_dominated,insects,siren,wind,0.0446771411199927,0.8943548095630588,0.06096804931694843
scene1_antro_dominated_0332.wav,1,antro_dominated,cow,mouse_click,rain,0.07506010426489194,0.7844216597115925,0.1405182360235156
scene1_antro_dominated_0333.wav,1,antro_dominated,rooster,siren,sea_waves,0.06814022267801727,0.6871299233802352,0.2447298539417476
scene1_antro_dominated_0334.wav,1,antro_dominated,sneezing,door_wood_knock,crackling_fire,0.08003730435054975,0.8001163156669567,0.11984637998249349
scene1_antro_dominated_0335.wav,1,antro_dominated,chirping_birds,door_wood_knock,thunderstorm,0.06501378917422904,0.7183940526665381,0.21659215815923294
scene1_antro_dominated_0336.wav,1,antro_dominated,sheep,can_opening,wind,0.045396965605674446,0.9199180984444981,0.03468493594982753
scene1_antro_dominated_0337.wav,1,antro_dominated,coughing,church_bells,rain,0.06111494493700793,0.9264374843581179,0.012447570704874152
scene1_antro_dominated_0338.wav,1,antro_dominated,crying_baby,glass_breaking,water_drops,0.16812688936584558,0.8158355216603694,0.016037588973785027
scene1_antro_dominated_0339.wav,1,antro_dominated,crying_baby,pouring_water,water_drops,0.0708444812972787,0.9169343104597638,0.012221208242957332
scene1_antro_dominated_0340.wav,1,antro_dominated,coughing,helicopter,sea_waves,0.002337883158246711,0.9953108719999044,0.002351244841849051
scene1_antro_dominated_0341.wav,1,antro_dominated,cat,car_horn,sea_waves,0.11916563291652853,0.84092391071696,0.03991045636651137
scene1_antro_dominated_0342.wav,1,antro_dominated,chirping_birds,can_opening,sea_waves,0.12560732136980995,0.7283357339243214,0.1460569447058686
scene1_antro_dominated_0343.wav,1,antro_dominated,dog,can_opening,thunderstorm,0.0035064263929959617,0.9937713705045459,0.0027222031024579543
scene1_antro_dominated_0344.wav,1,antro_dominated,laughing,can_opening,crackling_fire,0.15203679311087426,0.8159018724802595,0.03206133440886626
scene1_antro_dominated_0345.wav,1,antro_dominated,crow,church_bells,water_drops,0.052968766906898467,0.8686353940673542,0.07839583902574733
scene1_antro_dominated_0346.wav,1,antro_dominated,coughing,engine,water_drops,0.00449675654242704,0.96718682172197,0.02831642173560301
scene1_antro_dominated_0347.wav,1,antro_dominated,sheep,toilet_flush,water_drops,0.030648640437886315,0.9664937645814824,0.00285759498063131
scene1_antro_dominated_0348.wav,1,antro_dominated,snoring,helicopter,thunderstorm,0.010955808910893658,0.8716400695360498,0.11740412155305642
scene1_antro_dominated_0349.wav,1,antro_dominated,crickets,fireworks,crackling_fire,0.021691375393923518,0.9361036248412254,0.042204999764851
scene1_antro_dominated_0350.wav,1,antro_dominated,dog,hand_saw,thunderstorm,0.0293332083709709,0.7794332787492267,0.19123351287980225
scene1_antro_dominated_0351.wav,1,antro_dominated,laughing,car_horn,water_drops,0.015420118509591706,0.889820164801963,0.0947597166884453
scene1_antro_dominated_0352.wav,1,antro_dominated,crickets,fireworks,wind,0.0367889593068168,0.768579845956725,0.19463119473645818
scene1_antro_dominated_0353.wav,1,antro_dominated,dog,airplane,thunderstorm,0.0043678950844446675,0.9416049303739511,0.05402717454160436
scene1_antro_dominated_0354.wav,1,antro_dominated,dog,hand_saw,water_drops,0.11557303896487253,0.8773670276184002,0.0070599334167272204
scene1_antro_dominated_0355.wav,1,antro_dominated,coughing,airplane,crackling_fire,0.015995027762488054,0.980244291672517,0.0037606805649949503
scene1_antro_dominated_0356.wav,1,antro_dominated,frog,washing_machine,crackling_fire,0.03394553274756696,0.8479785255582041,0.118075941694229
scene1_antro_dominated_0357.wav,1,antro_dominated,sheep,clock_tick,water_drops,0.10933210977948044,0.8542003726427749,0.03646751757774465
scene1_antro_dominated_0358.wav,1,antro_dominated,laughing,clock_tick,sea_waves,0.11076182893345649,0.8568329156460319,0.03240525542051142
scene1_antro_dominated_0359.wav,1,antro_dominated,sneezing,train,crackling_fire,0.03825829073435087,0.9248514462814301,0.036890262984218936
scene1_antro_dominated_0360.wav,1,antro_dominated,crow,can_opening,thunderstorm,0.02760431674655164,0.8483625687874119,0.12403311446603657
scene1_antro_dominated_0361.wav,1,antro_dominated,sheep,glass_breaking,water_drops,0.13406602844203427,0.7961376444464031,0.0697963271115627
scene1_antro_dominated_0362.wav,1,antro_dominated,crying_baby,airplane,sea_waves,0.2710085519865994,0.5393449510749195,0.18964649693848115
scene1_antro_dominated_0363.wav,1,antro_dominated,insects,toilet_flush,sea_waves,0.35471696569709016,0.6422185473551671,0.0030644869477426035
scene1_antro_dominated_0364.wav,1,antro_dominated,sneezing,chainsaw,thunderstorm,0.053626018829214125,0.9067335751999126,0.03964040597087331
scene1_antro_dominated_0365.wav,1,antro_dominated,crickets,church_bells,thunderstorm,0.11492400249409475,0.8806899163617639,0.004386081144141305
scene1_antro_dominated_0366.wav,1,antro_dominated,snoring,clock_alarm,rain,0.05946099007855565,0.9140363647293345,0.026502645192109847
scene1_antro_dominated_0367.wav,1,antro_dominated,crickets,can_opening,crackling_fire,0.00020679454734839046,0.9975011367328179,0.0022920687198337104
scene1_antro_dominated_0368.wav,1,antro_dominated,chirping_birds,glass_breaking,crackling_fire,0.10356033856941506,0.8703325152577055,0.026107146172879438
scene1_antro_dominated_0369.wav,1,antro_dominated,clapping,church_bells,rain,0.05784916472975342,0.8452155674596046,0.09693526781064203
scene1_antro_dominated_0370.wav,1,antro_dominated,clapping,brushing_teeth,wind,0.026219222667833067,0.8287488953599659,0.14503188197220104
scene1_antro_dominated_0371.wav,1,antro_dominated,crickets,engine,rain,0.05658852667461265,0.9238041650729654,0.019607308252421882
scene1_antro_dominated_0372.wav,1,antro_dominated,hen,clock_alarm,wind,0.015180426753081098,0.9334290239178562,0.05139054932906258
scene1_antro_dominated_0373.wav,1,antro_dominated,sneezing,pouring_water,crackling_fire,0.03860020922196619,0.7467258140961671,0.21467397668186672
scene1_antro_dominated_0374.wav,1,antro_dominated,cow,train,crackling_fire,0.006854703681833759,0.8461037531487622,0.14704154316940404
scene1_antro_dominated_0375.wav,1,antro_dominated,chirping_birds,clock_tick,crackling_fire,0.04061500427465433,0.9101932527296399,0.04919174299570575
scene1_antro_dominated_0376.wav,1,antro_dominated,rooster,footsteps,sea_waves,0.052273095734305317,0.9475603743881614,0.00016652987753307393
scene1_antro_dominated_0377.wav,1,antro_dominated,crying_baby,footsteps,crackling_fire,0.009165727444686031,0.9495747673399784,0.04125950521533578
scene1_antro_dominated_0378.wav,1,antro_dominated,dog,clock_tick,sea_waves,0.017720011625125952,0.7973014416834976,0.18497854669137653
scene1_antro_dominated_0379.wav,1,antro_dominated,hen,engine,wind,0.0846873202763403,0.9144025355078906,0.0009101442157691377
scene1_antro_dominated_0380.wav,1,antro_dominated,sheep,hand_saw,water_drops,0.045451522387624295,0.7467352624404348,0.20781321517194096
scene1_antro_dominated_0381.wav,1,antro_dominated,dog,door_wood_knock,sea_waves,0.0990450049852941,0.8474342910543403,0.053520703960365415
scene1_antro_dominated_0382.wav,1,antro_dominated,sneezing,brushing_teeth,wind,0.08022690596733324,0.7686022372891105,0.15117085674355618
scene1_antro_dominated_0383.wav,1,antro_dominated,crow,clock_alarm,crackling_fire,0.002418908282833604,0.7817358244124952,0.2158452673046711
scene1_antro_dominated_0384.wav,1,antro_dominated,clapping,washing_machine,rain,0.1120531005655155,0.7193954575423864,0.16855144189209811
scene1_antro_dominated_0385.wav,1,antro_dominated,crow,airplane,thunderstorm,0.10016300119970539,0.8257330810659478,0.07410391773434678
scene1_antro_dominated_0386.wav,1,antro_dominated,cat,pouring_water,rain,0.04804251410187743,0.9494516791076836,0.0025058067904388907
scene1_antro_dominated_0387.wav,1,antro_dominated,chirping_birds,airplane,water_drops,0.06098919536339664,0.8956566742852948,0.04335413035130857
scene1_antro_dominated_0388.wav,1,antro_dominated,dog,hand_saw,rain,0.26709133193104495,0.5515914548672023,0.18131721320175284
scene1_antro_dominated_0389.wav,1,antro_dominated,cow,brushing_teeth,rain,0.1971238439007534,0.6240709232542115,0.17880523284503513
scene1_antro_dominated_0390.wav,1,antro_dominated,breathing,keyboard_typing,sea_waves,0.07550407205180946,0.886696952302978,0.03779897564521253
scene1_antro_dominated_0391.wav,1,antro_dominated,sheep,washing_machine,wind,0.11082758379380184,0.8680166351985023,0.021155781007695836
scene1_antro_dominated_0392.wav,1,antro_dominated,clapping,can_opening,thunderstorm,0.06706925680254244,0.8229705922591997,0.10996015093825781
scene1_antro_dominated_0393.wav,1,antro_dominated,laughing,pouring_water,rain,0.048020477303664134,0.878839779463956,0.07313974323237998
scene1_antro_dominated_0394.wav,1,antro_dominated,breathing,keyboard_typing,crackling_fire,0.033554515461164176,0.9562554335053902,0.010190051033445696
scene1_antro_dominated_0395.wav,1,antro_dominated,breathing,vacuum_cleaner,rain,0.014691123816947291,0.9171559476161677,0.06815292856688505
scene1_antro_dominated_0396.wav,1,antro_dominated,sneezing,pouring_water,wind,0.08453745051632235,0.9047452591724768,0.010717290311200946
scene1_antro_dominated_0397.wav,1,antro_dominated,insects,helicopter,thunderstorm,0.10625607618297878,0.8599035310242032,0.03384039279281808
scene1_antro_dominated_0398.wav,1,antro_dominated,sneezing,drinking_sipping,wind,0.08267630027138152,0.8625044441599883,0.0548192555686302
scene1_antro_dominated_0399.wav,1,antro_dominated,frog,fireworks,crackling_fire,0.0775957357249322,0.5250851416695375,0.39731912260553043
scene1_antro_dominated_0400.wav,1,antro_dominated,laughing,clock_tick,sea_waves,0.11705425621050079,0.6589237109786538,0.22402203281084537
scene1_antro_dominated_0401.wav,1,antro_dominated,frog,washing_machine,thunderstorm,0.10033483054443647,0.8897206534812555,0.009944515974308146
scene1_antro_dominated_0402.wav,1,antro_dominated,sneezing,mouse_click,wind,0.16237257921308884,0.8130773224925155,0.024550098294395643
scene1_antro_dominated_0403.wav,1,antro_dominated,laughing,helicopter,rain,0.009045322204962607,0.8634670772807161,0.12748760051432126
scene1_antro_dominated_0404.wav,1,antro_dominated,hen,church_bells,thunderstorm,0.06158374818510632,0.9235786756027056,0.014837576212188197
scene1_antro_dominated_0405.wav,1,antro_dominated,insects,fireworks,water_drops,0.06223292738832455,0.935923099262122,0.001843973349553447
scene1_antro_dominated_0406.wav,1,antro_dominated,laughing,can_opening,wind,0.0032243564913362983,0.9841563655111171,0.012619277997546785
scene1_antro_dominated_0407.wav,1,antro_dominated,crow,airplane,water_drops,0.06578415931773117,0.7638828258087118,0.170333014873557
scene1_antro_dominated_0408.wav,1,antro_dominated,dog,chainsaw,wind,0.11655058126078358,0.8686796355754542,0.014769783163762318
scene1_antro_dominated_0409.wav,1,antro_dominated,crickets,glass_breaking,rain,0.27025959276506717,0.6686831767710959,0.06105723046383694
scene1_antro_dominated_0410.wav,1,antro_dominated,dog,airplane,rain,0.022961446241115326,0.9038171674153994,0.07322138634348509
scene1_antro_dominated_0411.wav,1,antro_dominated,crow,engine,sea_waves,0.18793623446730834,0.6495642374573048,0.1624995280753868
scene1_antro_dominated_0412.wav,1,antro_dominated,coughing,helicopter,thunderstorm,0.10007281360197447,0.7657731112136515,0.13415407518437397
scene1_antro_dominated_0413.wav,1,antro_dominated,cat,clock_alarm,sea_waves,0.025028837646819357,0.9678719971728006,0.007099165180380274
scene1_antro_dominated_0414.wav,1,antro_dominated,frog,brushing_teeth,thunderstorm,0.012720034545056711,0.9106089263904339,0.07667103906450931
scene1_antro_dominated_0415.wav,1,antro_dominated,pig,siren,wind,0.04490746744646032,0.9359880133421649,0.019104519211374887
scene1_antro_dominated_0416.wav,1,antro_dominated,hen,engine,crackling_fire,0.10430429917890578,0.7853298384412707,0.11036586237982357
scene1_antro_dominated_0417.wav,1,antro_dominated,sheep,drinking_sipping,thunderstorm,0.03836791165674636,0.9539712766287842,0.007660811714469471
scene1_antro_dominated_0418.wav,1,antro_dominated,insects,footsteps,water_drops,0.17480705878247887,0.7612590140703497,0.06393392714717136
scene1_antro_dominated_0419.wav,1,antro_dominated,crow,toilet_flush,rain,0.0350541661077657,0.6493821603984157,0.31556367349381864
scene1_antro_dominated_0420.wav,1,antro_dominated,sheep,toilet_flush,rain,0.20177937308817956,0.7555060906799604,0.04271453623185994
scene1_antro_dominated_0421.wav,1,antro_dominated,crickets,vacuum_cleaner,wind,0.0249762712890599,0.8736896888405032,0.10133403987043683
scene1_antro_dominated_0422.wav,1,antro_dominated,pig,helicopter,thunderstorm,0.140469521302148,0.754476809115958,0.10505366958189404
scene1_antro_dominated_0423.wav,1,antro_dominated,chirping_birds,siren,rain,0.06686265282999869,0.6710364854221166,0.2621008617478847
scene1_antro_dominated_0424.wav,1,antro_dominated,coughing,siren,sea_waves,0.24675078001876,0.7466059783751399,0.006643241606100138
scene1_antro_dominated_0425.wav,1,antro_dominated,sneezing,door_wood_knock,thunderstorm,0.029943773086650798,0.9564406759774026,0.013615550935946696
scene1_antro_dominated_0426.wav,1,antro_dominated,sheep,fireworks,rain,0.2900254626866146,0.7097947749655559,0.00017976234782958892
scene1_antro_dominated_0427.wav,1,antro_dominated,sheep,church_bells,crackling_fire,0.02504161985391913,0.7583590550868309,0.21659932505925
scene1_antro_dominated_0428.wav,1,antro_dominated,sheep,glass_breaking,rain,0.0853244771640986,0.5320041351444973,0.38267138769140396
scene1_antro_dominated_0429.wav,1,antro_dominated,hen,glass_breaking,sea_waves,0.032785444654804215,0.8862367912367866,0.08097776410840916
scene1_antro_dominated_0430.wav,1,antro_dominated,crying_baby,footsteps,crackling_fire,0.054759166421997144,0.8968836628175533,0.04835717076044966
scene1_antro_dominated_0431.wav,1,antro_dominated,pig,can_opening,sea_waves,0.09685227901706886,0.8937531442090629,0.00939457677386823
scene1_antro_dominated_0432.wav,1,antro_dominated,laughing,clock_alarm,water_drops,0.12444225363479136,0.8396553952618304,0.03590235110337812
scene1_antro_dominated_0433.wav,1,antro_dominated,crying_baby,door_wood_knock,wind,0.030755163705279486,0.8001518181172327,0.16909301817748787
scene1_antro_dominated_0434.wav,1,antro_dominated,coughing,toilet_flush,water_drops,0.08443800521471886,0.6871488778799855,0.2284131169052957
scene1_antro_dominated_0435.wav,1,antro_dominated,coughing,washing_machine,water_drops,0.058220063239746975,0.8600317371868398,0.08174819957341312
scene1_antro_dominated_0436.wav,1,antro_dominated,rooster,fireworks,sea_waves,0.3743069701327909,0.597938038384501,0.027754991482708262
scene1_antro_dominated_0437.wav,1,antro_dominated,crickets,mouse_click,wind,0.06537877055429914,0.8644834739411902,0.07013775550451075
scene1_antro_dominated_0438.wav,1,antro_dominated,sheep,hand_saw,sea_waves,0.021074637258442875,0.903708853444594,0.07521650929696337
scene1_antro_dominated_0439.wav,1,antro_dominated,laughing,car_horn,thunderstorm,0.24300517598172028,0.640956063084263,0.1160387609340167
scene1_antro_dominated_0440.wav,1,antro_dominated,coughing,siren,water_drops,0.02390861792905707,0.7141916542295604,0.2618997278413823
scene1_antro_dominated_0441.wav,1,antro_dominated,hen,car_horn,rain,0.059231997485050585,0.834798151490751,0.1059698510241985
scene1_antro_dominated_0442.wav,1,antro_dominated,cow,pouring_water,water_drops,0.02111824103564391,0.9060582235707877,0.07282353539356831
scene1_antro_dominated_0443.wav,1,antro_dominated,clapping,vacuum_cleaner,sea_waves,0.014146743401525283,0.8480247637907763,0.13782849280769835
scene1_antro_dominated_0444.wav,1,antro_dominated,coughing,toilet_flush,thunderstorm,0.09120444103498056,0.9009874362750293,0.007808122689990218
scene1_antro_dominated_0445.wav,1,antro_dominated,sheep,clock_alarm,water_drops,0.09103729929438079,0.8625354721301065,0.04642722857551267
scene1_antro_dominated_0446.wav,1,antro_dominated,chirping_birds,engine,crackling_fire,0.019000863052153497,0.9565048863588272,0.024494250589019263
scene1_antro_dominated_0447.wav,1,antro_dominated,insects,fireworks,rain,0.022866594515136073,0.7528007870635003,0.22433261842136346
scene1_antro_dominated_0448.wav,1,antro_dominated,breathing,car_horn,sea_waves,0.18871368857627302,0.5615921434861774,0.24969416793754962
scene1_antro_dominated_0449.wav,1,antro_dominated,insects,helicopter,thunderstorm,0.016671357799805168,0.8503715349926613,0.13295710720753354
scene1_antro_dominated_0450.wav,1,antro_dominated,chirping_birds,siren,thunderstorm,0.08323811503136312,0.7892779488442123,0.12748393612442455
scene1_antro_dominated_0451.wav,1,antro_dominated,crickets,glass_breaking,thunderstorm,0.17976304570683235,0.7745168211256636,0.04572013316750404
scene1_antro_dominated_0452.wav,1,antro_dominated,sheep,car_horn,sea_waves,0.08333028311125155,0.9161775235212866,0.0004921933674618786
scene1_antro_dominated_0453.wav,1,antro_dominated,sheep,train,wind,0.011873216404340473,0.8255628618533801,0.1625639217422793
scene1_antro_dominated_0454.wav,1,antro_dominated,cow,door_wood_creaks,rain,0.14797358488887252,0.7854992023725536,0.066527212738574
scene1_antro_dominated_0455.wav,1,antro_dominated,insects,washing_machine,thunderstorm,0.2232366601219704,0.7463223365649949,0.030441003313034783
scene1_antro_dominated_0456.wav,1,antro_dominated,breathing,drinking_sipping,water_drops,0.08988002687289263,0.7889939520993814,0.1211260210277261
scene1_antro_dominated_0457.wav,1,antro_dominated,coughing,hand_saw,crackling_fire,0.0700197044927935,0.8992500123741134,0.030730283133093117
scene1_antro_dominated_0458.wav,1,antro_dominated,frog,chainsaw,water_drops,0.14187960243954303,0.5865347158388612,0.2715856817215957
scene1_antro_dominated_0459.wav,1,antro_dominated,pig,church_bells,water_drops,0.07601443618294684,0.9093586621425364,0.014626901674516697
scene1_antro_dominated_0460.wav,1,antro_dominated,crickets,clock_tick,wind,0.07660044499895954,0.5967462971062155,0.326653257894825
scene1_antro_dominated_0461.wav,1,antro_dominated,breathing,pouring_water,rain,0.018442916743770826,0.974763113274327,0.006793969981902361
scene1_antro_dominated_0462.wav,1,antro_dominated,hen,drinking_sipping,crackling_fire,0.0653755247526663,0.7636734454693817,0.17095102977795198
scene1_antro_dominated_0463.wav,1,antro_dominated,laughing,clock_alarm,wind,0.0066293559715454205,0.9223742197762087,0.07099642425224592
scene1_antro_dominated_0464.wav,1,antro_dominated,rooster,glass_breaking,sea_waves,0.16104967712662202,0.8111362579176489,0.027814064955729096
scene1_antro_dominated_0465.wav,1,antro_dominated,hen,airplane,crackling_fire,0.03891531047220307,0.733604394233544,0.227480295294253
scene1_antro_dominated_0466.wav,1,antro_dominated,cow,door_wood_creaks,sea_waves,0.021861106102267394,0.7654100137807888,0.21272888011694374
scene1_antro_dominated_0467.wav,1,antro_dominated,cat,pouring_water,rain,0.0646427977388728,0.7769103628583904,0.15844683940273693
scene1_antro_dominated_0468.wav,1,antro_dominated,crickets,clock_alarm,crackling_fire,0.11562403270775129,0.7834285081246272,0.1009474591676215
scene1_antro_dominated_0469.wav,1,antro_dominated,cat,mouse_click,thunderstorm,0.05788474814575451,0.8686443438891956,0.07347090796504983
scene1_antro_dominated_0470.wav,1,antro_dominated,crow,airplane,crackling_fire,0.19507218666748802,0.7238973629707874,0.0810304503617247
scene1_antro_dominated_0471.wav,1,antro_dominated,crickets,vacuum_cleaner,wind,0.021871579498044722,0.8701447629410635,0.10798365756089184
scene1_antro_dominated_0472.wav,1,antro_dominated,crickets,helicopter,water_drops,0.0002630891956402526,0.9176871522105409,0.08204975859381877
scene1_antro_dominated_0473.wav,1,antro_dominated,sheep,door_wood_creaks,water_drops,0.013387217190348188,0.9261286193561303,0.06048416345352159
scene1_antro_dominated_0474.wav,1,antro_dominated,breathing,keyboard_typing,sea_waves,0.007297305982673426,0.9618571603328842,0.030845533684442417
scene1_antro_dominated_0475.wav,1,antro_dominated,insects,fireworks,sea_waves,0.05215496051132863,0.9439561200349736,0.0038889194536975633
scene1_antro_dominated_0476.wav,1,antro_dominated,coughing,engine,sea_waves,0.07785017064295607,0.7837328814937401,0.13841694786330386
scene1_antro_dominated_0477.wav,1,antro_dominated,hen,can_opening,crackling_fire,0.10778386665208271,0.8323044173329172,0.059911716015000185
scene1_antro_dominated_0478.wav,1,antro_dominated,crow,toilet_flush,thunderstorm,0.12396736573285239,0.8004955703778623,0.07553706388928537
scene1_antro_dominated_0479.wav,1,antro_dominated,cat,door_wood_creaks,crackling_fire,0.11105029752813973,0.8740819064206269,0.014867796051233425
scene1_antro_dominated_0480.wav,1,antro_dominated,insects,church_bells,rain,0.11037470231904431,0.7330280737396478,0.15659722394130782
scene1_antro_dominated_0481.wav,1,antro_dominated,sheep,washing_machine,wind,0.028524742328863067,0.9345903190607867,0.03688493861035019
scene1_antro_dominated_0482.wav,1,antro_dominated,rooster,fireworks,crackling_fire,0.02662177757148692,0.8478366959161521,0.125541526512361
scene1_antro_dominated_0483.wav,1,antro_dominated,crickets,car_horn,thunderstorm,0.023802471965607887,0.946427147051045,0.029770380983347087
scene1_antro_dominated_0484.wav,1,antro_dominated,laughing,door_wood_creaks,wind,0.09299730717915715,0.8755828524986131,0.03141984032222965
scene1_antro_dominated_0485.wav,1,antro_dominated,pig,keyboard_typing,rain,0.061418728167402036,0.8590598584000476,0.07952141343255045
scene1_antro_dominated_0486.wav,1,antro_dominated,crow,brushing_teeth,thunderstorm,0.020016329974104928,0.889040537011056,0.0909431330148391
scene1_antro_dominated_0487.wav,1,antro_dominated,cat,engine,water_drops,0.012768884158978587,0.9642211172593748,0.02300999858164661
scene1_antro_dominated_0488.wav,1,antro_dominated,cow,mouse_click,thunderstorm,0.012718186910271448,0.8121916733676372,0.17509013972209134
scene1_antro_dominated_0489.wav,1,antro_dominated,insects,washing_machine,wind,0.0020007130905486765,0.9375904826171347,0.060408804292316515
scene1_antro_dominated_0490.wav,1,antro_dominated,breathing,can_opening,wind,0.10533105480845234,0.8798447190360399,0.014824226155507684
scene1_antro_dominated_0491.wav,1,antro_dominated,laughing,train,water_drops,0.19802647014662977,0.7235859229217017,0.07838760693166852
scene1_antro_dominated_0492.wav,1,antro_dominated,insects,door_wood_creaks,wind,0.021517324959309313,0.8862979456854461,0.09218472935524455
scene1_antro_dominated_0493.wav,1,antro_dominated,coughing,footsteps,crackling_fire,0.06919993021844874,0.8692129130967751,0.06158715668477633
scene1_antro_dominated_0494.wav,1,antro_dominated,pig,mouse_click,water_drops,0.057763588338206606,0.8866362788288642,0.05560013283292912
scene1_antro_dominated_0495.wav,1,antro_dominated,coughing,glass_breaking,thunderstorm,0.12802985335413264,0.8182098091531992,0.05376033749266818
scene1_antro_dominated_0496.wav,1,antro_dominated,insects,keyboard_typing,sea_waves,0.014940420078632085,0.5997448949594477,0.38531468496192023
scene1_antro_dominated_0497.wav,1,antro_dominated,coughing,chainsaw,sea_waves,0.08210301621362326,0.9157507853910037,0.0021461983953729976
scene1_antro_dominated_0498.wav,1,antro_dominated,laughing,washing_machine,crackling_fire,0.04767171494102569,0.8509357317208808,0.10139255333809351
scene1_antro_dominated_0499.wav,1,antro_dominated,clapping,airplane,rain,0.005942120640406147,0.9880643929110582,0.0059934864485355266
scene1_antro_dominated_0500.wav,1,antro_dominated,cat,mouse_click,wind,0.07027597035287524,0.8555652165874008,0.074158813059724
scene1_antro_dominated_0501.wav,1,antro_dominated,rooster,clock_alarm,crackling_fire,0.1861128654360212,0.7231334659586555,0.09075366860532336
scene1_antro_dominated_0502.wav,1,antro_dominated,cow,airplane,water_drops,0.0102913070982767,0.89385048774647,0.09585820515525328
scene1_antro_dominated_0503.wav,1,antro_dominated,sneezing,keyboard_typing,sea_waves,0.006973792358709701,0.7865236215611101,0.20650258608018032
scene1_antro_dominated_0504.wav,1,antro_dominated,insects,siren,crackling_fire,0.12837403192256502,0.827041245374792,0.044584722702643236
scene1_antro_dominated_0505.wav,1,antro_dominated,crow,clock_alarm,thunderstorm,0.006168013472613392,0.8733849881835165,0.12044699834387002
scene1_antro_dominated_0506.wav,1,antro_dominated,cat,fireworks,water_drops,0.016277526208973346,0.9455164884135412,0.03820598537748534
scene1_antro_dominated_0507.wav,1,antro_dominated,frog,toilet_flush,sea_waves,0.26766074177590593,0.6803851589283921,0.0519540992957018
scene1_antro_dominated_0508.wav,1,antro_dominated,rooster,hand_saw,water_drops,0.20242548876237962,0.7769621677226911,0.02061234351492936
scene1_antro_dominated_0509.wav,1,antro_dominated,pig,airplane,thunderstorm,0.09212246236093144,0.8492854324946285,0.058592105144439945
scene1_antro_dominated_0510.wav,1,antro_dominated,coughing,hand_saw,thunderstorm,0.23602199777773564,0.7500004107414894,0.0139775914807749
scene1_antro_dominated_0511.wav,1,antro_dominated,pig,door_wood_creaks,thunderstorm,0.05073201361345223,0.8704946681717973,0.07877331821475055
scene1_antro_dominated_0512.wav,1,antro_dominated,coughing,clock_alarm,water_drops,0.0944751882080799,0.848543061151466,0.05698175064045403
scene1_antro_dominated_0513.wav,1,antro_dominated,snoring,chainsaw,sea_waves,0.0924780099029127,0.7692942422763043,0.1382277478207831
scene1_antro_dominated_0514.wav,1,antro_dominated,breathing,can_opening,wind,0.03416562384412372,0.7444087778123814,0.22142559834349498
scene1_antro_dominated_0515.wav,1,antro_dominated,sheep,brushing_teeth,rain,0.01811884748767751,0.7630808094784345,0.218800343033888
scene1_antro_dominated_0516.wav,1,antro_dominated,laughing,can_opening,thunderstorm,0.04613505614988911,0.8218410688873736,0.13202387496273715
scene1_antro_dominated_0517.wav,1,antro_dominated,laughing,siren,sea_waves,0.19319598429404658,0.7676721636842213,0.0391318520217322
scene1_antro_dominated_0518.wav,1,antro_dominated,laughing,keyboard_typing,rain,0.07329158258166737,0.8365971906665709,0.09011122675176175
scene1_antro_dominated_0519.wav,1,antro_dominated,clapping,siren,thunderstorm,0.16208572696456558,0.6987002227520084,0.13921405028342598
scene1_antro_dominated_0520.wav,1,antro_dominated,cat,pouring_water,crackling_fire,0.020801716581917186,0.923539605344715,0.05565867807336772
scene1_antro_dominated_0521.wav,1,antro_dominated,laughing,clock_tick,water_drops,0.013944326084657387,0.889587843266845,0.0964678306484976
scene1_antro_dominated_0522.wav,1,antro_dominated,cow,airplane,thunderstorm,0.05242826105051943,0.7814417407240367,0.16612999822544364
scene1_antro_dominated_0523.wav,1,antro_dominated,snoring,helicopter,rain,0.011821143444587743,0.9340469538865901,0.0541319026688221
scene1_antro_dominated_0524.wav,1,antro_dominated,crow,siren,rain,0.15582717878949057,0.7963423141588952,0.04783050705161412
scene1_antro_dominated_0525.wav,1,antro_dominated,chirping_birds,clock_alarm,sea_waves,0.022809557205770326,0.9691103299933526,0.008080112800877276
scene1_antro_dominated_0526.wav,1,antro_dominated,snoring,siren,thunderstorm,0.01835661688925617,0.9435148580375982,0.03812852507314579
scene1_antro_dominated_0527.wav,1,antro_dominated,crickets,door_wood_knock,thunderstorm,0.30785134147281656,0.6783539428696124,0.01379471565757124
scene1_antro_dominated_0528.wav,1,antro_dominated,rooster,engine,thunderstorm,0.0018321779601758069,0.9483542747160465,0.04981354732377751
scene1_antro_dominated_0529.wav,1,antro_dominated,sneezing,fireworks,sea_waves,0.15701780218995792,0.8136947972383937,0.029287400571648487
scene1_antro_dominated_0530.wav,1,antro_dominated,sneezing,toilet_flush,water_drops,0.0056129060269765945,0.8523503366038182,0.14203675736920518
scene1_antro_dominated_0531.wav,1,antro_dominated,hen,chainsaw,wind,0.23094737616765687,0.7056846871558788,0.06336793667646429
scene1_antro_dominated_0532.wav,1,antro_dominated,pig,toilet_flush,sea_waves,0.03267178215469798,0.9135875479655299,0.05374066987977212
scene1_antro_dominated_0533.wav,1,antro_dominated,rooster,pouring_water,sea_waves,0.03174313986984161,0.9600606044285236,0.00819625570163478
scene1_antro_dominated_0534.wav,1,antro_dominated,laughing,footsteps,sea_waves,0.0035017981748295423,0.85446835172079,0.14202985010438046
scene1_antro_dominated_0535.wav,1,antro_dominated,crow,keyboard_typing,water_drops,0.02544736693983528,0.9531485510417581,0.021404082018406576
scene1_antro_dominated_0536.wav,1,antro_dominated,crickets,helicopter,rain,0.018996284661305547,0.9001070563974032,0.08089665894129122
scene1_antro_dominated_0537.wav,1,antro_dominated,crying_baby,door_wood_knock,thunderstorm,0.11189179417710847,0.7394161307738419,0.14869207504904972
scene1_antro_dominated_0538.wav,1,antro_dominated,clapping,pouring_water,thunderstorm,0.019963633432517468,0.88355379888084,0.09648256768664251
scene1_antro_dominated_0539.wav,1,antro_dominated,cat,footsteps,wind,0.021362611711295883,0.9083764897056865,0.07026089858301757
scene1_antro_dominated_0540.wav,1,antro_dominated,crying_baby,helicopter,rain,0.08316981325312872,0.8036461679012714,0.11318401884559987
scene1_antro_dominated_0541.wav,1,antro_dominated,clapping,fireworks,thunderstorm,0.1925109130055623,0.7306289285714173,0.07686015842302037
scene1_antro_dominated_0542.wav,1,antro_dominated,cow,pouring_water,water_drops,0.01775051774735053,0.724273920300871,0.2579755619517784
scene1_antro_dominated_0543.wav,1,antro_dominated,laughing,door_wood_creaks,thunderstorm,0.000826340267157407,0.9574925348773818,0.04168112485546076
scene1_antro_dominated_0544.wav,1,antro_dominated,hen,pouring_water,thunderstorm,0.039522373884229675,0.9160797861655686,0.04439783995020175
scene1_antro_dominated_0545.wav,1,antro_dominated,laughing,keyboard_typing,rain,0.11023416527872407,0.8522310341195393,0.03753480060173672
scene1_antro_dominated_0546.wav,1,antro_dominated,hen,drinking_sipping,crackling_fire,0.08333407850808626,0.8794633952795022,0.03720252621241161
scene1_antro_dominated_0547.wav,1,antro_dominated,crying_baby,washing_machine,thunderstorm,0.19138713146125047,0.7921268977829368,0.01648597075581259
scene1_antro_dominated_0548.wav,1,antro_dominated,cow,siren,water_drops,0.10115961231384962,0.7971132309359423,0.10172715675020814
scene1_antro_dominated_0549.wav,1,antro_dominated,cow,brushing_teeth,sea_waves,0.11616360344191048,0.8695716031806499,0.014264793377439638
scene1_antro_dominated_0550.wav,1,antro_dominated,coughing,mouse_click,wind,0.039671280566242854,0.8650777868854557,0.09525093254830164
scene1_antro_dominated_0551.wav,1,antro_dominated,sneezing,door_wood_creaks,rain,0.10370777715624331,0.8957442792297017,0.000547943614055053
scene1_antro_dominated_0552.wav,1,antro_dominated,clapping,door_wood_creaks,wind,0.07432354251694867,0.9197830021095262,0.005893455373525079
scene1_antro_dominated_0553.wav,1,antro_dominated,laughing,pouring_water,water_drops,0.019035174320461867,0.837186422795621,0.14377840288391722
scene1_antro_dominated_0554.wav,1,antro_dominated,sheep,can_opening,crackling_fire,0.07341256944801987,0.9115012117213909,0.015086218830589184
scene1_antro_dominated_0555.wav,1,antro_dominated,dog,footsteps,thunderstorm,0.03474074420980775,0.9382436937672775,0.027015562022914896
scene1_antro_dominated_0556.wav,1,antro_dominated,hen,mouse_click,rain,0.04740095245423588,0.7402990705368361,0.2122999770089281
scene1_antro_dominated_0557.wav,1,antro_dominated,cat,car_horn,thunderstorm,0.0926396278102672,0.8600130124285735,0.04734735976115931
scene1_antro_dominated_0558.wav,1,antro_dominated,sneezing,glass_breaking,wind,0.023827033009082715,0.8275688405015379,0.14860412648937937
scene1_antro_dominated_0559.wav,1,antro_dominated,sheep,toilet_flush,rain,0.057480478705756934,0.876831839377902,0.0656876819163411
scene1_antro_dominated_0560.wav,1,antro_dominated,chirping_birds,can_opening,wind,0.010369860199054698,0.9805023188741643,0.009127820926780961
scene1_antro_dominated_0561.wav,1,antro_dominated,cow,clock_tick,wind,0.28284836025833465,0.7044693743671049,0.012682265374560488
scene1_antro_dominated_0562.wav,1,antro_dominated,crow,pouring_water,crackling_fire,0.04990083391698436,0.644672251118969,0.3054269149640468
scene1_antro_dominated_0563.wav,1,antro_dominated,sneezing,pouring_water,water_drops,0.15471327830838807,0.7959221119891504,0.04936460970246169
scene1_antro_dominated_0564.wav,1,antro_dominated,laughing,hand_saw,sea_waves,0.18755863423239627,0.7948069299611296,0.017634435806474096
scene1_antro_dominated_0565.wav,1,antro_dominated,frog,mouse_click,thunderstorm,0.01875378207235654,0.9388996053044738,0.04234661262316969
scene1_antro_dominated_0566.wav,1,antro_dominated,crying_baby,hand_saw,thunderstorm,0.036748121070927044,0.9305597389700436,0.032692139959029434
scene1_antro_dominated_0567.wav,1,antro_dominated,sneezing,engine,rain,0.1375252206630793,0.5189347944710164,0.3435399848659042
scene1_antro_dominated_0568.wav,1,antro_dominated,sneezing,hand_saw,wind,0.04690486957963546,0.9319170297295545,0.021178100690810022
scene1_antro_dominated_0569.wav,1,antro_dominated,sheep,vacuum_cleaner,water_drops,0.16595846350380347,0.7831556238885976,0.050885912607599025
scene1_antro_dominated_0570.wav,1,antro_dominated,rooster,car_horn,crackling_fire,0.00019766867638187875,0.9093292106728897,0.0904731206507284
scene1_antro_dominated_0571.wav,1,antro_dominated,frog,siren,water_drops,0.09719288246824902,0.6494709618754696,0.2533361556562814
scene1_antro_dominated_0572.wav,1,antro_dominated,snoring,church_bells,thunderstorm,0.020681252311578288,0.8903234120850405,0.0889953356033811
scene1_antro_dominated_0573.wav,1,antro_dominated,insects,can_opening,water_drops,0.10306279656173435,0.7987201337543904,0.09821706968387536
scene1_antro_dominated_0574.wav,1,antro_dominated,crow,mouse_click,thunderstorm,0.19563486604425762,0.5503401874741783,0.25402494648156404
scene1_antro_dominated_0575.wav,1,antro_dominated,snoring,pouring_water,crackling_fire,0.03628001039529183,0.9280398643051556,0.035680125299552626
scene1_antro_dominated_0576.wav,1,antro_dominated,chirping_birds,washing_machine,sea_waves,0.011866064520913959,0.8862704478517306,0.10186348762735531
scene1_antro_dominated_0577.wav,1,antro_dominated,pig,brushing_teeth,thunderstorm,0.1068040483731982,0.8914332490675395,0.0017627025592622623
scene1_antro_dominated_0578.wav,1,antro_dominated,cat,vacuum_cleaner,thunderstorm,0.06290171694267291,0.7017600221782925,0.23533826087903456
scene1_antro_dominated_0579.wav,1,antro_dominated,frog,fireworks,water_drops,0.062380512729493715,0.9127977120346652,0.024821775235841115
scene1_antro_dominated_0580.wav,1,antro_dominated,pig,church_bells,rain,0.009740123337323657,0.9759423324233863,0.014317544239289966
scene1_antro_dominated_0581.wav,1,antro_dominated,crying_baby,airplane,rain,0.2656471402130825,0.64281960029632,0.09153325949059747
scene1_antro_dominated_0582.wav,1,antro_dominated,chirping_birds,clock_alarm,water_drops,0.06645143459422032,0.9136631029716881,0.019885462434091616
scene1_antro_dominated_0583.wav,1,antro_dominated,laughing,toilet_flush,rain,0.015337026271638288,0.9796324128492513,0.005030560879110425
scene1_antro_dominated_0584.wav,1,antro_dominated,coughing,vacuum_cleaner,wind,0.055662350476113044,0.7312951668858447,0.21304248263804207
scene1_antro_dominated_0585.wav,1,antro_dominated,snoring,car_horn,thunderstorm,0.1426130792280733,0.6834385884685465,0.17394833230338022
scene1_antro_dominated_0586.wav,1,antro_dominated,snoring,airplane,thunderstorm,0.13480946643358527,0.7408400123709101,0.12435052119550445
scene1_antro_dominated_0587.wav,1,antro_dominated,hen,clock_alarm,rain,0.015401806750201493,0.914599374409647,0.06999881884015151
scene1_antro_dominated_0588.wav,1,antro_dominated,rooster,mouse_click,thunderstorm,0.2688001454242284,0.727068512687253,0.004131341888518491
scene1_antro_dominated_0589.wav,1,antro_dominated,pig,car_horn,sea_waves,0.07661529908587396,0.6708544266814475,0.25253027423267854
scene1_antro_dominated_0590.wav,1,antro_dominated,laughing,can_opening,thunderstorm,0.02669197912214692,0.9713069047669802,0.0020011161108729053
scene1_antro_dominated_0591.wav,1,antro_dominated,hen,door_wood_creaks,sea_waves,0.026822913591648647,0.8942679838496896,0.07890910255866172
scene1_antro_dominated_0592.wav,1,antro_dominated,crow,washing_machine,rain,0.13787080327092135,0.7827581077173743,0.07937108901170437
scene1_antro_dominated_0593.wav,1,antro_dominated,breathing,washing_machine,water_drops,0.053894979244530794,0.9240549381507741,0.022050082604695154
scene1_antro_dominated_0594.wav,1,antro_dominated,snoring,footsteps,sea_waves,0.11914446610523435,0.5498501238467524,0.33100541004801315
scene1_antro_dominated_0595.wav,1,antro_dominated,cat,washing_machine,crackling_fire,0.03541923622974729,0.8213480994081066,0.14323266436214616
scene1_antro_dominated_0596.wav,1,antro_dominated,crying_baby,footsteps,wind,0.27400672944925564,0.6443207778684275,0.08167249268231686
scene1_antro_dominated_0597.wav,1,antro_dominated,sheep,glass_breaking,sea_waves,0.05936008766989222,0.8119901469435995,0.12864976538650835
scene1_antro_dominated_0598.wav,1,antro_dominated,crow,pouring_water,crackling_fire,0.005559683149867452,0.8831657254388782,0.11127459141125441
scene1_antro_dominated_0599.wav,1,antro_dominated,frog,clock_alarm,thunderstorm,0.0018303925649193874,0.7996072640878286,0.19856234334725195
scene1_antro_dominated_0600.wav,1,antro_dominated,cat,door_wood_creaks,rain,0.3619795037468501,0.5212559725408629,0.11676452371228717
scene1_antro_dominated_0601.wav,1,antro_dominated,clapping,toilet_flush,thunderstorm,0.16255839224107516,0.7632623444301716,0.0741792633287532
scene1_antro_dominated_0602.wav,1,antro_dominated,hen,pouring_water,rain,0.06610929700099284,0.9238608303455081,0.01002987265349912
scene1_antro_dominated_0603.wav,1,antro_dominated,insects,brushing_teeth,crackling_fire,0.041449654539597425,0.8274894450897001,0.1310609003707023
scene1_antro_dominated_0604.wav,1,antro_dominated,rooster,mouse_click,rain,0.08988972671263623,0.8877403532784797,0.022369920008883937
scene1_antro_dominated_0605.wav,1,antro_dominated,dog,siren,water_drops,0.011009335209005388,0.7314903721364077,0.2575002926545871
scene1_antro_dominated_0606.wav,1,antro_dominated,dog,helicopter,rain,0.012590690819833111,0.9036281283338139,0.08378118084635304
scene1_antro_dominated_0607.wav,1,antro_dominated,rooster,clock_tick,sea_waves,0.041214883875854307,0.9207430083382798,0.03804210778586584
scene1_antro_dominated_0608.wav,1,antro_dominated,dog,fireworks,wind,0.11378188377211074,0.8717050217712801,0.014513094456609178
scene1_antro_dominated_0609.wav,1,antro_dominated,sheep,chainsaw,sea_waves,0.002515759067365547,0.852854692075989,0.14462954885664547
scene1_antro_dominated_0610.wav,1,antro_dominated,insects,footsteps,sea_waves,0.03122285706530782,0.9481362572217089,0.02064088571298326
scene1_antro_dominated_0611.wav,1,antro_dominated,sheep,hand_saw,sea_waves,0.05694274399236921,0.8973328033070422,0.04572445270058865
scene1_antro_dominated_0612.wav,1,antro_dominated,chirping_birds,car_horn,crackling_fire,0.029592162503135695,0.8963330137975495,0.07407482369931484
scene1_antro_dominated_0613.wav,1,antro_dominated,crow,chainsaw,sea_waves,0.07081648312177566,0.7964634004296348,0.1327201164485895
scene1_antro_dominated_0614.wav,1,antro_dominated,crying_baby,clock_alarm,water_drops,0.05501226344096476,0.6975837211531276,0.24740401540590765
scene1_antro_dominated_0615.wav,1,antro_dominated,frog,clock_alarm,water_drops,0.01655066123796447,0.9598061387531758,0.023643200008859742
scene1_antro_dominated_0616.wav,1,antro_dominated,cat,siren,sea_waves,0.09439119293752234,0.7524350513550875,0.1531737557073901
scene1_antro_dominated_0617.wav,1,antro_dominated,cow,helicopter,water_drops,0.01779230045375958,0.953552143397266,0.028655556148974394
scene1_antro_dominated_0618.wav,1,antro_dominated,frog,mouse_click,rain,0.08083497714158533,0.6209232879672236,0.29824173489119105
scene1_antro_dominated_0619.wav,1,antro_dominated,breathing,brushing_teeth,rain,0.07500191833344212,0.6704889612665467,0.25450912040001117
scene1_antro_dominated_0620.wav,1,antro_dominated,sneezing,toilet_flush,rain,0.022343787688991354,0.9431339622647854,0.03452225004622325
scene1_antro_dominated_0621.wav,1,antro_dominated,cat,siren,thunderstorm,0.005168252507030659,0.7484322880586232,0.24639945943434616
scene1_antro_dominated_0622.wav,1,antro_dominated,dog,car_horn,thunderstorm,0.11940254405530305,0.8655042885004057,0.015093167444291207
scene1_antro_dominated_0623.wav,1,antro_dominated,laughing,clock_tick,crackling_fire,0.15595576610100997,0.7822533949919616,0.06179083890702838
scene1_antro_dominated_0624.wav,1,antro_dominated,crickets,airplane,thunderstorm,0.052122953896406726,0.9449928517055689,0.0028841943980245717
scene1_antro_dominated_0625.wav,1,antro_dominated,chirping_birds,helicopter,rain,0.03175329680232224,0.9261451458109273,0.04210155738675039
scene1_antro_dominated_0626.wav,1,antro_dominated,crying_baby,drinking_sipping,rain,0.012702662902113238,0.9165695090365529,0.07072782806133393
scene1_antro_dominated_0627.wav,1,antro_dominated,snoring,footsteps,sea_waves,0.013908506676953371,0.9563005280093075,0.029790965313739145
scene1_antro_dominated_0628.wav,1,antro_dominated,crickets,door_wood_creaks,sea_waves,0.05936163855169905,0.8724240110300219,0.068214350418279
scene1_antro_dominated_0629.wav,1,antro_dominated,clapping,brushing_teeth,thunderstorm,0.13898105014769563,0.8183411807739023,0.04267776907840201
scene1_antro_dominated_0630.wav,1,antro_dominated,laughing,glass_breaking,water_drops,0.07029153067481904,0.8243256181780929,0.10538285114708819
scene1_antro_dominated_0631.wav,1,antro_dominated,clapping,fireworks,crackling_fire,0.09647341415924927,0.8562768934193772,0.04724969242137341
scene1_antro_dominated_0632.wav,1,antro_dominated,crow,engine,thunderstorm,0.21280375800300294,0.7757783815686963,0.011417860428300702
scene1_antro_dominated_0633.wav,1,antro_dominated,dog,can_opening,rain,0.016553748177545517,0.9750110309551044,0.008435220867349958
scene1_antro_dominated_0634.wav,1,antro_dominated,breathing,can_opening,water_drops,0.031173281073225714,0.8255219622863671,0.14330475664040718
scene1_antro_dominated_0635.wav,1,antro_dominated,sheep,footsteps,water_drops,0.17150790750052364,0.7027800570491206,0.1257120354503558
scene1_antro_dominated_0636.wav,1,antro_dominated,laughing,clock_alarm,thunderstorm,0.014197030551706472,0.9620986253199866,0.023704344128306822
scene1_antro_dominated_0637.wav,1,antro_dominated,hen,chainsaw,crackling_fire,0.04375014820241749,0.8426155878815405,0.11363426391604206
scene1_antro_dominated_0638.wav,1,antro_dominated,laughing,brushing_teeth,crackling_fire,0.01962780665652534,0.9798614424267352,0.0005107509167394047
scene1_antro_dominated_0639.wav,1,antro_dominated,crow,pouring_water,rain,0.047021480495030334,0.8546769010400976,0.09830161846487205
scene1_antro_dominated_0640.wav,1,antro_dominated,dog,footsteps,sea_waves,0.026655689134493996,0.6698282112250371,0.30351609964046883
scene1_antro_dominated_0641.wav,1,antro_dominated,snoring,car_horn,sea_waves,0.16770612444212837,0.6245697610252668,0.20772411453260498
scene1_antro_dominated_0642.wav,1,antro_dominated,coughing,airplane,water_drops,0.10122772227187453,0.8882313093358759,0.0105409683922495
scene1_antro_dominated_0643.wav,1,antro_dominated,insects,drinking_sipping,thunderstorm,0.03175938779300763,0.9626067798547224,0.005633832352269935
scene1_antro_dominated_0644.wav,1,antro_dominated,snoring,airplane,thunderstorm,0.04505555252329668,0.9133132258946238,0.04163122158207952
scene1_antro_dominated_0645.wav,1,antro_dominated,insects,can_opening,wind,0.03562820058946785,0.8645240405534904,0.09984775885704178
scene1_antro_dominated_0646.wav,1,antro_dominated,chirping_birds,brushing_teeth,thunderstorm,0.07102363760932003,0.9243511876869399,0.0046251747037402285
scene1_antro_dominated_0647.wav,1,antro_dominated,snoring,drinking_sipping,wind,0.06631018474574976,0.9217691804125723,0.011920634841678001
scene1_antro_dominated_0648.wav,1,antro_dominated,crying_baby,church_bells,crackling_fire,0.028475839048881763,0.9621415543327677,0.009382606618350485
scene1_antro_dominated_0649.wav,1,antro_dominated,sheep,siren,sea_waves,0.41520839108197577,0.5127525112223651,0.07203909769565925
scene1_antro_dominated_0650.wav,1,antro_dominated,coughing,glass_breaking,rain,0.02246339140096014,0.9616771749640515,0.015859433634988523
scene1_antro_dominated_0651.wav,1,antro_dominated,cow,drinking_sipping,thunderstorm,0.012292995747881603,0.7210452441075254,0.2666617601445929
scene1_antro_dominated_0652.wav,1,antro_dominated,laughing,can_opening,crackling_fire,0.008813654929553348,0.9625275741185151,0.028658770951931496
scene1_antro_dominated_0653.wav,1,antro_dominated,crickets,car_horn,sea_waves,0.0011693568771054127,0.9549675144566561,0.04386312866623846
scene1_antro_dominated_0654.wav,1,antro_dominated,pig,clock_tick,wind,0.09085049065293076,0.6847076115145602,0.2244418978325089
scene1_antro_dominated_0655.wav,1,antro_dominated,coughing,glass_breaking,rain,0.01955685432663509,0.9039570501031867,0.0764860955701783
scene1_antro_dominated_0656.wav,1,antro_dominated,crying_baby,toilet_flush,sea_waves,0.05470433817892203,0.8634972052022318,0.08179845661884608
scene1_antro_dominated_0657.wav,1,antro_dominated,laughing,fireworks,wind,0.0023192937392896786,0.947147928000945,0.050532778259765244
scene1_antro_dominated_0658.wav,1,antro_dominated,insects,door_wood_knock,sea_waves,0.06809747166286721,0.811262414350624,0.12064011398650884
scene1_antro_dominated_0659.wav,1,antro_dominated,pig,footsteps,water_drops,0.044462348381678535,0.8562463815834942,0.09929127003482717
scene1_antro_dominated_0660.wav,1,antro_dominated,breathing,glass_breaking,thunderstorm,0.02937740856417832,0.851223585165151,0.11939900627067083
scene1_antro_dominated_0661.wav,1,antro_dominated,crying_baby,clock_alarm,crackling_fire,0.022239327643230247,0.8874482528924109,0.09031241946435888
scene1_antro_dominated_0662.wav,1,antro_dominated,snoring,siren,water_drops,0.04609857521064888,0.9227601274466914,0.031141297342659635
scene1_antro_dominated_0663.wav,1,antro_dominated,insects,train,wind,0.20356823914017286,0.693821965743975,0.10260979511585223
scene1_antro_dominated_0664.wav,1,antro_dominated,frog,glass_breaking,water_drops,0.024937446395038948,0.8951638832848093,0.07989867032015176
scene1_antro_dominated_0665.wav,1,antro_dominated,crow,hand_saw,water_drops,0.12525560772970348,0.814777725759925,0.059966666510371545
scene1_antro_dominated_0666.wav,1,antro_dominated,chirping_birds,clock_alarm,rain,0.05796571147627397,0.8216989300595852,0.12033535846414095
scene1_antro_dominated_0667.wav,1,antro_dominated,sheep,engine,wind,0.0645023420977852,0.9225469590433645,0.012950698858850276
scene1_antro_dominated_0668.wav,1,antro_dominated,crying_baby,helicopter,thunderstorm,0.08531979721127964,0.9013507046166751,0.013329498172045257
scene1_antro_dominated_0669.wav,1,antro_dominated,cat,toilet_flush,rain,0.05256418115260824,0.912143717034281,0.035292101813110835
scene1_antro_dominated_0670.wav,1,antro_dominated,cow,drinking_sipping,sea_waves,0.026454469965844534,0.9383785005593623,0.035167029474793235
scene1_antro_dominated_0671.wav,1,antro_dominated,dog,car_horn,rain,0.03640053405200554,0.7262509081545169,0.23734855779347777
scene1_antro_dominated_0672.wav,1,antro_dominated,insects,footsteps,wind,0.12087011002432788,0.8641059217314727,0.015023968244199385
scene1_antro_dominated_0673.wav,1,antro_dominated,sheep,clock_tick,sea_waves,0.10616691361611837,0.8835638318324809,0.010269254551400766
scene1_antro_dominated_0674.wav,1,antro_dominated,coughing,glass_breaking,thunderstorm,0.058874895820432795,0.7734962709335831,0.16762883324598424
scene1_antro_dominated_0675.wav,1,antro_dominated,sneezing,toilet_flush,crackling_fire,0.058042033355873955,0.9395911102516825,0.002366856392443455
scene1_antro_dominated_0676.wav,1,antro_dominated,breathing,helicopter,wind,0.0007812418670731331,0.9134456383074456,0.08577311982548137
scene1_antro_dominated_0677.wav,1,antro_dominated,crying_baby,engine,crackling_fire,0.21589532968111833,0.7668538947810071,0.01725077553787477
scene1_antro_dominated_0678.wav,1,antro_dominated,hen,hand_saw,sea_waves,0.06379817802678998,0.7165889446365223,0.21961287733668766
scene1_antro_dominated_0679.wav,1,antro_dominated,sheep,clock_tick,sea_waves,0.0914743173888373,0.5121182807983,0.3964074018128626
scene1_antro_dominated_0680.wav,1,antro_dominated,crow,vacuum_cleaner,rain,0.11155341814361898,0.8099706863827706,0.07847589547361036
scene1_antro_dominated_0681.wav,1,antro_dominated,frog,car_horn,thunderstorm,0.05437939720776409,0.8661705478291328,0.07945005496310308
scene1_antro_dominated_0682.wav,1,antro_dominated,breathing,door_wood_creaks,water_drops,0.17641122354971364,0.7674372156287923,0.0561515608214942
scene1_antro_dominated_0683.wav,1,antro_dominated,pig,drinking_sipping,crackling_fire,0.0001353361189445801,0.8436020273206261,0.15626263656042952
scene1_antro_dominated_0684.wav,1,antro_dominated,pig,airplane,thunderstorm,0.13808084363911602,0.7899601760782812,0.07195898028260266
scene1_antro_dominated_0685.wav,1,antro_dominated,rooster,airplane,water_drops,0.02240487634940052,0.9652547071160851,0.012340416534514356
scene1_antro_dominated_0686.wav,1,antro_dominated,cat,door_wood_creaks,rain,0.010993660505323471,0.9734103415772165,0.01559599791746002
scene1_antro_dominated_0687.wav,1,antro_dominated,sheep,hand_saw,crackling_fire,0.0654427790325543,0.7922543225612494,0.1423028984061964
scene1_antro_dominated_0688.wav,1,antro_dominated,chirping_birds,clock_alarm,crackling_fire,0.08105601673585265,0.6705537075387055,0.24839027572544198
scene1_antro_dominated_0689.wav,1,antro_dominated,clapping,keyboard_typing,rain,0.10828653696700516,0.8055107809384974,0.08620268209449752
scene1_antro_dominated_0690.wav,1,antro_dominated,crow,glass_breaking,water_drops,0.023290891125682053,0.9593368690008819,0.01737223987343601
scene1_antro_dominated_0691.wav,1,antro_dominated,sneezing,keyboard_typing,water_drops,0.07591445250693832,0.8726604106509566,0.05142513684210509
scene1_antro_dominated_0692.wav,1,antro_dominated,snoring,fireworks,water_drops,0.08096567486549393,0.8978632105843608,0.021171114550145455
scene1_antro_dominated_0693.wav,1,antro_dominated,sneezing,door_wood_creaks,wind,0.01160309473186259,0.9820643462069182,0.006332559061219319
scene1_antro_dominated_0694.wav,1,antro_dominated,sheep,train,rain,0.0009023638807313438,0.9927282356930248,0.006369400426243857
scene1_antro_dominated_0695.wav,1,antro_dominated,crickets,pouring_water,wind,0.10539851917773352,0.8494457799562342,0.045155700866032294
scene1_antro_dominated_0696.wav,1,antro_dominated,crow,vacuum_cleaner,wind,0.07513476274032779,0.8823702130537884,0.04249502420588381
scene1_antro_dominated_0697.wav,1,antro_dominated,snoring,brushing_teeth,wind,0.020258215442501094,0.9099849112641069,0.06975687329339209
scene1_antro_dominated_0698.wav,1,antro_dominated,crying_baby,hand_saw,water_drops,0.07097064479833126,0.8290616450847133,0.09996771011695538
scene1_antro_dominated_0699.wav,1,antro_dominated,laughing,fireworks,crackling_fire,0.03308775533381693,0.9545327272150992,0.012379517451083873
scene1_antro_dominated_0700.wav,1,antro_dominated,hen,drinking_sipping,thunderstorm,0.029197555362256107,0.9340067655457676,0.03679567909197631
scene1_antro_dominated_0701.wav,1,antro_dominated,frog,drinking_sipping,sea_waves,0.08444990696021874,0.8658240109478986,0.049726082091882604
scene1_antro_dominated_0702.wav,1,antro_dominated,coughing,helicopter,thunderstorm,0.21259470170056488,0.6884121448352205,0.09899315346421471
scene1_antro_dominated_0703.wav,1,antro_dominated,dog,clock_alarm,crackling_fire,0.014426421365324812,0.8848833820740942,0.10069019656058119
scene1_antro_dominated_0704.wav,1,antro_dominated,chirping_birds,door_wood_creaks,thunderstorm,0.013623364082031788,0.9614046437900389,0.024971992127929256
scene1_antro_dominated_0705.wav,1,antro_dominated,frog,chainsaw,thunderstorm,0.05384631102612674,0.9109750468278711,0.035178642146002144
scene1_antro_dominated_0706.wav,1,antro_dominated,cat,washing_machine,crackling_fire,0.11059043337529648,0.802085692363848,0.08732387426085539
scene1_antro_dominated_0707.wav,1,antro_dominated,cow,train,crackling_fire,0.04812776803463625,0.7975621876327038,0.15431004433266018
scene1_antro_dominated_0708.wav,1,antro_dominated,chirping_birds,vacuum_cleaner,wind,0.13481321857996884,0.7257148626734046,0.13947191874662673
scene1_antro_dominated_0709.wav,1,antro_dominated,pig,drinking_sipping,sea_waves,0.0035020191312121873,0.9416397914799876,0.05485818938880032
scene1_antro_dominated_0710.wav,1,antro_dominated,crying_baby,engine,thunderstorm,0.20621245912299244,0.7866037181852672,0.007183822691740452
scene1_antro_dominated_0711.wav,1,antro_dominated,sheep,glass_breaking,water_drops,0.10835678695724557,0.8286545749007975,0.06298863814195677
scene1_antro_dominated_0712.wav,1,antro_dominated,laughing,chainsaw,thunderstorm,0.01150885804662585,0.8746694424260101,0.11382169952736387
scene1_antro_dominated_0713.wav,1,antro_dominated,sheep,church_bells,water_drops,0.1996272703842162,0.7883271581148926,0.012045571500891156
scene1_antro_dominated_0714.wav,1,antro_dominated,coughing,can_opening,crackling_fire,0.05716835195866052,0.7639653788484339,0.1788662691929056
scene1_antro_dominated_0715.wav,1,antro_dominated,snoring,fireworks,water_drops,0.4206249863976142,0.5746468475764174,0.004728166025968394
scene1_antro_dominated_0716.wav,1,antro_dominated,insects,chainsaw,rain,0.04308332307695183,0.8961765734691697,0.060740103453878265
scene1_antro_dominated_0717.wav,1,antro_dominated,sheep,clock_alarm,wind,0.08011826401631822,0.769645161861843,0.15023657412183883
scene1_antro_dominated_0718.wav,1,antro_dominated,breathing,pouring_water,sea_waves,0.0778129103376032,0.8998167986240521,0.02237029103834493
scene1_antro_dominated_0719.wav,1,antro_dominated,dog,can_opening,rain,0.12487354712630455,0.866387112548678,0.008739340325017619
scene1_antro_dominated_0720.wav,1,antro_dominated,sneezing,train,sea_waves,0.10924022027470665,0.8543700075707812,0.03638977215451221
scene1_antro_dominated_0721.wav,1,antro_dominated,cow,footsteps,thunderstorm,0.02809075692781498,0.8919897000459389,0.07991954302624615
scene1_antro_dominated_0722.wav,1,antro_dominated,pig,clock_tick,crackling_fire,0.045005471864734505,0.8386118027221591,0.11638272541310644
scene1_antro_dominated_0723.wav,1,antro_dominated,crow,airplane,rain,0.10717180837748602,0.8188715615880454,0.07395663003446859
scene1_antro_dominated_0724.wav,1,antro_dominated,crow,vacuum_cleaner,water_drops,0.00655556419821246,0.9463247238560312,0.047119711945756204
scene1_antro_dominated_0725.wav,1,antro_dominated,hen,washing_machine,sea_waves,0.04653512426773402,0.9132980185592001,0.04016685717306599
scene1_antro_dominated_0726.wav,1,antro_dominated,crying_baby,car_horn,thunderstorm,0.042558319201276625,0.9568380676348521,0.0006036131638712231
scene1_antro_dominated_0727.wav,1,antro_dominated,breathing,helicopter,wind,0.015189729761527139,0.8973076091510285,0.08750266108744438
scene1_antro_dominated_0728.wav,1,antro_dominated,clapping,footsteps,rain,0.14372688973878675,0.7516739922434351,0.10459911801777803
scene1_antro_dominated_0729.wav,1,antro_dominated,crow,airplane,rain,0.1716428593128343,0.8260422470991846,0.0023148935879811457
scene1_antro_dominated_0730.wav,1,antro_dominated,crickets,toilet_flush,sea_waves,0.019319886749797604,0.942677795934958,0.03800231731524418
scene1_antro_dominated_0731.wav,1,antro_dominated,coughing,door_wood_creaks,wind,0.018597797551810187,0.7675817033431442,0.2138204991050457
scene1_antro_dominated_0732.wav,1,antro_dominated,breathing,footsteps,wind,0.014492738465492783,0.9492672201209784,0.036240041413528774
scene1_antro_dominated_0733.wav,1,antro_dominated,frog,vacuum_cleaner,crackling_fire,0.24998474367180024,0.7398739239530514,0.010141332375148323
scene1_antro_dominated_0734.wav,1,antro_dominated,crying_baby,clock_alarm,sea_waves,0.13084200817795302,0.8475876008212379,0.02157039100080916
scene1_antro_dominated_0735.wav,1,antro_dominated,cow,fireworks,sea_waves,0.019432264532186144,0.9637512583818831,0.01681647708593082
scene1_antro_dominated_0736.wav,1,antro_dominated,chirping_birds,engine,rain,0.11315045224897755,0.8343615808278944,0.05248796692312815
scene1_antro_dominated_0737.wav,1,antro_dominated,insects,drinking_sipping,sea_waves,0.006732628927349477,0.8876907279745485,0.10557664309810202
scene1_antro_dominated_0738.wav,1,antro_dominated,rooster,keyboard_typing,crackling_fire,0.06146590803155911,0.932685067289692,0.00584902467874888
scene1_antro_dominated_0739.wav,1,antro_dominated,pig,vacuum_cleaner,thunderstorm,0.01290400099958066,0.9145254390914243,0.07257055990899523
scene1_antro_dominated_0740.wav,1,antro_dominated,pig,door_wood_creaks,wind,0.011736247386541802,0.9803708578546383,0.007892894758819914
scene1_antro_dominated_0741.wav,1,antro_dominated,clapping,keyboard_typing,sea_waves,0.15835478450508159,0.8291998222202367,0.012445393274681638
scene1_antro_dominated_0742.wav,1,antro_dominated,chirping_birds,airplane,rain,0.02646878913269762,0.934898511412094,0.038632699455208336
scene1_antro_dominated_0743.wav,1,antro_dominated,pig,brushing_teeth,water_drops,0.015006832923205099,0.9480289782765956,0.03696418880019939
scene1_antro_dominated_0744.wav,1,antro_dominated,coughing,airplane,water_drops,0.012901518537220881,0.9785427589803182,0.008555722482460943
scene1_antro_dominated_0745.wav,1,antro_dominated,cow,door_wood_creaks,wind,0.05479869879714364,0.9211693271515706,0.024031974051285623
scene1_antro_dominated_0746.wav,1,antro_dominated,crying_baby,hand_saw,wind,0.007834831797626868,0.9149855022471225,0.07717966595525054
scene1_antro_dominated_0747.wav,1,antro_dominated,coughing,toilet_flush,wind,0.047301503143041976,0.8260542549163101,0.126644241940648
scene1_antro_dominated_0748.wav,1,antro_dominated,dog,washing_machine,crackling_fire,0.0007284529228422887,0.9371240550224328,0.06214749205472476
scene1_antro_dominated_0749.wav,1,antro_dominated,insects,car_horn,water_drops,0.13491208319468742,0.8015273686917767,0.06356054811353588
scene1_antro_dominated_0750.wav,1,antro_dominated,sheep,vacuum_cleaner,wind,0.1762476437714881,0.8208864224941211,0.0028659337343908105
scene1_antro_dominated_0751.wav,1,antro_dominated,snoring,footsteps,thunderstorm,0.02197870323303224,0.7387346216228924,0.2392866751440754
scene1_antro_dominated_0752.wav,1,antro_dominated,breathing,clock_tick,wind,0.1397105800027041,0.7459813289224776,0.11430809107481835
scene1_antro_dominated_0753.wav,1,antro_dominated,dog,door_wood_creaks,crackling_fire,0.04614986873485555,0.6521637152711616,0.30168641599398277
scene1_antro_dominated_0754.wav,1,antro_dominated,snoring,glass_breaking,rain,0.08723131118659856,0.8501044535279596,0.06266423528544184
scene1_antro_dominated_0755.wav,1,antro_dominated,rooster,train,crackling_fire,0.06495222448827755,0.8999793699264693,0.035068405585253246
scene1_antro_dominated_0756.wav,1,antro_dominated,insects,siren,crackling_fire,0.17294037439638066,0.8033219690706389,0.02373765653298031
scene1_antro_dominated_0757.wav,1,antro_dominated,laughing,siren,thunderstorm,0.04672426205374628,0.7626832786158287,0.19059245933042515
scene1_antro_dominated_0758.wav,1,antro_dominated,cat,helicopter,thunderstorm,0.03174426757256144,0.8992058957544281,0.06904983667301055
scene1_antro_dominated_0759.wav,1,antro_dominated,sheep,church_bells,wind,0.022296806592508708,0.9646249890219335,0.013078204385557764
scene1_antro_dominated_0760.wav,1,antro_dominated,breathing,chainsaw,rain,0.09521700154906432,0.8988309147288508,0.005952083722084869
scene1_antro_dominated_0761.wav,1,antro_dominated,coughing,fireworks,wind,0.040571421545187586,0.8965814550143156,0.06284712344049673
scene1_antro_dominated_0762.wav,1,antro_dominated,cow,church_bells,water_drops,0.11944537511731215,0.8344333773180888,0.0461212475645992
scene1_antro_dominated_0763.wav,1,antro_dominated,snoring,siren,rain,0.1398577907049438,0.8578856111353861,0.002256598159670176
scene1_antro_dominated_0764.wav,1,antro_dominated,hen,can_opening,sea_waves,0.02161658243638948,0.6877686563591565,0.29061476120445395
scene1_antro_dominated_0765.wav,1,antro_dominated,clapping,vacuum_cleaner,thunderstorm,0.011129676444301849,0.9358319803823613,0.053038343173336625
scene1_antro_dominated_0766.wav,1,antro_dominated,chirping_birds,can_opening,rain,0.13525939352230873,0.5917430434835935,0.2729975629940976
scene1_antro_dominated_0767.wav,1,antro_dominated,rooster,keyboard_typing,crackling_fire,0.0007131999980255757,0.9654284198892042,0.03385838011277024
scene1_antro_dominated_0768.wav,1,antro_dominated,snoring,engine,sea_waves,0.09485587019695145,0.8175245188595562,0.0876196109434924
scene1_antro_dominated_0769.wav,1,antro_dominated,rooster,engine,rain,0.022987481172457705,0.9572504610449708,0.019762057782571653
scene1_antro_dominated_0770.wav,1,antro_dominated,hen,keyboard_typing,wind,0.023867966185426057,0.957475122055741,0.01865691175883297
scene1_antro_dominated_0771.wav,1,antro_dominated,crying_baby,washing_machine,thunderstorm,0.020022259340188493,0.8173425858265959,0.16263515483321564
scene1_antro_dominated_0772.wav,1,antro_dominated,crow,glass_breaking,crackling_fire,0.0036412054097213465,0.7105716051979033,0.28578718939237535
scene1_antro_dominated_0773.wav,1,antro_dominated,frog,can_opening,thunderstorm,0.00764522893302946,0.8907637458283535,0.10159102523861685
scene1_antro_dominated_0774.wav,1,antro_dominated,crickets,train,crackling_fire,0.032181710759835634,0.8760901489604553,0.09172814027970898
scene1_antro_dominated_0775.wav,1,antro_dominated,pig,airplane,crackling_fire,0.009518245341886934,0.8223988603354065,0.1680828943227066
scene1_antro_dominated_0776.wav,1,antro_dominated,clapping,church_bells,sea_waves,0.1975386886321873,0.695574385411411,0.10688692595640159
scene1_antro_dominated_0777.wav,1,antro_dominated,insects,siren,rain,0.0641068732251899,0.9082143879541099,0.02767873882070006
scene1_antro_dominated_0778.wav,1,antro_dominated,crow,vacuum_cleaner,thunderstorm,0.2831514118439551,0.6430439550622843,0.0738046330937608
scene1_antro_dominated_0779.wav,1,antro_dominated,coughing,car_horn,rain,0.017987140429758002,0.9782579542590005,0.0037549053112414664
scene1_antro_dominated_0780.wav,1,antro_dominated,sheep,door_wood_knock,crackling_fire,0.01296873915839788,0.8818174668037728,0.10521379403782938
scene1_antro_dominated_0781.wav,1,antro_dominated,coughing,pouring_water,crackling_fire,0.13224554265881888,0.8323596544227899,0.035394802918391165
scene1_antro_dominated_0782.wav,1,antro_dominated,chirping_birds,toilet_flush,crackling_fire,0.040313236862157736,0.9579577471615066,0.0017290159763354422
scene1_antro_dominated_0783.wav,1,antro_dominated,crying_baby,door_wood_creaks,thunderstorm,0.03506096983803861,0.8753654943242775,0.089573535837684
scene1_antro_dominated_0784.wav,1,antro_dominated,crickets,clock_alarm,wind,0.042267285110013104,0.933878764821054,0.02385395006893289
scene1_antro_dominated_0785.wav,1,antro_dominated,insects,vacuum_cleaner,wind,0.042711629735704956,0.8878095957876387,0.06947877447665618
scene1_antro_dominated_0786.wav,1,antro_dominated,laughing,glass_breaking,wind,0.0061556472322931875,0.9756128076684663,0.018231545099240583
scene1_antro_dominated_0787.wav,1,antro_dominated,hen,footsteps,rain,0.09508382468149565,0.8067154779446362,0.09820069737386818
scene1_antro_dominated_0788.wav,1,antro_dominated,pig,engine,crackling_fire,0.042140728592697796,0.9550931980354456,0.0027660733718567203
scene1_antro_dominated_0789.wav,1,antro_dominated,breathing,can_opening,rain,0.10891123885727726,0.8122022722335898,0.07888648890913287
scene1_antro_dominated_0790.wav,1,antro_dominated,crying_baby,airplane,water_drops,0.003067693488822962,0.984706997807749,0.012225308703428259
scene1_antro_dominated_0791.wav,1,antro_dominated,sneezing,hand_saw,thunderstorm,0.04485560278378082,0.9064994546135972,0.04864494260262197
scene1_antro_dominated_0792.wav,1,antro_dominated,frog,drinking_sipping,rain,0.00018478731366071904,0.9237184168017079,0.07609679588463142
scene1_antro_dominated_0793.wav,1,antro_dominated,crying_baby,car_horn,sea_waves,0.007209488134769088,0.9721736632622546,0.020616848602976096
scene1_antro_dominated_0794.wav,1,antro_dominated,sneezing,drinking_sipping,crackling_fire,0.20825813465973103,0.624991970373489,0.1667498949667798
scene1_antro_dominated_0795.wav,1,antro_dominated,rooster,door_wood_knock,thunderstorm,0.16402814501559373,0.8113128782426225,0.02465897674178365
scene1_antro_dominated_0796.wav,1,antro_dominated,clapping,keyboard_typing,sea_waves,0.02297728424577012,0.8965522082093854,0.08047050754484447
scene1_antro_dominated_0797.wav,1,antro_dominated,clapping,drinking_sipping,wind,0.047930314900454594,0.8465282549689681,0.10554143013057717
scene1_antro_dominated_0798.wav,1,antro_dominated,cat,keyboard_typing,rain,0.17705610049869414,0.800293127840079,0.022650771661226837
scene1_antro_dominated_0799.wav,1,antro_dominated,snoring,engine,sea_waves,0.05416244531957269,0.828716772556414,0.11712078212401351
scene1_antro_dominated_0800.wav,1,antro_dominated,coughing,siren,rain,0.16254267891093507,0.8083276056973916,0.02912971539167319
scene1_antro_dominated_0801.wav,1,antro_dominated,breathing,fireworks,wind,0.03221480516913342,0.920055431520667,0.047729763310199576
scene1_antro_dominated_0802.wav,1,antro_dominated,frog,airplane,sea_waves,0.10066840368945773,0.8955432059815371,0.003788390329005235
scene1_antro_dominated_0803.wav,1,antro_dominated,frog,can_opening,crackling_fire,0.043157931020152744,0.8215867396854877,0.13525532929435943
scene1_antro_dominated_0804.wav,1,antro_dominated,crow,door_wood_knock,rain,0.02128820883163919,0.8197887782514766,0.15892301291688418
scene1_antro_dominated_0805.wav,1,antro_dominated,insects,keyboard_typing,wind,0.13770429421069846,0.8041282509299252,0.05816745485937643
scene1_antro_dominated_0806.wav,1,antro_dominated,clapping,siren,crackling_fire,0.07681664228803062,0.9184637326002042,0.0047196251117653226
scene1_antro_dominated_0807.wav,1,antro_dominated,coughing,chainsaw,wind,0.013372846620502466,0.8043869131133103,0.18224024026618718
scene1_antro_dominated_0808.wav,1,antro_dominated,laughing,hand_saw,crackling_fire,0.057299044650043256,0.6389149895356356,0.30378596581432105
scene1_antro_dominated_0809.wav,1,antro_dominated,hen,washing_machine,thunderstorm,0.14254962282436792,0.8400418691996419,0.01740850797599022
scene1_antro_dominated_0810.wav,1,antro_dominated,crickets,door_wood_knock,wind,0.14629486161025493,0.787423809353789,0.06628132903595613
scene1_antro_dominated_0811.wav,1,antro_dominated,laughing,drinking_sipping,sea_waves,0.05709436720875641,0.882043172256813,0.060862460534430465
scene1_antro_dominated_0812.wav,1,antro_dominated,cat,washing_machine,water_drops,0.025423261352953388,0.7387964486466791,0.2357802900003675
scene1_antro_dominated_0813.wav,1,antro_dominated,breathing,fireworks,rain,0.05731546042985231,0.9308496754796776,0.011834864090470059
scene1_antro_dominated_0814.wav,1,antro_dominated,frog,can_opening,thunderstorm,0.0686113532147114,0.7316939055879724,0.1996947411973161
scene1_antro_dominated_0815.wav,1,antro_dominated,pig,siren,water_drops,0.025083350859606002,0.8791445424945085,0.0957721066458855
scene1_antro_dominated_0816.wav,1,antro_dominated,crickets,clock_tick,wind,0.029085235087619305,0.7714052971471371,0.19950946776524356
scene1_antro_dominated_0817.wav,1,antro_dominated,sheep,engine,thunderstorm,0.032922361420280266,0.9618490030666368,0.0052286355130831364
scene1_antro_dominated_0818.wav,1,antro_dominated,coughing,door_wood_knock,water_drops,0.3645188237558896,0.503035729947337,0.1324454462967735
scene1_antro_dominated_0819.wav,1,antro_dominated,insects,keyboard_typing,sea_waves,0.2534863740419742,0.7422542221110529,0.004259403846972889
scene1_antro_dominated_0820.wav,1,antro_dominated,insects,clock_tick,water_drops,0.04217122876286274,0.8246370508815213,0.13319172035561605
scene1_antro_dominated_0821.wav,1,antro_dominated,chirping_birds,clock_alarm,sea_waves,0.054634840441906536,0.9371655217484334,0.00819963780966018
scene1_antro_dominated_0822.wav,1,antro_dominated,crickets,fireworks,water_drops,0.269267173508751,0.6676405843397095,0.06309224215153938
scene1_antro_dominated_0823.wav,1,antro_dominated,sneezing,vacuum_cleaner,water_drops,0.12014683112111424,0.8587373897885074,0.0211157790903784
scene1_antro_dominated_0824.wav,1,antro_dominated,laughing,pouring_water,water_drops,0.3162510764504637,0.6168738738928566,0.06687504965667969
scene1_antro_dominated_0825.wav,1,antro_dominated,snoring,clock_tick,thunderstorm,0.08857926621576316,0.841681738718083,0.06973899506615377
scene1_antro_dominated_0826.wav,1,antro_dominated,snoring,keyboard_typing,wind,0.06970137583370599,0.921717448469191,0.008581175697103047
scene1_antro_dominated_0827.wav,1,antro_dominated,sheep,can_opening,rain,0.1043651392864744,0.7630854045313336,0.13254945618219213
scene1_antro_dominated_0828.wav,1,antro_dominated,insects,can_opening,crackling_fire,0.026551100191953655,0.9686508105192941,0.004798089288752205
scene1_antro_dominated_0829.wav,1,antro_dominated,hen,keyboard_typing,crackling_fire,0.0905040979782653,0.7888356062329915,0.12066029578874334
scene1_antro_dominated_0830.wav,1,antro_dominated,laughing,door_wood_creaks,rain,0.03227451011830542,0.6938896119468368,0.27383587793485775
scene1_antro_dominated_0831.wav,1,antro_dominated,chirping_birds,fireworks,crackling_fire,0.06390110632983179,0.9351849928010363,0.0009139008691319843
scene1_antro_dominated_0832.wav,1,antro_dominated,laughing,engine,thunderstorm,0.03208961608074105,0.9678674422693564,4.2941649902475146e-05
scene1_antro_dominated_0833.wav,1,antro_dominated,rooster,clock_tick,crackling_fire,0.09503958222378196,0.6595797839755472,0.24538063380067085
scene1_antro_dominated_0834.wav,1,antro_dominated,sheep,chainsaw,crackling_fire,0.06883730852815995,0.9245071199903756,0.006655571481464543
scene1_antro_dominated_0835.wav,1,antro_dominated,clapping,fireworks,crackling_fire,0.22494529788798112,0.6778332727075054,0.0972214294045135
scene1_antro_dominated_0836.wav,1,antro_dominated,laughing,chainsaw,rain,0.09648000827430904,0.8557469024420832,0.04777308928360785
scene1_antro_dominated_0837.wav,1,antro_dominated,snoring,chainsaw,thunderstorm,0.1921299062681053,0.792432715919508,0.015437377812386643
scene1_antro_dominated_0838.wav,1,antro_dominated,pig,train,thunderstorm,0.05964943173368904,0.790380293207345,0.14997027505896593
scene1_antro_dominated_0839.wav,1,antro_dominated,cat,toilet_flush,thunderstorm,0.03227904094447454,0.90899493020677,0.05872602884875537
scene1_antro_dominated_0840.wav,1,antro_dominated,crow,airplane,water_drops,0.13039558859262565,0.7951728339825488,0.07443157742482558
scene1_antro_dominated_0841.wav,1,antro_dominated,hen,mouse_click,sea_waves,0.05532877804694985,0.8106196127708897,0.1340516091821605
scene1_antro_dominated_0842.wav,1,antro_dominated,breathing,hand_saw,thunderstorm,0.4018791581905872,0.45842215876066283,0.13969868304874997
scene1_antro_dominated_0843.wav,1,antro_dominated,sneezing,train,crackling_fire,0.05118151347565982,0.7919914477931141,0.15682703873122594
scene1_antro_dominated_0844.wav,1,antro_dominated,chirping_birds,airplane,wind,0.0410462272424454,0.9414820596885414,0.017471713069013257
scene1_antro_dominated_0845.wav,1,antro_dominated,coughing,chainsaw,sea_waves,0.22501552828361346,0.6264987059605808,0.14848576575580577
scene1_antro_dominated_0846.wav,1,antro_dominated,chirping_birds,fireworks,sea_waves,0.04499240758104279,0.9147353965969974,0.040272195821959705
scene1_antro_dominated_0847.wav,1,antro_dominated,frog,train,thunderstorm,0.013242564990526173,0.9529716194483593,0.03378581556111453
scene1_antro_dominated_0848.wav,1,antro_dominated,laughing,door_wood_knock,crackling_fire,0.09028019974095781,0.7721597753166157,0.13756002494242647
scene1_antro_dominated_0849.wav,1,antro_dominated,snoring,car_horn,thunderstorm,0.022494717306012494,0.8676676844896181,0.10983759820436947
scene1_antro_dominated_0850.wav,1,antro_dominated,snoring,door_wood_knock,rain,0.2707305145773687,0.6034738244755822,0.1257956609470492
scene1_antro_dominated_0851.wav,1,antro_dominated,snoring,toilet_flush,sea_waves,0.015812405442225577,0.9801406467196326,0.0040469478381417725
scene1_antro_dominated_0852.wav,1,antro_dominated,chirping_birds,car_horn,rain,0.09805804786628568,0.8002942263944334,0.10164772573928084
scene1_antro_dominated_0853.wav,1,antro_dominated,laughing,airplane,crackling_fire,0.14499854603205695,0.8384656119764822,0.016535841991460895
scene1_antro_dominated_0854.wav,1,antro_dominated,crickets,helicopter,thunderstorm,0.05429950710085941,0.7738659923670335,0.17183450053210714
scene1_antro_dominated_0855.wav,1,antro_dominated,crying_baby,can_opening,rain,0.23691794680796632,0.5765555192252475,0.1865265339667861
scene1_antro_dominated_0856.wav,1,antro_dominated,laughing,car_horn,crackling_fire,0.154072684192967,0.7154437759236281,0.13048353988340478
scene1_antro_dominated_0857.wav,1,antro_dominated,frog,door_wood_creaks,wind,0.020120212078188527,0.9324038832202842,0.047475904701527176
scene1_antro_dominated_0858.wav,1,antro_dominated,chirping_birds,can_opening,thunderstorm,0.13909523333660337,0.738149394818419,0.12275537184497762
scene1_antro_dominated_0859.wav,1,antro_dominated,chirping_birds,clock_alarm,rain,0.026420941672724907,0.8616360924620783,0.11194296586519689
scene1_antro_dominated_0860.wav,1,antro_dominated,crickets,hand_saw,thunderstorm,0.19286349091232372,0.7485984285813694,0.05853808050630695
scene1_antro_dominated_0861.wav,1,antro_dominated,crickets,glass_breaking,thunderstorm,0.2824554014026224,0.714355200377801,0.003189398219576405
scene1_antro_dominated_0862.wav,1,antro_dominated,crickets,train,water_drops,0.12354142500457656,0.8038565693702799,0.07260200562514342
scene1_antro_dominated_0863.wav,1,antro_dominated,crying_baby,brushing_teeth,sea_waves,0.027322591240206428,0.7729741368295643,0.19970327193022924
scene1_antro_dominated_0864.wav,1,antro_dominated,breathing,church_bells,rain,0.002023661232758651,0.9724864410803712,0.025489897686870107
scene1_antro_dominated_0865.wav,1,antro_dominated,hen,chainsaw,sea_waves,0.24131512939056704,0.7513675742251169,0.007317296384316032
scene1_antro_dominated_0866.wav,1,antro_dominated,pig,mouse_click,rain,0.14191253849616892,0.45708953575917066,0.40099792574466037
scene1_antro_dominated_0867.wav,1,antro_dominated,frog,engine,thunderstorm,0.03000589847530111,0.934089413578564,0.03590468794613503
scene1_antro_dominated_0868.wav,1,antro_dominated,cow,drinking_sipping,wind,0.0764932268812323,0.6051622613409731,0.3183445117777946
scene1_antro_dominated_0869.wav,1,antro_dominated,laughing,drinking_sipping,sea_waves,0.06816676587873927,0.9114480292126044,0.02038520490865641
scene1_antro_dominated_0870.wav,1,antro_dominated,cat,church_bells,rain,0.12138490598998486,0.851711332620747,0.026903761389268074
scene1_antro_dominated_0871.wav,1,antro_dominated,cow,can_opening,crackling_fire,0.042414869409627694,0.9244293208387185,0.03315580975165391
scene1_antro_dominated_0872.wav,1,antro_dominated,frog,hand_saw,thunderstorm,0.020232105191103134,0.8485743133240651,0.13119358148483184
scene1_antro_dominated_0873.wav,1,antro_dominated,hen,car_horn,crackling_fire,0.025455023893558054,0.92662371914977,0.047921256956671994
scene1_antro_dominated_0874.wav,1,antro_dominated,sneezing,train,rain,0.02086186410273559,0.9275273785985072,0.051610757298757234
scene1_antro_dominated_0875.wav,1,antro_dominated,laughing,car_horn,water_drops,0.10865888710877612,0.8364672891401784,0.0548738237510455
scene1_antro_dominated_0876.wav,1,antro_dominated,cat,drinking_sipping,thunderstorm,0.06999201297796469,0.8955371888677198,0.034470798154315384
scene1_antro_dominated_0877.wav,1,antro_dominated,crow,church_bells,thunderstorm,0.05396307520133479,0.8343812268598034,0.11165569793886176
scene1_antro_dominated_0878.wav,1,antro_dominated,laughing,door_wood_creaks,wind,0.09341616497317089,0.8389941001825799,0.06758973484424925
scene1_antro_dominated_0879.wav,1,antro_dominated,clapping,footsteps,crackling_fire,0.06262845393817926,0.7924274969348137,0.14494404912700695
scene1_antro_dominated_0880.wav,1,antro_dominated,chirping_birds,washing_machine,water_drops,0.039428284591020366,0.9008142944945948,0.05975742091438473
scene1_antro_dominated_0881.wav,1,antro_dominated,cat,siren,rain,0.01192235515917982,0.8243748658171716,0.16370277902364855
scene1_antro_dominated_0882.wav,1,antro_dominated,sneezing,airplane,water_drops,0.007427632389996234,0.9619388791975787,0.030633488412425018
scene1_antro_dominated_0883.wav,1,antro_dominated,snoring,siren,rain,0.1261468157932143,0.7264672825518415,0.14738590165494436
scene1_antro_dominated_0884.wav,1,antro_dominated,sneezing,door_wood_knock,crackling_fire,0.18494207235884616,0.8029349349025858,0.012122992738567984
scene1_antro_dominated_0885.wav,1,antro_dominated,snoring,car_horn,crackling_fire,0.12534163059915826,0.7704279237022058,0.10423044569863603
scene1_antro_dominated_0886.wav,1,antro_dominated,clapping,door_wood_knock,water_drops,0.0356214843252389,0.942502197425423,0.02187631824933812
scene1_antro_dominated_0887.wav,1,antro_dominated,laughing,washing_machine,wind,0.25717797378224266,0.6673012407916066,0.07552078542615064
scene1_antro_dominated_0888.wav,1,antro_dominated,crying_baby,door_wood_creaks,sea_waves,0.11801921162707263,0.7514259524912209,0.1305548358817064
scene1_antro_dominated_0889.wav,1,antro_dominated,rooster,hand_saw,thunderstorm,0.028768368537542714,0.9368008119784288,0.034430819484028555
scene1_antro_dominated_0890.wav,1,antro_dominated,clapping,hand_saw,crackling_fire,0.02859321226548633,0.9040933998752836,0.06731338785923033
scene1_antro_dominated_0891.wav,1,antro_dominated,pig,airplane,rain,0.019771760132362596,0.9648873003082283,0.015340939559409099
scene1_antro_dominated_0892.wav,1,antro_dominated,crying_baby,drinking_sipping,sea_waves,0.0006782387135181816,0.9766644129996197,0.0226573482868621
scene1_antro_dominated_0893.wav,1,antro_dominated,clapping,chainsaw,thunderstorm,0.061187296415842814,0.8772727528300174,0.06153995075413967
scene1_antro_dominated_0894.wav,1,antro_dominated,pig,brushing_teeth,water_drops,0.05399922665962199,0.8949639839857836,0.05103678935459451
scene1_antro_dominated_0895.wav,1,antro_dominated,coughing,brushing_teeth,rain,0.10242538208971248,0.6874402163915675,0.2101344015187201
scene1_antro_dominated_0896.wav,1,antro_dominated,sneezing,mouse_click,crackling_fire,0.05460881946967487,0.9332320787395314,0.012159101790793804
scene1_antro_dominated_0897.wav,1,antro_dominated,snoring,car_horn,crackling_fire,0.10939283963200444,0.7128896871457617,0.17771747322223386
scene1_antro_dominated_0898.wav,1,antro_dominated,cat,car_horn,sea_waves,0.02799556014480339,0.8477576103001199,0.12424682955507685
scene1_antro_dominated_0899.wav,1,antro_dominated,snoring,fireworks,crackling_fire,0.0017778257880560217,0.9109228688326731,0.08729930537927072
scene1_antro_dominated_0900.wav,1,antro_dominated,crow,brushing_teeth,wind,0.05044098894576294,0.9276865117692391,0.021872499284997918
scene1_antro_dominated_0901.wav,1,antro_dominated,frog,airplane,rain,0.1542687895422136,0.8431138661013359,0.002617344356450439
scene1_antro_dominated_0902.wav,1,antro_dominated,insects,washing_machine,wind,0.0392593088741753,0.8928841487926852,0.06785654233313956
scene1_antro_dominated_0903.wav,1,antro_dominated,hen,footsteps,wind,0.32242598284343055,0.6454295795105752,0.032144437645994214
scene1_antro_dominated_0904.wav,1,antro_dominated,insects,vacuum_cleaner,sea_waves,0.06350323909211657,0.8810283406967307,0.055468420211152836
scene1_antro_dominated_0905.wav,1,antro_dominated,laughing,chainsaw,crackling_fire,0.0010736825320110327,0.9732990784057836,0.02562723906220529
scene1_antro_dominated_0906.wav,1,antro_dominated,coughing,washing_machine,water_drops,0.1532706814979958,0.7851849073131526,0.06154441118885168
scene1_antro_dominated_0907.wav,1,antro_dominated,frog,fireworks,rain,0.04190016054537248,0.9230229466465565,0.035076892808071206
scene1_antro_dominated_0908.wav,1,antro_dominated,rooster,engine,crackling_fire,0.017774936927391714,0.8167177838208484,0.16550727925175984
scene1_antro_dominated_0909.wav,1,antro_dominated,insects,vacuum_cleaner,wind,0.041234241556038644,0.8937397170359391,0.06502604140802223
scene1_antro_dominated_0910.wav,1,antro_dominated,crickets,train,thunderstorm,0.16872412573423567,0.8107620485805854,0.020513825685178937
scene1_antro_dominated_0911.wav,1,antro_dominated,crow,car_horn,crackling_fire,0.16386017176243908,0.7230734283580493,0.11306639987951154
scene1_antro_dominated_0912.wav,1,antro_dominated,breathing,chainsaw,rain,0.017792700975220125,0.8134208600197409,0.1687864390050388
scene1_antro_dominated_0913.wav,1,antro_dominated,cat,car_horn,rain,0.055121937975765256,0.9125932372406445,0.032284824783590134
scene1_antro_dominated_0914.wav,1,antro_dominated,sheep,can_opening,thunderstorm,0.29380541692181245,0.6266737468179129,0.07952083626027462
scene1_antro_dominated_0915.wav,1,antro_dominated,crying_baby,door_wood_knock,thunderstorm,0.0030465000344612808,0.9367450819870627,0.06020841797847599
scene1_antro_dominated_0916.wav,1,antro_dominated,coughing,door_wood_creaks,water_drops,0.11187141824234735,0.8043406284706053,0.08378795328704745
scene1_antro_dominated_0917.wav,1,antro_dominated,chirping_birds,washing_machine,rain,0.014305253465787706,0.9793840970357971,0.0063106494984152125
scene1_antro_dominated_0918.wav,1,antro_dominated,chirping_birds,engine,thunderstorm,0.04039343793970071,0.8703975584533084,0.08920900360699108
scene1_antro_dominated_0919.wav,1,antro_dominated,snoring,mouse_click,crackling_fire,0.030265482733078625,0.6650315524109977,0.30470296485592385
scene1_antro_dominated_0920.wav,1,antro_dominated,clapping,mouse_click,wind,0.012858775342742164,0.9479602402873895,0.03918098436986855
scene1_antro_dominated_0921.wav,1,antro_dominated,frog,chainsaw,water_drops,0.00017368807365472655,0.9988739792072292,0.0009523327191160179
scene1_antro_dominated_0922.wav,1,antro_dominated,cat,siren,sea_waves,0.008919721669044357,0.9266851982762535,0.06439508005470221
scene1_antro_dominated_0923.wav,1,antro_dominated,insects,door_wood_creaks,sea_waves,0.004782649905284715,0.9711786220309889,0.02403872806372642
scene1_antro_dominated_0924.wav,1,antro_dominated,cat,vacuum_cleaner,sea_waves,0.03206466596248664,0.8989809388560744,0.0689543951814388
scene1_antro_dominated_0925.wav,1,antro_dominated,hen,footsteps,water_drops,0.042397269541962955,0.923092139802378,0.03451059065565909
scene1_antro_dominated_0926.wav,1,antro_dominated,sheep,airplane,crackling_fire,0.10683089555568619,0.7701312355280623,0.12303786891625156
scene1_antro_dominated_0927.wav,1,antro_dominated,rooster,drinking_sipping,wind,0.01095684449604018,0.9079540496456135,0.08108910585834629
scene1_antro_dominated_0928.wav,1,antro_dominated,snoring,clock_tick,crackling_fire,0.11198429446521212,0.8426929713351846,0.04532273419960328
scene1_antro_dominated_0929.wav,1,antro_dominated,crickets,pouring_water,rain,0.031851983965478274,0.9540672906909485,0.014080725343573195
scene1_antro_dominated_0930.wav,1,antro_dominated,sheep,train,sea_waves,0.1097108265536234,0.8375530744689526,0.05273609897742416
scene1_antro_dominated_0931.wav,1,antro_dominated,crying_baby,train,rain,0.056440916482067935,0.9335073455203003,0.010051737997631866
scene1_antro_dominated_0932.wav,1,antro_dominated,cat,pouring_water,sea_waves,0.13062331444019903,0.8605352460793049,0.008841439480496205
scene1_antro_dominated_0933.wav,1,antro_dominated,dog,drinking_sipping,wind,0.01629155748923488,0.9452429296043471,0.03846551290641809
scene1_antro_dominated_0934.wav,1,antro_dominated,cat,door_wood_knock,wind,0.05490269732350579,0.8548095692541996,0.09028773342229447
scene1_antro_dominated_0935.wav,1,antro_dominated,insects,hand_saw,rain,0.15416053288610787,0.7663163115157984,0.0795231555980937
scene1_antro_dominated_0936.wav,1,antro_dominated,breathing,chainsaw,water_drops,0.023067605033915774,0.8146884493899786,0.1622439455761057
scene1_antro_dominated_0937.wav,1,antro_dominated,snoring,clock_tick,wind,0.15727604959254116,0.7933965791660997,0.04932737124135923
scene1_antro_dominated_0938.wav,1,antro_dominated,laughing,mouse_click,wind,0.030647426832288886,0.6901226235788931,0.27922994958881814
scene1_antro_dominated_0939.wav,1,antro_dominated,sneezing,can_opening,sea_waves,0.04290409120381063,0.7852006833495994,0.17189522544658992
scene1_antro_dominated_0940.wav,1,antro_dominated,crying_baby,car_horn,wind,0.006513564237763287,0.9761274553756657,0.01735898038657114
scene1_antro_dominated_0941.wav,1,antro_dominated,crow,train,rain,0.024381929706153698,0.9123560943621065,0.06326197593173968
scene1_antro_dominated_0942.wav,1,antro_dominated,hen,car_horn,thunderstorm,0.0017810977146343694,0.9117886975188432,0.08643020476652237
scene1_antro_dominated_0943.wav,1,antro_dominated,rooster,glass_breaking,water_drops,0.12346712927677884,0.7847113636851749,0.09182150703804619
scene1_antro_dominated_0944.wav,1,antro_dominated,rooster,door_wood_creaks,rain,0.005661665339412358,0.9629835017597786,0.03135483290080892
scene1_antro_dominated_0945.wav,1,antro_dominated,pig,washing_machine,water_drops,0.24626906410951338,0.7472336618204519,0.006497274070034813
scene1_antro_dominated_0946.wav,1,antro_dominated,laughing,door_wood_creaks,thunderstorm,0.06277108892349038,0.9152508124368224,0.021978098639687162
scene1_antro_dominated_0947.wav,1,antro_dominated,sneezing,brushing_teeth,thunderstorm,0.12588149424541129,0.8665482692962545,0.0075702364583341295
scene1_antro_dominated_0948.wav,1,antro_dominated,coughing,airplane,thunderstorm,0.06868124526692652,0.7702693467868417,0.1610494079462319
scene1_antro_dominated_0949.wav,1,antro_dominated,coughing,door_wood_knock,wind,0.2808474381129377,0.6884621387678307,0.030690423119231598
scene1_antro_dominated_0950.wav,1,antro_dominated,breathing,airplane,water_drops,0.01197987875354732,0.7900954749959377,0.19792464625051504
scene1_antro_dominated_0951.wav,1,antro_dominated,cat,clock_tick,crackling_fire,0.10198888070792131,0.8419809190044106,0.056030200287668204
scene1_antro_dominated_0952.wav,1,antro_dominated,rooster,keyboard_typing,sea_waves,0.10138599492327491,0.8417825861486673,0.05683141892805778
scene1_antro_dominated_0953.wav,1,antro_dominated,pig,glass_breaking,thunderstorm,0.016565709435787796,0.7286191055013712,0.254815185062841
scene1_antro_dominated_0954.wav,1,antro_dominated,chirping_birds,fireworks,rain,0.01091415947567804,0.8531826936295553,0.1359031468947667
scene1_antro_dominated_0955.wav,1,antro_dominated,rooster,clock_tick,crackling_fire,0.06186778418608778,0.9142096958077159,0.023922520006196338
scene1_antro_dominated_0956.wav,1,antro_dominated,frog,keyboard_typing,wind,0.0172594032099175,0.9494017504923501,0.0333388462977324
scene1_antro_dominated_0957.wav,1,antro_dominated,clapping,siren,crackling_fire,0.010916689014730963,0.9661824962407162,0.022900814744552907
scene1_antro_dominated_0958.wav,1,antro_dominated,laughing,door_wood_creaks,thunderstorm,0.056045835556651144,0.9048359099333847,0.03911825450996414
scene1_antro_dominated_0959.wav,1,antro_dominated,sheep,clock_tick,sea_waves,0.4064022501395658,0.5047750452011804,0.08882270465925367
scene1_antro_dominated_0960.wav,1,antro_dominated,cow,vacuum_cleaner,wind,0.0008500271690472392,0.9818138777568279,0.017336095074125018
scene1_antro_dominated_0961.wav,1,antro_dominated,crow,pouring_water,crackling_fire,0.09612617725973427,0.8376730813749783,0.06620074136528756
scene1_antro_dominated_0962.wav,1,antro_dominated,cat,engine,thunderstorm,0.010890788272894608,0.9663294741383248,0.022779737588780713
scene1_antro_dominated_0963.wav,1,antro_dominated,rooster,siren,wind,0.04012588383439373,0.8268064603884935,0.1330676557771128
scene1_antro_dominated_0964.wav,1,antro_dominated,pig,engine,wind,0.060590791731529155,0.8479287114683478,0.09148049680012302
scene1_antro_dominated_0965.wav,1,antro_dominated,crow,clock_alarm,water_drops,0.03689118754969895,0.95808287914091,0.00502593330939097
scene1_antro_dominated_0966.wav,1,antro_dominated,crickets,can_opening,sea_waves,0.33382128452395304,0.6406644577628929,0.025514257713153955
scene1_antro_dominated_0967.wav,1,antro_dominated,hen,brushing_teeth,crackling_fire,0.06955511726521203,0.8965962895996183,0.033848593135169656
scene1_antro_dominated_0968.wav,1,antro_dominated,sheep,hand_saw,sea_waves,0.025740846942418266,0.9162433435949785,0.05801580946260316
scene1_antro_dominated_0969.wav,1,antro_dominated,chirping_birds,hand_saw,rain,0.00862332461477287,0.9751483494723782,0.016228325912848954
scene1_antro_dominated_0970.wav,1,antro_dominated,coughing,door_wood_creaks,rain,0.1577574644768335,0.8243480386902048,0.017894496832961664
scene1_antro_dominated_0971.wav,1,antro_dominated,sneezing,keyboard_typing,wind,0.037125359399381115,0.9469702875477762,0.015904353052842695
scene1_antro_dominated_0972.wav,1,antro_dominated,insects,airplane,sea_waves,0.03893112128574871,0.9546392118490974,0.0064296668651538744
scene1_antro_dominated_0973.wav,1,antro_dominated,rooster,train,water_drops,0.00026563038474499513,0.8667174194682346,0.13301695014702045
scene1_antro_dominated_0974.wav,1,antro_dominated,rooster,brushing_teeth,rain,0.2129908174183871,0.7143828960081275,0.07262628657348537
scene1_antro_dominated_0975.wav,1,antro_dominated,sheep,engine,sea_waves,0.017740240343731787,0.8570923583989495,0.12516740125731882
scene1_antro_dominated_0976.wav,1,antro_dominated,insects,clock_tick,rain,0.012400759624118202,0.9445698072267005,0.043029433149181416
scene1_antro_dominated_0977.wav,1,antro_dominated,chirping_birds,toilet_flush,water_drops,0.08474009048471559,0.9114189383159316,0.0038409711993527863
scene1_antro_dominated_0978.wav,1,antro_dominated,sheep,hand_saw,crackling_fire,0.16558861641253145,0.7237716849087745,0.11063969867869411
scene1_antro_dominated_0979.wav,1,antro_dominated,frog,car_horn,wind,0.01803277671219005,0.8505270932857574,0.1314401300020524
scene1_antro_dominated_0980.wav,1,antro_dominated,hen,mouse_click,wind,0.06757865030115602,0.8866944125048298,0.04572693719401408
scene1_antro_dominated_0981.wav,1,antro_dominated,laughing,car_horn,water_drops,0.13489163058943418,0.7444214552172467,0.12068691419331924
scene1_antro_dominated_0982.wav,1,antro_dominated,crow,brushing_teeth,rain,0.01648232465464037,0.8126448448258932,0.1708728305194664
scene1_antro_dominated_0983.wav,1,antro_dominated,dog,keyboard_typing,thunderstorm,0.131081487549677,0.6912387517707161,0.17767976067960695
scene1_antro_dominated_0984.wav,1,antro_dominated,coughing,glass_breaking,sea_waves,0.021202494502531102,0.9029255632965889,0.07587194220088007
scene1_antro_dominated_0985.wav,1,antro_dominated,frog,pouring_water,water_drops,0.04446354926088351,0.8848006142802196,0.0707358364588969
scene1_antro_dominated_0986.wav,1,antro_dominated,dog,brushing_teeth,wind,0.06888170884412133,0.8003105183023252,0.13080777285355336
scene1_antro_dominated_0987.wav,1,antro_dominated,crying_baby,clock_alarm,wind,0.033822314455801084,0.6095038302782954,0.35667385526590345
scene1_antro_dominated_0988.wav,1,antro_dominated,sneezing,airplane,wind,0.002655046842475613,0.8844214723818139,0.11292348077571047
scene1_antro_dominated_0989.wav,1,antro_dominated,cow,footsteps,sea_waves,0.022261659171223407,0.8962498051334497,0.08148853569532684
scene1_antro_dominated_0990.wav,1,antro_dominated,chirping_birds,can_opening,thunderstorm,0.009853161648182738,0.9257039195330978,0.06444291881871944
scene1_antro_dominated_0991.wav,1,antro_dominated,coughing,church_bells,crackling_fire,0.12351087165434062,0.8570248837051274,0.01946424464053199
scene1_antro_dominated_0992.wav,1,antro_dominated,cat,church_bells,wind,0.17289844857516853,0.6910281766969634,0.13607337472786804
scene1_antro_dominated_0993.wav,1,antro_dominated,frog,train,rain,0.07716963772238607,0.8918297837878819,0.03100057848973198
scene1_antro_dominated_0994.wav,1,antro_dominated,frog,clock_alarm,crackling_fire,0.002065487874015342,0.8997467438662438,0.09818776825974083
scene1_antro_dominated_0995.wav,1,antro_dominated,crying_baby,vacuum_cleaner,crackling_fire,0.11214048129656179,0.7943074752765025,0.09355204342693582
scene1_antro_dominated_0996.wav,1,antro_dominated,chirping_birds,toilet_flush,crackling_fire,0.1888059463010237,0.7796995292624292,0.031494524436546836
scene1_antro_dominated_0997.wav,1,antro_dominated,sheep,washing_machine,wind,0.08154373271546113,0.7334038525877291,0.18505241469680975
scene1_antro_dominated_0998.wav,1,antro_dominated,clapping,helicopter,crackling_fire,0.08627754434449066,0.8963653340392647,0.01735712161624476
scene1_antro_dominated_0999.wav,1,antro_dominated,sneezing,can_opening,sea_waves,0.02466934997406739,0.9526096207563043,0.022721029269628334
scene2_geo_dominated_0000.wav,2,geo_dominated,coughing,church_bells,sea_waves,0.14022951886019838,0.0315506151706543,0.8282198659691473
scene2_geo_dominated_0001.wav,2,geo_dominated,sneezing,glass_breaking,crackling_fire,0.02989862702912461,0.0407465190213629,0.9293548539495126
scene2_geo_dominated_0002.wav,2,geo_dominated,hen,keyboard_typing,rain,0.04696265130617871,0.03981892974045615,0.9132184189533652
scene2_geo_dominated_0003.wav,2,geo_dominated,coughing,fireworks,rain,0.035111538892572125,0.043795729001145894,0.9210927321062821
scene2_geo_dominated_0004.wav,2,geo_dominated,sheep,train,rain,0.17881653210347512,0.11579492983006287,0.705388538066462
scene2_geo_dominated_0005.wav,2,geo_dominated,sneezing,church_bells,crackling_fire,0.0688098145313571,0.04678166290672214,0.8844085225619207
scene2_geo_dominated_0006.wav,2,geo_dominated,sneezing,helicopter,rain,0.02355222329435012,0.005085312582661399,0.9713624641229884
scene2_geo_dominated_0007.wav,2,geo_dominated,snoring,train,sea_waves,0.0034797437049193963,0.2159154930680046,0.7806047632270762
scene2_geo_dominated_0008.wav,2,geo_dominated,insects,airplane,sea_waves,0.15418649833832945,0.03939162067913016,0.8064218809825403
scene2_geo_dominated_0009.wav,2,geo_dominated,breathing,car_horn,thunderstorm,0.015729703942756544,0.08930627630361437,0.894964019753629
scene2_geo_dominated_0010.wav,2,geo_dominated,rooster,vacuum_cleaner,wind,0.078575192324219,0.006521463093834494,0.9149033445819466
scene2_geo_dominated_0011.wav,2,geo_dominated,laughing,brushing_teeth,thunderstorm,0.07805901016835678,0.053248828755184816,0.8686921610764584
scene2_geo_dominated_0012.wav,2,geo_dominated,insects,train,water_drops,0.16405487005531239,0.09440962729189245,0.7415355026527953
scene2_geo_dominated_0013.wav,2,geo_dominated,coughing,siren,thunderstorm,0.04511467385703832,0.17651832264782677,0.7783670034951348
scene2_geo_dominated_0014.wav,2,geo_dominated,cat,glass_breaking,thunderstorm,0.03012130621665293,0.06282502410859948,0.9070536696747475
scene2_geo_dominated_0015.wav,2,geo_dominated,cow,glass_breaking,thunderstorm,0.0007762143504852176,0.07672085380484003,0.9225029318446747
scene2_geo_dominated_0016.wav,2,geo_dominated,crying_baby,door_wood_knock,thunderstorm,0.032114586735216125,0.25427231414580015,0.7136130991189837
scene2_geo_dominated_0017.wav,2,geo_dominated,breathing,glass_breaking,sea_waves,0.11744262837270522,0.040076251627102155,0.8424811200001927
scene2_geo_dominated_0018.wav,2,geo_dominated,pig,siren,sea_waves,0.10451458652440945,0.008555715561114365,0.8869296979144763
scene2_geo_dominated_0019.wav,2,geo_dominated,pig,chainsaw,sea_waves,0.035160138952357735,0.01959347203918885,0.9452463890084534
scene2_geo_dominated_0020.wav,2,geo_dominated,crickets,clock_tick,wind,0.22519025876860158,0.009616323543325579,0.7651934176880728
scene2_geo_dominated_0021.wav,2,geo_dominated,cat,car_horn,thunderstorm,0.22774726960087427,0.04263079313873679,0.7296219372603889
scene2_geo_dominated_0022.wav,2,geo_dominated,clapping,engine,thunderstorm,0.061223117884067375,0.007599866520309395,0.9311770155956233
scene2_geo_dominated_0023.wav,2,geo_dominated,sneezing,vacuum_cleaner,crackling_fire,0.0868413892324239,0.04609850052096332,0.8670601102466128
scene2_geo_dominated_0024.wav,2,geo_dominated,cat,airplane,wind,0.10426937819531516,0.0009151367207389888,0.8948154850839457
scene2_geo_dominated_0025.wav,2,geo_dominated,chirping_birds,clock_alarm,wind,0.08020830556067451,0.022382799242366684,0.8974088951969589
scene2_geo_dominated_0026.wav,2,geo_dominated,hen,drinking_sipping,sea_waves,0.0026206972056599174,0.05512019035390812,0.9422591124404318
scene2_geo_dominated_0027.wav,2,geo_dominated,pig,mouse_click,rain,0.09689379904922156,0.1877847996755837,0.7153214012751947
scene2_geo_dominated_0028.wav,2,geo_dominated,chirping_birds,glass_breaking,rain,0.030625103001618206,0.042385381819445005,0.9269895151789368
scene2_geo_dominated_0029.wav,2,geo_dominated,insects,clock_tick,thunderstorm,0.0192104092450377,0.03275584432771213,0.9480337464272502
scene2_geo_dominated_0030.wav,2,geo_dominated,pig,engine,sea_waves,0.029781103965457044,0.027703481139924466,0.9425154148946184
scene2_geo_dominated_0031.wav,2,geo_dominated,cat,fireworks,rain,0.0345177623631316,0.13377326000590684,0.8317089776309616
scene2_geo_dominated_0032.wav,2,geo_dominated,frog,glass_breaking,sea_waves,0.1118541975777333,0.059474211410872266,0.8286715910113943
scene2_geo_dominated_0033.wav,2,geo_dominated,breathing,chainsaw,thunderstorm,0.10454456914130462,0.0169212140549869,0.8785342168037084
scene2_geo_dominated_0034.wav,2,geo_dominated,chirping_birds,brushing_teeth,wind,0.14561749015395417,0.06719207554743464,0.7871904342986114
scene2_geo_dominated_0035.wav,2,geo_dominated,dog,can_opening,water_drops,0.045296837352971846,0.19397112180972978,0.7607320408372984
scene2_geo_dominated_0036.wav,2,geo_dominated,crow,fireworks,water_drops,0.03238548808178824,0.039763480314164705,0.9278510316040471
scene2_geo_dominated_0037.wav,2,geo_dominated,snoring,glass_breaking,wind,0.22583135191595077,0.007871280324982941,0.7662973677590662
scene2_geo_dominated_0038.wav,2,geo_dominated,crying_baby,fireworks,sea_waves,0.005240646570137584,0.06843566938415532,0.9263236840457072
scene2_geo_dominated_0039.wav,2,geo_dominated,coughing,airplane,water_drops,0.03318750428114651,0.012584606121993955,0.9542278895968594
scene2_geo_dominated_0040.wav,2,geo_dominated,frog,brushing_teeth,water_drops,0.18797616087978258,0.005539027982108112,0.8064848111381092
scene2_geo_dominated_0041.wav,2,geo_dominated,pig,hand_saw,thunderstorm,0.026576142364169178,0.1936251006287908,0.77979875700704
scene2_geo_dominated_0042.wav,2,geo_dominated,crow,door_wood_creaks,wind,0.027816106973786493,0.13059687847135154,0.8415870145548618
scene2_geo_dominated_0043.wav,2,geo_dominated,clapping,church_bells,water_drops,0.017704966808524725,0.006789101768637829,0.9755059314228374
scene2_geo_dominated_0044.wav,2,geo_dominated,rooster,car_horn,wind,0.1563418818758147,0.03995234292008969,0.8037057752040956
scene2_geo_dominated_0045.wav,2,geo_dominated,cow,helicopter,thunderstorm,0.03828724073276982,0.2126472535962881,0.7490655056709421
scene2_geo_dominated_0046.wav,2,geo_dominated,coughing,footsteps,water_drops,0.008505315175662028,0.06454781559618207,0.926946869228156
scene2_geo_dominated_0047.wav,2,geo_dominated,cat,door_wood_knock,rain,0.009113682540638936,0.05265083760715635,0.9382354798522047
scene2_geo_dominated_0048.wav,2,geo_dominated,crickets,engine,water_drops,0.03879842283301688,0.12260629053937128,0.8385952866276118
scene2_geo_dominated_0049.wav,2,geo_dominated,crickets,chainsaw,thunderstorm,0.007147029357413774,0.2485541678740595,0.7442988027685269
scene2_geo_dominated_0050.wav,2,geo_dominated,rooster,hand_saw,wind,0.049733686316649775,0.08775472998408573,0.8625115836992645
scene2_geo_dominated_0051.wav,2,geo_dominated,crow,vacuum_cleaner,water_drops,0.15314464067662623,0.001476999414185913,0.8453783599091879
scene2_geo_dominated_0052.wav,2,geo_dominated,crying_baby,helicopter,sea_waves,0.05924865149357166,0.02151466732456294,0.9192366811818654
scene2_geo_dominated_0053.wav,2,geo_dominated,sneezing,chainsaw,crackling_fire,0.1595546428897059,0.09305659853455688,0.7473887585757372
scene2_geo_dominated_0054.wav,2,geo_dominated,coughing,footsteps,crackling_fire,0.05278422723045591,0.06155277598911556,0.8856629967804285
scene2_geo_dominated_0055.wav,2,geo_dominated,coughing,chainsaw,thunderstorm,0.18284692723900148,0.047065759251441984,0.7700873135095566
scene2_geo_dominated_0056.wav,2,geo_dominated,coughing,mouse_click,thunderstorm,0.09147704319350466,0.006918917200370136,0.9016040396061253
scene2_geo_dominated_0057.wav,2,geo_dominated,chirping_birds,door_wood_creaks,sea_waves,0.028111604960272624,0.3268688351482335,0.6450195598914937
scene2_geo_dominated_0058.wav,2,geo_dominated,dog,train,thunderstorm,0.01638923339648207,0.04244700543147841,0.9411637611720396
scene2_geo_dominated_0059.wav,2,geo_dominated,insects,church_bells,crackling_fire,0.04798408603960796,0.13785231451761096,0.8141635994427812
scene2_geo_dominated_0060.wav,2,geo_dominated,sheep,vacuum_cleaner,water_drops,0.08739322680196616,0.029745821706795225,0.8828609514912387
scene2_geo_dominated_0061.wav,2,geo_dominated,frog,fireworks,wind,0.0027497730010617783,0.2915339906700958,0.7057162363288424
scene2_geo_dominated_0062.wav,2,geo_dominated,cow,door_wood_creaks,rain,0.13123126087690049,0.08286263299558072,0.7859061061275189
scene2_geo_dominated_0063.wav,2,geo_dominated,laughing,door_wood_knock,crackling_fire,0.24560713025043823,0.019750694411328817,0.734642175338233
scene2_geo_dominated_0064.wav,2,geo_dominated,sneezing,siren,water_drops,0.03820189570160045,0.07755007598196009,0.8842480283164396
scene2_geo_dominated_0065.wav,2,geo_dominated,sneezing,fireworks,wind,0.06379334312017552,0.25048803220755106,0.6857186246722735
scene2_geo_dominated_0066.wav,2,geo_dominated,sneezing,glass_breaking,rain,0.036627756759361495,0.1278691430134547,0.8355031002271838
scene2_geo_dominated_0067.wav,2,geo_dominated,sneezing,car_horn,rain,0.009318264724198153,0.25748044217586225,0.7332012930999395
scene2_geo_dominated_0068.wav,2,geo_dominated,insects,clock_tick,sea_waves,0.0785207094232893,0.015189163103854852,0.9062901274728559
scene2_geo_dominated_0069.wav,2,geo_dominated,insects,door_wood_knock,wind,0.0301492785887469,0.07152842676454925,0.8983222946467038
scene2_geo_dominated_0070.wav,2,geo_dominated,crying_baby,washing_machine,water_drops,0.052644923422273664,0.04723286825190782,0.9001222083258185
scene2_geo_dominated_0071.wav,2,geo_dominated,crickets,keyboard_typing,sea_waves,0.011316547377721038,0.17854992331801042,0.8101335293042685
scene2_geo_dominated_0072.wav,2,geo_dominated,dog,toilet_flush,crackling_fire,0.10054994919956958,0.005622986105113642,0.8938270646953169
scene2_geo_dominated_0073.wav,2,geo_dominated,breathing,brushing_teeth,water_drops,0.04891426909071441,0.0007519980723985818,0.950333732836887
scene2_geo_dominated_0074.wav,2,geo_dominated,frog,glass_breaking,thunderstorm,0.01790971705501622,0.028848617125345005,0.9532416658196388
scene2_geo_dominated_0075.wav,2,geo_dominated,snoring,car_horn,water_drops,0.09106129569689467,0.0915189601419166,0.8174197441611887
scene2_geo_dominated_0076.wav,2,geo_dominated,laughing,glass_breaking,crackling_fire,0.0410357759390794,0.035544165289716136,0.9234200587712045
scene2_geo_dominated_0077.wav,2,geo_dominated,insects,keyboard_typing,rain,0.09057158530660613,0.34010513149637345,0.5693232831970205
scene2_geo_dominated_0078.wav,2,geo_dominated,clapping,car_horn,crackling_fire,0.0219959458286089,0.1894201767509937,0.7885838774203974
scene2_geo_dominated_0079.wav,2,geo_dominated,insects,washing_machine,wind,0.009495840609647031,0.001627222913256365,0.9888769364770966
scene2_geo_dominated_0080.wav,2,geo_dominated,breathing,train,thunderstorm,0.40364480433154015,0.05947303407696323,0.5368821615914965
scene2_geo_dominated_0081.wav,2,geo_dominated,frog,hand_saw,rain,0.044942770912165926,0.04961601641709672,0.9054412126707374
scene2_geo_dominated_0082.wav,2,geo_dominated,pig,door_wood_knock,wind,0.014636148259294173,0.060747083470631937,0.9246167682700739
scene2_geo_dominated_0083.wav,2,geo_dominated,pig,airplane,water_drops,0.12989638630450062,0.006051169985220295,0.8640524437102792
scene2_geo_dominated_0084.wav,2,geo_dominated,laughing,helicopter,wind,0.050417618971851194,0.014220043069058958,0.93536233795909
scene2_geo_dominated_0085.wav,2,geo_dominated,frog,door_wood_creaks,thunderstorm,0.006969089913572494,0.06748214426411253,0.925548765822315
scene2_geo_dominated_0086.wav,2,geo_dominated,snoring,keyboard_typing,wind,0.05159959676660912,0.15983547481124852,0.7885649284221423
scene2_geo_dominated_0087.wav,2,geo_dominated,rooster,footsteps,thunderstorm,0.007162316789683769,0.10279495511656106,0.8900427280937553
scene2_geo_dominated_0088.wav,2,geo_dominated,cow,engine,thunderstorm,0.032047465301265114,0.03209181508777958,0.9358607196109553
scene2_geo_dominated_0089.wav,2,geo_dominated,cat,clock_tick,thunderstorm,0.01071507905834284,0.11613230324604915,0.873152617695608
scene2_geo_dominated_0090.wav,2,geo_dominated,crickets,door_wood_creaks,water_drops,0.0031699483667548657,0.06941573293432478,0.9274143186989204
scene2_geo_dominated_0091.wav,2,geo_dominated,pig,chainsaw,rain,0.002739798404292502,0.027264235296898132,0.9699959662988095
scene2_geo_dominated_0092.wav,2,geo_dominated,sneezing,glass_breaking,crackling_fire,0.015318990316096629,0.1769387890116556,0.8077422206722477
scene2_geo_dominated_0093.wav,2,geo_dominated,hen,engine,rain,0.009651148141706015,0.05159266920854956,0.9387561826497444
scene2_geo_dominated_0094.wav,2,geo_dominated,coughing,hand_saw,wind,0.10993817581523885,0.1666372061417997,0.7234246180429614
scene2_geo_dominated_0095.wav,2,geo_dominated,sheep,church_bells,thunderstorm,0.0486898488947457,0.14978116668696645,0.8015289844182878
scene2_geo_dominated_0096.wav,2,geo_dominated,sneezing,airplane,wind,0.010381803703749018,0.05774500554645933,0.9318731907497917
scene2_geo_dominated_0097.wav,2,geo_dominated,insects,hand_saw,sea_waves,0.13375434009335968,0.06118174111765209,0.8050639187889882
scene2_geo_dominated_0098.wav,2,geo_dominated,breathing,drinking_sipping,rain,0.005354901359404369,0.0537391897229339,0.9409059089176617
scene2_geo_dominated_0099.wav,2,geo_dominated,sheep,car_horn,thunderstorm,0.2200889176168051,0.2303038716307215,0.5496072107524734
scene2_geo_dominated_0100.wav,2,geo_dominated,crying_baby,clock_alarm,wind,0.014612624984859877,0.07465786380972467,0.9107295112054153
scene2_geo_dominated_0101.wav,2,geo_dominated,sheep,airplane,crackling_fire,0.04674292059702022,0.46996935462089223,0.4832877247820876
scene2_geo_dominated_0102.wav,2,geo_dominated,breathing,train,wind,0.014587481440324176,0.05168550040389353,0.9337270181557823
scene2_geo_dominated_0103.wav,2,geo_dominated,breathing,fireworks,water_drops,0.03173592216921555,0.0033020616565958578,0.9649620161741885
scene2_geo_dominated_0104.wav,2,geo_dominated,dog,brushing_teeth,thunderstorm,0.17655434366925543,0.04884861099989846,0.7745970453308462
scene2_geo_dominated_0105.wav,2,geo_dominated,chirping_birds,can_opening,rain,0.02702041050102931,0.20663392294748417,0.7663456665514866
scene2_geo_dominated_0106.wav,2,geo_dominated,breathing,brushing_teeth,water_drops,0.10881512992500368,0.022119131950820037,0.8690657381241762
scene2_geo_dominated_0107.wav,2,geo_dominated,hen,drinking_sipping,rain,0.059385159334010236,0.07954921856103483,0.8610656221049549
scene2_geo_dominated_0108.wav,2,geo_dominated,chirping_birds,toilet_flush,crackling_fire,0.005200655102965053,0.0425928121393861,0.9522065327576489
scene2_geo_dominated_0109.wav,2,geo_dominated,chirping_birds,drinking_sipping,water_drops,0.08617795016271619,0.0028950108508634456,0.9109270389864204
scene2_geo_dominated_0110.wav,2,geo_dominated,insects,can_opening,water_drops,0.13494830698424148,0.11176673714097558,0.753284955874783
scene2_geo_dominated_0111.wav,2,geo_dominated,dog,washing_machine,wind,0.04353530783161111,0.16813290477934742,0.7883317873890414
scene2_geo_dominated_0112.wav,2,geo_dominated,pig,glass_breaking,wind,0.05179378053882846,0.19924592588739562,0.748960293573776
scene2_geo_dominated_0113.wav,2,geo_dominated,sneezing,footsteps,crackling_fire,0.060664263396221434,0.39301148910228506,0.5463242475014937
scene2_geo_dominated_0114.wav,2,geo_dominated,hen,mouse_click,water_drops,0.23398638393092527,0.01867961217235574,0.7473340038967189
scene2_geo_dominated_0115.wav,2,geo_dominated,crow,church_bells,wind,0.011177035635967386,0.033514645927915004,0.9553083184361177
scene2_geo_dominated_0116.wav,2,geo_dominated,frog,vacuum_cleaner,rain,0.00855326737821996,0.22365926289646829,0.7677874697253116
scene2_geo_dominated_0117.wav,2,geo_dominated,sheep,car_horn,rain,0.06926004576211058,0.11663038808991674,0.8141095661479726
scene2_geo_dominated_0118.wav,2,geo_dominated,cat,vacuum_cleaner,wind,0.02354340231016232,0.18069090182705771,0.79576569586278
scene2_geo_dominated_0119.wav,2,geo_dominated,insects,airplane,rain,0.18198011086479116,0.06983416801654818,0.7481857211186606
scene2_geo_dominated_0120.wav,2,geo_dominated,pig,keyboard_typing,crackling_fire,0.03240719050903711,0.22194313554210757,0.7456496739488553
scene2_geo_dominated_0121.wav,2,geo_dominated,clapping,fireworks,wind,0.21798722916184843,0.04936186741190069,0.7326509034262507
scene2_geo_dominated_0122.wav,2,geo_dominated,cat,footsteps,water_drops,0.08930372028865448,0.06071038278492938,0.8499858969264161
scene2_geo_dominated_0123.wav,2,geo_dominated,clapping,vacuum_cleaner,wind,0.18971024548507978,0.05023924814388562,0.7600505063710346
scene2_geo_dominated_0124.wav,2,geo_dominated,frog,washing_machine,sea_waves,0.15988032018341447,0.0842170991187621,0.7559025806978235
scene2_geo_dominated_0125.wav,2,geo_dominated,rooster,chainsaw,rain,0.011926386152103481,0.0026565500709898834,0.9854170637769066
scene2_geo_dominated_0126.wav,2,geo_dominated,crying_baby,keyboard_typing,crackling_fire,0.03199961951721726,0.06346440096555576,0.9045359795172269
scene2_geo_dominated_0127.wav,2,geo_dominated,chirping_birds,car_horn,wind,0.03091809526167794,0.01576590631323132,0.9533159984250907
scene2_geo_dominated_0128.wav,2,geo_dominated,chirping_birds,washing_machine,thunderstorm,0.05916311895815951,0.024900304769432217,0.9159365762724083
scene2_geo_dominated_0129.wav,2,geo_dominated,crickets,siren,wind,0.01827462638296941,0.011748954638420975,0.9699764189786096
scene2_geo_dominated_0130.wav,2,geo_dominated,sheep,hand_saw,water_drops,0.03615536693569683,0.14815899570341182,0.8156856373608913
scene2_geo_dominated_0131.wav,2,geo_dominated,breathing,toilet_flush,wind,0.042050268204393615,0.02337032638877302,0.9345794054068334
scene2_geo_dominated_0132.wav,2,geo_dominated,frog,clock_tick,wind,0.07814433794777434,0.1534701621592278,0.7683854998929979
scene2_geo_dominated_0133.wav,2,geo_dominated,sheep,vacuum_cleaner,thunderstorm,0.11027252307186841,0.07706411216078264,0.8126633647673489
scene2_geo_dominated_0134.wav,2,geo_dominated,chirping_birds,helicopter,crackling_fire,0.010411720158138207,0.04326985224109301,0.9463184276007688
scene2_geo_dominated_0135.wav,2,geo_dominated,pig,drinking_sipping,water_drops,0.07167959379933395,0.002644038332822971,0.925676367867843
scene2_geo_dominated_0136.wav,2,geo_dominated,cat,keyboard_typing,crackling_fire,0.005774085880708404,0.016812177833847745,0.9774137362854439
scene2_geo_dominated_0137.wav,2,geo_dominated,pig,door_wood_creaks,rain,0.07105416770260628,0.03327021633798527,0.8956756159594085
scene2_geo_dominated_0138.wav,2,geo_dominated,clapping,fireworks,crackling_fire,0.04144584028164936,0.024731934052563836,0.9338222256657869
scene2_geo_dominated_0139.wav,2,geo_dominated,sheep,keyboard_typing,crackling_fire,0.004089159633648252,0.25471004276501263,0.7412007976013391
scene2_geo_dominated_0140.wav,2,geo_dominated,sheep,clock_alarm,crackling_fire,0.013927511037577753,0.0582539664780769,0.9278185224843454
scene2_geo_dominated_0141.wav,2,geo_dominated,dog,car_horn,rain,0.02857959216894974,0.0966629234695347,0.8747574843615156
scene2_geo_dominated_0142.wav,2,geo_dominated,snoring,train,thunderstorm,0.08532277128170697,0.04707948439658894,0.8675977443217041
scene2_geo_dominated_0143.wav,2,geo_dominated,crying_baby,can_opening,wind,0.11838901794382886,0.14422793715700366,0.7373830448991674
scene2_geo_dominated_0144.wav,2,geo_dominated,insects,vacuum_cleaner,wind,0.025148661999456947,0.09000693533684474,0.8848444026636982
scene2_geo_dominated_0145.wav,2,geo_dominated,insects,clock_tick,water_drops,0.006505202839323028,0.024736100367274284,0.9687586967934027
scene2_geo_dominated_0146.wav,2,geo_dominated,crow,fireworks,rain,0.05707614459093049,0.0015942481526576657,0.9413296072564119
scene2_geo_dominated_0147.wav,2,geo_dominated,crow,brushing_teeth,crackling_fire,0.13716917283157837,0.15230466970866927,0.7105261574597523
scene2_geo_dominated_0148.wav,2,geo_dominated,crickets,engine,sea_waves,0.1799524883281789,0.0761207597367209,0.7439267519351002
scene2_geo_dominated_0149.wav,2,geo_dominated,insects,keyboard_typing,wind,0.0692771398600633,0.027298678042784564,0.9034241820971521
scene2_geo_dominated_0150.wav,2,geo_dominated,sneezing,pouring_water,water_drops,0.16800315255151912,0.08512231614043465,0.7468745313080462
scene2_geo_dominated_0151.wav,2,geo_dominated,breathing,hand_saw,water_drops,0.17151306453391732,0.040092728835352226,0.7883942066307306
scene2_geo_dominated_0152.wav,2,geo_dominated,pig,keyboard_typing,sea_waves,0.021813274272031835,0.04665306450832408,0.9315336612196441
scene2_geo_dominated_0153.wav,2,geo_dominated,hen,door_wood_knock,crackling_fire,0.11875667460125394,0.012081555212614822,0.8691617701861312
scene2_geo_dominated_0154.wav,2,geo_dominated,pig,drinking_sipping,thunderstorm,0.06952208247649437,0.020937117949445663,0.90954079957406
scene2_geo_dominated_0155.wav,2,geo_dominated,coughing,siren,rain,0.2509888217457015,0.07639940975311565,0.6726117685011828
scene2_geo_dominated_0156.wav,2,geo_dominated,crickets,engine,thunderstorm,0.03757417300372176,0.07517175089006449,0.8872540761062137
scene2_geo_dominated_0157.wav,2,geo_dominated,laughing,mouse_click,thunderstorm,0.07400137168507066,0.05084272636267118,0.8751559019522582
scene2_geo_dominated_0158.wav,2,geo_dominated,clapping,door_wood_creaks,thunderstorm,0.18554014013020229,0.002663504475395113,0.8117963553944026
scene2_geo_dominated_0159.wav,2,geo_dominated,frog,pouring_water,wind,0.1306022287732855,0.04580491491274532,0.8235928563139692
scene2_geo_dominated_0160.wav,2,geo_dominated,chirping_birds,mouse_click,sea_waves,0.04007290363704579,0.12969852758628325,0.830228568776671
scene2_geo_dominated_0161.wav,2,geo_dominated,frog,engine,thunderstorm,0.0329970865603436,0.016689148915722107,0.9503137645239342
scene2_geo_dominated_0162.wav,2,geo_dominated,snoring,footsteps,water_drops,0.1371006701669046,0.07323066903014804,0.7896686608029474
scene2_geo_dominated_0163.wav,2,geo_dominated,crickets,airplane,sea_waves,0.14211355282984311,0.19251015515400954,0.6653762920161471
scene2_geo_dominated_0164.wav,2,geo_dominated,rooster,pouring_water,thunderstorm,0.013522756100836909,0.033704128869835204,0.9527731150293278
scene2_geo_dominated_0165.wav,2,geo_dominated,coughing,helicopter,sea_waves,0.013315333264718426,0.06345365466758077,0.9232310120677006
scene2_geo_dominated_0166.wav,2,geo_dominated,cat,train,crackling_fire,0.3012466967773288,0.08653154687507336,0.6122217563475979
scene2_geo_dominated_0167.wav,2,geo_dominated,cat,hand_saw,thunderstorm,0.00874857060485941,0.11113499252851282,0.8801164368666279
scene2_geo_dominated_0168.wav,2,geo_dominated,crickets,toilet_flush,sea_waves,0.04400255152571983,0.03021043262466215,0.925787015849618
scene2_geo_dominated_0169.wav,2,geo_dominated,coughing,brushing_teeth,thunderstorm,0.222088048921065,0.09070294047934288,0.6872090105995922
scene2_geo_dominated_0170.wav,2,geo_dominated,chirping_birds,clock_alarm,rain,0.02130664226375534,0.0764885737408029,0.9022047839954418
scene2_geo_dominated_0171.wav,2,geo_dominated,sheep,car_horn,wind,0.03529266744968304,0.27450771200027535,0.6901996205500416
scene2_geo_dominated_0172.wav,2,geo_dominated,coughing,mouse_click,crackling_fire,0.04893945891914864,0.11438920816433601,0.8366713329165153
scene2_geo_dominated_0173.wav,2,geo_dominated,dog,church_bells,crackling_fire,0.038724074486635014,0.22281850120823657,0.7384574243051284
scene2_geo_dominated_0174.wav,2,geo_dominated,hen,hand_saw,water_drops,0.03568220950776908,0.04370163328312089,0.92061615720911
scene2_geo_dominated_0175.wav,2,geo_dominated,laughing,church_bells,sea_waves,0.1758554692038235,0.07883845717866302,0.7453060736175134
scene2_geo_dominated_0176.wav,2,geo_dominated,rooster,clock_alarm,thunderstorm,0.03478422754762882,0.0003503320595337618,0.9648654403928374
scene2_geo_dominated_0177.wav,2,geo_dominated,crow,pouring_water,thunderstorm,0.018185892261088236,0.02480638839335567,0.9570077193455561
scene2_geo_dominated_0178.wav,2,geo_dominated,pig,keyboard_typing,thunderstorm,0.0685616567932613,0.03270740049117228,0.8987309427155664
scene2_geo_dominated_0179.wav,2,geo_dominated,coughing,washing_machine,sea_waves,0.017408459280658747,0.09058530545602042,0.8920062352633208
scene2_geo_dominated_0180.wav,2,geo_dominated,chirping_birds,drinking_sipping,sea_waves,0.09984682361903426,0.12135666648228297,0.7787965098986829
scene2_geo_dominated_0181.wav,2,geo_dominated,rooster,church_bells,thunderstorm,0.01476232840286768,0.023305611217146967,0.9619320603799854
scene2_geo_dominated_0182.wav,2,geo_dominated,crying_baby,hand_saw,sea_waves,0.12575847094733866,0.16331934791190758,0.7109221811407539
scene2_geo_dominated_0183.wav,2,geo_dominated,crickets,washing_machine,thunderstorm,0.24744474829165633,0.02781888703439164,0.724736364673952
scene2_geo_dominated_0184.wav,2,geo_dominated,hen,fireworks,crackling_fire,0.05739338278911447,0.014697691591627248,0.9279089256192582
scene2_geo_dominated_0185.wav,2,geo_dominated,frog,can_opening,crackling_fire,0.019829258240614735,0.25184361692707585,0.7283271248323094
scene2_geo_dominated_0186.wav,2,geo_dominated,insects,clock_alarm,thunderstorm,0.0685510073769186,0.011378339030397346,0.920070653592684
scene2_geo_dominated_0187.wav,2,geo_dominated,breathing,glass_breaking,rain,0.15765088508292383,0.0025862156307303995,0.8397628992863457
scene2_geo_dominated_0188.wav,2,geo_dominated,chirping_birds,siren,thunderstorm,0.1465575587015036,0.02225395855677188,0.8311884827417246
scene2_geo_dominated_0189.wav,2,geo_dominated,hen,church_bells,sea_waves,0.3007149435842752,0.05566093592101121,0.6436241204947134
scene2_geo_dominated_0190.wav,2,geo_dominated,cow,church_bells,rain,0.024891603975822456,0.16518391860564158,0.8099244774185359
scene2_geo_dominated_0191.wav,2,geo_dominated,coughing,vacuum_cleaner,wind,0.05884174552854603,0.011753803987133361,0.9294044504843205
scene2_geo_dominated_0192.wav,2,geo_dominated,crickets,airplane,sea_waves,0.012961917623063044,0.04597104061455517,0.9410670417623819
scene2_geo_dominated_0193.wav,2,geo_dominated,rooster,train,sea_waves,0.058068290575046595,0.11214748433146808,0.8297842250934855
scene2_geo_dominated_0194.wav,2,geo_dominated,clapping,footsteps,thunderstorm,0.03230889939448244,0.006496527975276001,0.9611945726302416
scene2_geo_dominated_0195.wav,2,geo_dominated,coughing,footsteps,wind,0.1362872925217975,0.07813825726653774,0.7855744502116648
scene2_geo_dominated_0196.wav,2,geo_dominated,laughing,clock_alarm,rain,0.153426602816189,0.031683932407349916,0.8148894647764611
scene2_geo_dominated_0197.wav,2,geo_dominated,frog,drinking_sipping,water_drops,0.14718304617264447,0.0264053860376719,0.8264115677896835
scene2_geo_dominated_0198.wav,2,geo_dominated,rooster,vacuum_cleaner,thunderstorm,0.009271452194997956,0.01959795677305978,0.9711305910319423
scene2_geo_dominated_0199.wav,2,geo_dominated,insects,glass_breaking,wind,0.3296993015738856,0.08979370586368561,0.5805069925624288
scene2_geo_dominated_0200.wav,2,geo_dominated,coughing,vacuum_cleaner,crackling_fire,0.023309845081148733,0.006011476785586529,0.9706786781332647
scene2_geo_dominated_0201.wav,2,geo_dominated,sneezing,airplane,thunderstorm,0.10281204788952193,0.06313802419786174,0.8340499279126163
scene2_geo_dominated_0202.wav,2,geo_dominated,crying_baby,toilet_flush,sea_waves,0.055111095780675586,0.0692693957454751,0.8756195084738494
scene2_geo_dominated_0203.wav,2,geo_dominated,insects,can_opening,crackling_fire,0.027655396508101886,0.15193149878665582,0.8204131047052423
scene2_geo_dominated_0204.wav,2,geo_dominated,coughing,helicopter,rain,0.08204493785892929,0.07919160166574916,0.8387634604753216
scene2_geo_dominated_0205.wav,2,geo_dominated,insects,can_opening,water_drops,0.18831207520563037,0.03775834635117004,0.7739295784431997
scene2_geo_dominated_0206.wav,2,geo_dominated,crying_baby,vacuum_cleaner,wind,0.15844642471564105,0.025209355824746954,0.8163442194596119
scene2_geo_dominated_0207.wav,2,geo_dominated,sheep,mouse_click,wind,0.11647621748869419,0.09886025700552392,0.7846635255057819
scene2_geo_dominated_0208.wav,2,geo_dominated,sheep,washing_machine,water_drops,0.1053850677927235,0.09593107801003134,0.7986838541972453
scene2_geo_dominated_0209.wav,2,geo_dominated,insects,door_wood_creaks,thunderstorm,0.13991053505292192,0.25565767762254227,0.6044317873245358
scene2_geo_dominated_0210.wav,2,geo_dominated,dog,engine,water_drops,0.03382321271758219,0.07354158947238207,0.8926351978100358
scene2_geo_dominated_0211.wav,2,geo_dominated,dog,glass_breaking,thunderstorm,0.012858720497088758,0.20019650039730147,0.7869447791056097
scene2_geo_dominated_0212.wav,2,geo_dominated,coughing,clock_alarm,rain,0.12494513675398386,0.03646306345734792,0.8385917997886682
scene2_geo_dominated_0213.wav,2,geo_dominated,cat,drinking_sipping,wind,0.0529462274064644,0.18401357835966434,0.7630401942338713
scene2_geo_dominated_0214.wav,2,geo_dominated,breathing,vacuum_cleaner,thunderstorm,0.07582414724716659,0.13717476000996842,0.7870010927428649
scene2_geo_dominated_0215.wav,2,geo_dominated,sneezing,fireworks,wind,0.07919296271478239,0.0016880001026341547,0.9191190371825835
scene2_geo_dominated_0216.wav,2,geo_dominated,frog,can_opening,wind,0.0454561281388943,0.10054440081180956,0.8539994710492962
scene2_geo_dominated_0217.wav,2,geo_dominated,cat,church_bells,water_drops,0.001424911715475189,0.011374199077434591,0.9872008892070903
scene2_geo_dominated_0218.wav,2,geo_dominated,clapping,footsteps,wind,0.31991713097536756,0.06787014189267136,0.6122127271319611
scene2_geo_dominated_0219.wav,2,geo_dominated,dog,glass_breaking,thunderstorm,0.0021737130977805353,0.25231917528374537,0.7455071116184742
scene2_geo_dominated_0220.wav,2,geo_dominated,cow,footsteps,sea_waves,0.08993619376923398,0.021258450312629414,0.8888053559181367
scene2_geo_dominated_0221.wav,2,geo_dominated,cat,glass_breaking,rain,0.038237146433815185,0.006277542115000011,0.9554853114511848
scene2_geo_dominated_0222.wav,2,geo_dominated,snoring,clock_tick,thunderstorm,0.01717812462134306,0.0869330723138603,0.8958888030647967
scene2_geo_dominated_0223.wav,2,geo_dominated,hen,footsteps,rain,0.014444856006859269,0.1209230436861701,0.8646321003069707
scene2_geo_dominated_0224.wav,2,geo_dominated,cat,car_horn,wind,0.0928277449239602,0.00032525287890987006,0.9068470021971299
scene2_geo_dominated_0225.wav,2,geo_dominated,laughing,train,wind,0.05275722543132785,0.0003723944122361222,0.9468703801564361
scene2_geo_dominated_0226.wav,2,geo_dominated,crickets,clock_alarm,rain,0.04553634358900999,0.09627575349440498,0.858187902916585
scene2_geo_dominated_0227.wav,2,geo_dominated,crickets,brushing_teeth,wind,0.24291258910219643,0.11260858862393237,0.6444788222738712
scene2_geo_dominated_0228.wav,2,geo_dominated,pig,pouring_water,sea_waves,0.08113967628164033,0.01069350566351176,0.9081668180548479
scene2_geo_dominated_0229.wav,2,geo_dominated,frog,brushing_teeth,water_drops,0.24028578331501757,0.017142339024904696,0.7425718776600778
scene2_geo_dominated_0230.wav,2,geo_dominated,crickets,mouse_click,rain,0.23045728502059667,0.0633570254347701,0.7061856895446331
scene2_geo_dominated_0231.wav,2,geo_dominated,laughing,mouse_click,rain,0.10946904090472391,0.16788553857403657,0.7226454205212396
scene2_geo_dominated_0232.wav,2,geo_dominated,sheep,clock_tick,rain,0.0015022648538102433,0.0462157263393889,0.9522820088068007
scene2_geo_dominated_0233.wav,2,geo_dominated,cat,drinking_sipping,thunderstorm,0.1426607456818246,0.0015698008783041472,0.8557694534398713
scene2_geo_dominated_0234.wav,2,geo_dominated,pig,pouring_water,wind,0.09409790665308371,0.010677831370309226,0.8952242619766071
scene2_geo_dominated_0235.wav,2,geo_dominated,hen,train,crackling_fire,0.08298115523380653,0.06828866368810609,0.8487301810780874
scene2_geo_dominated_0236.wav,2,geo_dominated,hen,airplane,thunderstorm,0.1126644277202731,0.07943695807306364,0.8078986142066632
scene2_geo_dominated_0237.wav,2,geo_dominated,sheep,vacuum_cleaner,rain,0.20640874183074823,0.01779520406111199,0.7757960541081398
scene2_geo_dominated_0238.wav,2,geo_dominated,frog,mouse_click,wind,0.13835343582731738,0.1461608551981496,0.7154857089745331
scene2_geo_dominated_0239.wav,2,geo_dominated,pig,helicopter,water_drops,0.003450119706899298,0.10260139128256643,0.8939484890105343
scene2_geo_dominated_0240.wav,2,geo_dominated,rooster,helicopter,water_drops,0.05361119659833005,0.10965770609349614,0.8367310973081737
scene2_geo_dominated_0241.wav,2,geo_dominated,sneezing,clock_tick,thunderstorm,0.016679008142293793,0.000902036568363563,0.9824189552893425
scene2_geo_dominated_0242.wav,2,geo_dominated,cat,drinking_sipping,wind,0.19908899064987728,0.02537148617301028,0.7755395231771125
scene2_geo_dominated_0243.wav,2,geo_dominated,insects,hand_saw,water_drops,0.01885047457536499,0.02699201037989592,0.9541575150447391
scene2_geo_dominated_0244.wav,2,geo_dominated,laughing,train,wind,0.18042171386476083,0.03365685752551501,0.7859214286097241
scene2_geo_dominated_0245.wav,2,geo_dominated,crow,fireworks,wind,0.03739557673373434,0.18923666704579806,0.7733677562204677
scene2_geo_dominated_0246.wav,2,geo_dominated,clapping,airplane,wind,0.24312612855691035,0.027944805658780388,0.7289290657843092
scene2_geo_dominated_0247.wav,2,geo_dominated,hen,drinking_sipping,wind,0.11943941111652287,0.0083197596204931,0.8722408292629841
scene2_geo_dominated_0248.wav,2,geo_dominated,sneezing,door_wood_knock,sea_waves,0.07289119969226375,0.03273028655859144,0.8943785137491448
scene2_geo_dominated_0249.wav,2,geo_dominated,dog,hand_saw,crackling_fire,0.22120262867546173,0.06482337425570311,0.7139739970688351
scene2_geo_dominated_0250.wav,2,geo_dominated,crow,pouring_water,rain,0.05089550337356587,0.03894409839093079,0.9101603982355033
scene2_geo_dominated_0251.wav,2,geo_dominated,pig,door_wood_creaks,rain,0.13350065606696898,0.12677632514831308,0.7397230187847179
scene2_geo_dominated_0252.wav,2,geo_dominated,crickets,fireworks,water_drops,0.2092342627320769,0.056916788801334973,0.7338489484665881
scene2_geo_dominated_0253.wav,2,geo_dominated,sheep,hand_saw,crackling_fire,0.03570777607847876,0.002890897007055307,0.9614013269144659
scene2_geo_dominated_0254.wav,2,geo_dominated,dog,vacuum_cleaner,rain,0.022540022327238948,0.2064514846493732,0.7710084930233878
scene2_geo_dominated_0255.wav,2,geo_dominated,cat,train,thunderstorm,0.10825521635397088,0.06064001621294612,0.8311047674330831
scene2_geo_dominated_0256.wav,2,geo_dominated,dog,brushing_teeth,thunderstorm,0.04525449192037512,0.0001473911727746195,0.9545981169068504
scene2_geo_dominated_0257.wav,2,geo_dominated,laughing,church_bells,crackling_fire,0.23304080841809244,0.12451757121513753,0.6424416203667699
scene2_geo_dominated_0258.wav,2,geo_dominated,frog,helicopter,wind,0.15442572505856791,0.010763182464363929,0.8348110924770681
scene2_geo_dominated_0259.wav,2,geo_dominated,dog,pouring_water,sea_waves,0.08406013728409371,0.06756978990085788,0.8483700728150485
scene2_geo_dominated_0260.wav,2,geo_dominated,chirping_birds,can_opening,crackling_fire,0.08569032690464468,0.14162637694600996,0.7726832961493454
scene2_geo_dominated_0261.wav,2,geo_dominated,rooster,fireworks,thunderstorm,0.08038838286388525,0.0538596284880086,0.8657519886481061
scene2_geo_dominated_0262.wav,2,geo_dominated,rooster,can_opening,wind,0.159838026539062,0.12988016379910675,0.7102818096618311
scene2_geo_dominated_0263.wav,2,geo_dominated,chirping_birds,vacuum_cleaner,rain,0.021839671192488794,0.120210399560075,0.8579499292474362
scene2_geo_dominated_0264.wav,2,geo_dominated,frog,pouring_water,thunderstorm,0.07752504166464139,0.07833618475273717,0.8441387735826213
scene2_geo_dominated_0265.wav,2,geo_dominated,breathing,car_horn,rain,0.004846500105982748,0.19265133684043742,0.8025021630535798
scene2_geo_dominated_0266.wav,2,geo_dominated,breathing,car_horn,sea_waves,0.08644453016615265,0.38302442427198385,0.5305310455618636
scene2_geo_dominated_0267.wav,2,geo_dominated,sneezing,keyboard_typing,sea_waves,0.08920165878242843,0.0405668450548039,0.8702314961627677
scene2_geo_dominated_0268.wav,2,geo_dominated,sheep,fireworks,crackling_fire,0.0010794254782171546,0.030418580801369395,0.9685019937204135
scene2_geo_dominated_0269.wav,2,geo_dominated,sheep,door_wood_creaks,crackling_fire,0.04758355124221266,0.17337441660635694,0.7790420321514302
scene2_geo_dominated_0270.wav,2,geo_dominated,crying_baby,airplane,water_drops,0.09273747869757931,0.002592050351851314,0.9046704709505694
scene2_geo_dominated_0271.wav,2,geo_dominated,frog,mouse_click,sea_waves,0.02930008889405559,0.01682512126859199,0.9538747898373523
scene2_geo_dominated_0272.wav,2,geo_dominated,pig,church_bells,rain,0.03444728224151336,0.012105267575077044,0.9534474501834096
scene2_geo_dominated_0273.wav,2,geo_dominated,coughing,brushing_teeth,water_drops,0.11539057406391527,0.10569553893580325,0.7789138870002814
scene2_geo_dominated_0274.wav,2,geo_dominated,pig,helicopter,thunderstorm,0.12881899083064471,0.02374582852342442,0.8474351806459309
scene2_geo_dominated_0275.wav,2,geo_dominated,snoring,car_horn,wind,0.1418362230842015,0.08501790665891792,0.7731458702568805
scene2_geo_dominated_0276.wav,2,geo_dominated,breathing,airplane,sea_waves,0.006615583103642358,0.2653318701392514,0.7280525467571063
scene2_geo_dominated_0277.wav,2,geo_dominated,crow,airplane,water_drops,0.16294611922985075,0.11566601973281139,0.721387861037338
scene2_geo_dominated_0278.wav,2,geo_dominated,sheep,airplane,thunderstorm,0.02090706999286756,0.013221037441124012,0.9658718925660084
scene2_geo_dominated_0279.wav,2,geo_dominated,laughing,vacuum_cleaner,sea_waves,0.20412965094674432,0.02627751108700648,0.7695928379662493
scene2_geo_dominated_0280.wav,2,geo_dominated,cow,airplane,sea_waves,0.0879559307847647,0.051888384642124884,0.8601556845731104
scene2_geo_dominated_0281.wav,2,geo_dominated,laughing,helicopter,water_drops,0.036024727444703086,0.0005688496808564247,0.9634064228744406
scene2_geo_dominated_0282.wav,2,geo_dominated,pig,keyboard_typing,thunderstorm,0.059810524058582955,0.2543742931986767,0.6858151827427404
scene2_geo_dominated_0283.wav,2,geo_dominated,rooster,door_wood_knock,sea_waves,0.01239100909873714,0.06967359788556263,0.9179353930157003
scene2_geo_dominated_0284.wav,2,geo_dominated,cat,engine,crackling_fire,0.059913237394029484,0.010872321464034556,0.929214441141936
scene2_geo_dominated_0285.wav,2,geo_dominated,snoring,clock_tick,thunderstorm,0.056271450121091506,0.014326210154730871,0.9294023397241776
scene2_geo_dominated_0286.wav,2,geo_dominated,insects,helicopter,rain,0.14167202355932249,0.06668618409981247,0.791641792340865
scene2_geo_dominated_0287.wav,2,geo_dominated,chirping_birds,footsteps,water_drops,0.02294547625741742,0.038083314982305404,0.9389712087602772
scene2_geo_dominated_0288.wav,2,geo_dominated,sneezing,chainsaw,thunderstorm,0.12972131604075313,0.07702501956962252,0.7932536643896244
scene2_geo_dominated_0289.wav,2,geo_dominated,sheep,keyboard_typing,thunderstorm,0.029268924076089654,0.035380770145398484,0.9353503057785119
scene2_geo_dominated_0290.wav,2,geo_dominated,cat,vacuum_cleaner,water_drops,0.013144126048482046,0.0668945831784772,0.9199612907730408
scene2_geo_dominated_0291.wav,2,geo_dominated,pig,vacuum_cleaner,water_drops,0.2546299588105702,0.13605327804713213,0.6093167631422978
scene2_geo_dominated_0292.wav,2,geo_dominated,crickets,clock_alarm,sea_waves,0.05549000646922026,0.029080587951497098,0.9154294055792828
scene2_geo_dominated_0293.wav,2,geo_dominated,chirping_birds,door_wood_creaks,wind,0.01623909206135217,0.008871112062643944,0.9748897958760039
scene2_geo_dominated_0294.wav,2,geo_dominated,hen,drinking_sipping,sea_waves,0.024820931788633035,0.1626184258866004,0.8125606423247667
scene2_geo_dominated_0295.wav,2,geo_dominated,crickets,train,thunderstorm,0.03197652422072115,0.007003215884725252,0.9610202598945536
scene2_geo_dominated_0296.wav,2,geo_dominated,hen,engine,wind,0.07477152104498423,0.04115758691471161,0.8840708920403042
scene2_geo_dominated_0297.wav,2,geo_dominated,hen,toilet_flush,rain,0.06068836557898341,0.12901127348528824,0.8103003609357283
scene2_geo_dominated_0298.wav,2,geo_dominated,coughing,chainsaw,rain,0.08930076210668969,0.26442741223301697,0.6462718256602933
scene2_geo_dominated_0299.wav,2,geo_dominated,cat,door_wood_knock,thunderstorm,0.17684457740427537,0.1872356446114376,0.6359197779842871
scene2_geo_dominated_0300.wav,2,geo_dominated,cow,siren,water_drops,0.0939688293895683,0.1328333246723319,0.7731978459380998
scene2_geo_dominated_0301.wav,2,geo_dominated,crickets,clock_alarm,water_drops,0.08814789535577203,0.008426964573831543,0.9034251400703965
scene2_geo_dominated_0302.wav,2,geo_dominated,crickets,mouse_click,water_drops,0.01737934691386271,0.05007427585918044,0.9325463772269568
scene2_geo_dominated_0303.wav,2,geo_dominated,clapping,train,crackling_fire,0.05610707198683247,0.17822029586266147,0.7656726321505062
scene2_geo_dominated_0304.wav,2,geo_dominated,dog,clock_alarm,sea_waves,0.051884137615640355,0.09104741147196314,0.8570684509123965
scene2_geo_dominated_0305.wav,2,geo_dominated,clapping,mouse_click,crackling_fire,0.017883667965970955,0.017933478983561138,0.9641828530504679
scene2_geo_dominated_0306.wav,2,geo_dominated,cat,clock_alarm,thunderstorm,0.030174648954778928,0.38171000761370577,0.5881153434315152
scene2_geo_dominated_0307.wav,2,geo_dominated,pig,church_bells,wind,0.36328254903997703,0.11393482935458898,0.5227826216054339
scene2_geo_dominated_0308.wav,2,geo_dominated,hen,door_wood_knock,thunderstorm,0.0262859930504768,0.03094794287951189,0.9427660640700114
scene2_geo_dominated_0309.wav,2,geo_dominated,sneezing,clock_tick,wind,0.04686688099158892,0.055837262257954205,0.8972958567504569
scene2_geo_dominated_0310.wav,2,geo_dominated,insects,drinking_sipping,thunderstorm,0.018873288748587333,0.02915544684284626,0.9519712644085664
scene2_geo_dominated_0311.wav,2,geo_dominated,sneezing,siren,crackling_fire,0.23304725035743096,0.006338745992636274,0.7606140036499328
scene2_geo_dominated_0312.wav,2,geo_dominated,cow,chainsaw,water_drops,0.005387301666999882,0.11852213247324389,0.8760905658597563
scene2_geo_dominated_0313.wav,2,geo_dominated,coughing,washing_machine,water_drops,0.04089074452703044,0.009328242398196001,0.9497810130747737
scene2_geo_dominated_0314.wav,2,geo_dominated,clapping,clock_alarm,water_drops,0.17044720524605902,0.092193590482639,0.7373592042713021
scene2_geo_dominated_0315.wav,2,geo_dominated,chirping_birds,drinking_sipping,wind,0.057300095537375716,0.20543807233183461,0.7372618321307897
scene2_geo_dominated_0316.wav,2,geo_dominated,snoring,can_opening,rain,0.023621552068784992,0.04796644800871059,0.9284119999225043
scene2_geo_dominated_0317.wav,2,geo_dominated,sneezing,train,rain,0.03930615369405122,0.035058107612097204,0.9256357386938516
scene2_geo_dominated_0318.wav,2,geo_dominated,crickets,airplane,sea_waves,0.006138821567997051,0.04089588479051342,0.9529652936414895
scene2_geo_dominated_0319.wav,2,geo_dominated,cat,drinking_sipping,wind,0.037247764967869405,0.025388359555911195,0.9373638754762194
scene2_geo_dominated_0320.wav,2,geo_dominated,hen,fireworks,water_drops,0.012228083026810548,0.006233096825895291,0.9815388201472941
scene2_geo_dominated_0321.wav,2,geo_dominated,breathing,airplane,sea_waves,0.0024676173198377904,0.06665611484696367,0.9308762678331985
scene2_geo_dominated_0322.wav,2,geo_dominated,coughing,clock_alarm,sea_waves,0.009718215644833756,0.102577077371576,0.8877047069835903
scene2_geo_dominated_0323.wav,2,geo_dominated,hen,vacuum_cleaner,sea_waves,0.010856388024273217,0.0969826205717513,0.8921609914039755
scene2_geo_dominated_0324.wav,2,geo_dominated,clapping,door_wood_creaks,sea_waves,0.21285916992695086,0.054324155198193315,0.7328166748748558
scene2_geo_dominated_0325.wav,2,geo_dominated,dog,engine,sea_waves,0.03413219947124703,0.07133384779840692,0.894533952730346
scene2_geo_dominated_0326.wav,2,geo_dominated,coughing,footsteps,thunderstorm,0.07776095030501051,0.0110598130949811,0.9111792366000084
scene2_geo_dominated_0327.wav,2,geo_dominated,breathing,can_opening,water_drops,0.17957911238286717,0.1347322566876892,0.6856886309294437
scene2_geo_dominated_0328.wav,2,geo_dominated,clapping,toilet_flush,crackling_fire,0.030128361012975963,0.03400340947226044,0.9358682295147636
scene2_geo_dominated_0329.wav,2,geo_dominated,snoring,siren,rain,0.14203022498676846,0.040217440826722954,0.8177523341865086
scene2_geo_dominated_0330.wav,2,geo_dominated,chirping_birds,car_horn,thunderstorm,0.04803054864678455,0.17024937428855932,0.781720077064656
scene2_geo_dominated_0331.wav,2,geo_dominated,pig,toilet_flush,water_drops,0.069399586398224,0.004656606348389667,0.9259438072533862
scene2_geo_dominated_0332.wav,2,geo_dominated,dog,door_wood_knock,rain,0.12121064140582698,0.1054424383933142,0.7733469202008588
scene2_geo_dominated_0333.wav,2,geo_dominated,dog,pouring_water,thunderstorm,0.06327603333451239,0.07472590619964228,0.8619980604658454
scene2_geo_dominated_0334.wav,2,geo_dominated,coughing,pouring_water,water_drops,0.04387431634808348,0.3222173224945754,0.6339083611573412
scene2_geo_dominated_0335.wav,2,geo_dominated,coughing,airplane,crackling_fire,0.06530675106945144,0.015617833423309007,0.9190754155072396
scene2_geo_dominated_0336.wav,2,geo_dominated,snoring,clock_alarm,rain,0.08727949725957503,0.030679339677221522,0.8820411630632033
scene2_geo_dominated_0337.wav,2,geo_dominated,crying_baby,glass_breaking,rain,0.09623570428521563,0.1289859492689927,0.7747783464457917
scene2_geo_dominated_0338.wav,2,geo_dominated,crow,door_wood_knock,water_drops,0.03386473027565772,0.03854397850818521,0.927591291216157
scene2_geo_dominated_0339.wav,2,geo_dominated,clapping,church_bells,thunderstorm,0.017488477954718196,0.28402741762625394,0.6984841044190279
scene2_geo_dominated_0340.wav,2,geo_dominated,pig,footsteps,thunderstorm,0.045834897714785765,0.06358574702746655,0.8905793552577478
scene2_geo_dominated_0341.wav,2,geo_dominated,hen,drinking_sipping,sea_waves,0.010442398548260765,0.08360239326136526,0.905955208190374
scene2_geo_dominated_0342.wav,2,geo_dominated,cat,hand_saw,sea_waves,0.03922792735257404,0.030714460003711388,0.9300576126437146
scene2_geo_dominated_0343.wav,2,geo_dominated,hen,drinking_sipping,sea_waves,0.025812698153542108,0.00839358235352956,0.9657937194929284
scene2_geo_dominated_0344.wav,2,geo_dominated,insects,clock_tick,wind,0.15655720387489913,0.03916032558111272,0.804282470543988
scene2_geo_dominated_0345.wav,2,geo_dominated,pig,vacuum_cleaner,crackling_fire,0.15593770357481587,0.015248583112199779,0.8288137133129843
scene2_geo_dominated_0346.wav,2,geo_dominated,crickets,footsteps,thunderstorm,0.07731080344717436,0.031549946967472896,0.8911392495853527
scene2_geo_dominated_0347.wav,2,geo_dominated,rooster,fireworks,water_drops,0.349615714932682,0.045343786575702316,0.6050404984916157
scene2_geo_dominated_0348.wav,2,geo_dominated,breathing,chainsaw,sea_waves,0.1533802543965262,0.13306796700968132,0.7135517785937925
scene2_geo_dominated_0349.wav,2,geo_dominated,laughing,door_wood_knock,rain,0.042118796708536174,0.02137813506848322,0.9365030682229806
scene2_geo_dominated_0350.wav,2,geo_dominated,hen,airplane,wind,0.18050256834551803,0.0716732705525374,0.7478241611019446
scene2_geo_dominated_0351.wav,2,geo_dominated,snoring,helicopter,sea_waves,0.22449979181966614,0.025544636414340204,0.7499555717659936
scene2_geo_dominated_0352.wav,2,geo_dominated,frog,train,water_drops,0.015011664102735963,0.03382232275634978,0.9511660131409143
scene2_geo_dominated_0353.wav,2,geo_dominated,sheep,church_bells,water_drops,0.005870380151001844,0.005765526871687406,0.9883640929773109
scene2_geo_dominated_0354.wav,2,geo_dominated,laughing,helicopter,wind,0.004729869193929317,0.008608982962823681,0.9866611478432471
scene2_geo_dominated_0355.wav,2,geo_dominated,rooster,chainsaw,thunderstorm,0.026025328123342874,0.04019450665746498,0.933780165219192
scene2_geo_dominated_0356.wav,2,geo_dominated,cat,mouse_click,water_drops,0.006814588413415697,0.13303640113721865,0.8601490104493656
scene2_geo_dominated_0357.wav,2,geo_dominated,snoring,hand_saw,crackling_fire,0.005803966214036465,0.05209199112653052,0.942104042659433
scene2_geo_dominated_0358.wav,2,geo_dominated,cow,clock_tick,rain,0.05220803932593305,0.06888212379520146,0.8789098368788655
scene2_geo_dominated_0359.wav,2,geo_dominated,chirping_birds,fireworks,sea_waves,0.08437718119939876,0.031069127265120813,0.8845536915354805
scene2_geo_dominated_0360.wav,2,geo_dominated,pig,mouse_click,wind,0.00401641194587616,0.01613044936114364,0.9798531386929802
scene2_geo_dominated_0361.wav,2,geo_dominated,rooster,mouse_click,thunderstorm,0.011033182548174376,0.0006446634546636337,0.988322153997162
scene2_geo_dominated_0362.wav,2,geo_dominated,sheep,hand_saw,water_drops,0.16884209382185633,0.02902240853271781,0.8021354976454259
scene2_geo_dominated_0363.wav,2,geo_dominated,hen,fireworks,wind,0.05033573132920696,0.0997190652737712,0.8499452033970217
scene2_geo_dominated_0364.wav,2,geo_dominated,cat,footsteps,crackling_fire,0.2309053881328244,0.09498221841656611,0.6741123934506094
scene2_geo_dominated_0365.wav,2,geo_dominated,crickets,fireworks,water_drops,0.04377329838909806,0.09310070254082091,0.8631259990700809
scene2_geo_dominated_0366.wav,2,geo_dominated,cat,hand_saw,sea_waves,0.10620987536855034,0.007409057367506323,0.8863810672639433
scene2_geo_dominated_0367.wav,2,geo_dominated,crying_baby,toilet_flush,thunderstorm,0.07997822356466895,0.24727657522229085,0.6727452012130402
scene2_geo_dominated_0368.wav,2,geo_dominated,frog,hand_saw,thunderstorm,0.05729525363139975,0.007366174961813588,0.9353385714067867
scene2_geo_dominated_0369.wav,2,geo_dominated,crying_baby,door_wood_creaks,rain,0.03758242582974109,0.13710398332847573,0.8253135908417832
scene2_geo_dominated_0370.wav,2,geo_dominated,crow,airplane,wind,0.06042559657517876,0.15465066485254603,0.7849237385722752
scene2_geo_dominated_0371.wav,2,geo_dominated,crying_baby,chainsaw,rain,0.019559716169966816,0.11497712480366025,0.8654631590263729
scene2_geo_dominated_0372.wav,2,geo_dominated,breathing,church_bells,rain,0.11084630080863275,0.04441830653525861,0.8447353926561088
scene2_geo_dominated_0373.wav,2,geo_dominated,hen,glass_breaking,crackling_fire,0.03890024043743733,0.21524583985473822,0.7458539197078244
scene2_geo_dominated_0374.wav,2,geo_dominated,rooster,footsteps,rain,0.147765402978716,0.21856719976927716,0.6336673972520069
scene2_geo_dominated_0375.wav,2,geo_dominated,frog,train,wind,0.05234747964905603,0.0616210045595838,0.8860315157913601
scene2_geo_dominated_0376.wav,2,geo_dominated,pig,clock_tick,crackling_fire,0.09333304262283794,0.03957345744946681,0.8670934999276952
scene2_geo_dominated_0377.wav,2,geo_dominated,snoring,car_horn,wind,0.08940775510343091,0.023092407800563243,0.8874998370960058
scene2_geo_dominated_0378.wav,2,geo_dominated,rooster,car_horn,thunderstorm,0.07703118811719813,0.09233748034021738,0.8306313315425845
scene2_geo_dominated_0379.wav,2,geo_dominated,breathing,door_wood_creaks,sea_waves,0.00865566496075102,0.10279022564251108,0.8885541093967378
scene2_geo_dominated_0380.wav,2,geo_dominated,cat,hand_saw,sea_waves,0.03679772310412444,0.09557167906367714,0.8676305978321984
scene2_geo_dominated_0381.wav,2,geo_dominated,clapping,keyboard_typing,wind,0.03515888974976609,0.007286450524209164,0.9575546597260247
scene2_geo_dominated_0382.wav,2,geo_dominated,snoring,helicopter,rain,0.06397800184261657,0.047440579768046734,0.8885814183893368
scene2_geo_dominated_0383.wav,2,geo_dominated,breathing,car_horn,thunderstorm,0.04346702483911333,0.036894546680602325,0.9196384284802843
scene2_geo_dominated_0384.wav,2,geo_dominated,clapping,keyboard_typing,wind,0.10936772266094222,0.017365110274372434,0.8732671670646853
scene2_geo_dominated_0385.wav,2,geo_dominated,pig,vacuum_cleaner,water_drops,0.0650165006082192,0.14302541047212283,0.7919580889196578
scene2_geo_dominated_0386.wav,2,geo_dominated,cat,vacuum_cleaner,thunderstorm,0.07360433048220161,0.012721645215164258,0.9136740243026341
scene2_geo_dominated_0387.wav,2,geo_dominated,hen,clock_alarm,crackling_fire,0.020028250230251322,0.004884848932714827,0.9750869008370338
scene2_geo_dominated_0388.wav,2,geo_dominated,hen,train,sea_waves,0.08553474511114646,0.13354278702722364,0.7809224678616299
scene2_geo_dominated_0389.wav,2,geo_dominated,frog,pouring_water,rain,0.07518095935788434,0.08914393759813358,0.8356751030439822
scene2_geo_dominated_0390.wav,2,geo_dominated,rooster,glass_breaking,wind,0.0443646494055085,0.00016672100303038648,0.9554686295914612
scene2_geo_dominated_0391.wav,2,geo_dominated,chirping_birds,drinking_sipping,water_drops,0.033285745301961364,0.12035089607927854,0.8463633586187601
scene2_geo_dominated_0392.wav,2,geo_dominated,dog,can_opening,rain,0.11342252816185723,0.06707152531531514,0.8195059465228276
scene2_geo_dominated_0393.wav,2,geo_dominated,hen,drinking_sipping,water_drops,0.012760438745552187,0.1179474637747584,0.8692920974796893
scene2_geo_dominated_0394.wav,2,geo_dominated,rooster,pouring_water,sea_waves,0.165256230739829,0.18338323934440323,0.6513605299157679
scene2_geo_dominated_0395.wav,2,geo_dominated,cow,keyboard_typing,rain,0.0012160845111680388,0.0049573568012306665,0.9938265586876012
scene2_geo_dominated_0396.wav,2,geo_dominated,hen,toilet_flush,wind,0.021140759678398565,0.0232059723817807,0.9556532679398207
scene2_geo_dominated_0397.wav,2,geo_dominated,laughing,clock_tick,water_drops,0.009763607307414032,0.21151912736479137,0.7787172653277947
scene2_geo_dominated_0398.wav,2,geo_dominated,crickets,helicopter,crackling_fire,0.1801568750862933,0.04553817174845396,0.7743049531652526
scene2_geo_dominated_0399.wav,2,geo_dominated,clapping,train,crackling_fire,0.1912410605101302,0.006905676929493419,0.8018532625603765
scene2_geo_dominated_0400.wav,2,geo_dominated,crickets,mouse_click,crackling_fire,0.032299783635290485,0.03374062799858377,0.9339595883661257
scene2_geo_dominated_0401.wav,2,geo_dominated,hen,hand_saw,wind,0.22812444220810266,0.12388076110459258,0.6479947966873048
scene2_geo_dominated_0402.wav,2,geo_dominated,rooster,mouse_click,rain,0.03152775347059432,0.05367310671842588,0.9147991398109797
scene2_geo_dominated_0403.wav,2,geo_dominated,hen,pouring_water,rain,0.11250610252826619,0.2781414567093128,0.609352440762421
scene2_geo_dominated_0404.wav,2,geo_dominated,crickets,siren,thunderstorm,0.011179293824013824,0.08900070415281093,0.8998200020231752
scene2_geo_dominated_0405.wav,2,geo_dominated,insects,car_horn,wind,0.1666243110235682,0.11698862075112254,0.7163870682253093
scene2_geo_dominated_0406.wav,2,geo_dominated,snoring,church_bells,crackling_fire,0.015093683776760153,0.032829848000819006,0.9520764682224209
scene2_geo_dominated_0407.wav,2,geo_dominated,clapping,door_wood_knock,sea_waves,0.031636723141575146,0.1662696423461592,0.8020936345122657
scene2_geo_dominated_0408.wav,2,geo_dominated,cow,fireworks,wind,0.03729516835512412,0.06699633982153742,0.8957084918233384
scene2_geo_dominated_0409.wav,2,geo_dominated,sneezing,glass_breaking,water_drops,0.06462950080702277,0.034781780213343806,0.9005887189796334
scene2_geo_dominated_0410.wav,2,geo_dominated,sneezing,clock_tick,sea_waves,0.05214805734692162,0.007148266203189544,0.940703676449889
scene2_geo_dominated_0411.wav,2,geo_dominated,frog,footsteps,wind,0.014863386616857105,0.13418149909596275,0.8509551142871803
scene2_geo_dominated_0412.wav,2,geo_dominated,hen,vacuum_cleaner,water_drops,0.012546664310499722,0.09589932959840337,0.891554006091097
scene2_geo_dominated_0413.wav,2,geo_dominated,chirping_birds,footsteps,rain,0.0034743534915085434,0.11110226665597282,0.8854233798525186
scene2_geo_dominated_0414.wav,2,geo_dominated,breathing,brushing_teeth,crackling_fire,0.017795857045417533,0.3104147178542686,0.6717894251003139
scene2_geo_dominated_0415.wav,2,geo_dominated,crickets,drinking_sipping,rain,0.08546399950238173,0.043550470175416564,0.8709855303222018
scene2_geo_dominated_0416.wav,2,geo_dominated,crying_baby,door_wood_knock,crackling_fire,0.03614105589497682,0.012838935357470209,0.951020008747553
scene2_geo_dominated_0417.wav,2,geo_dominated,breathing,drinking_sipping,wind,0.09578659082932803,0.13555124803215374,0.7686621611385182
scene2_geo_dominated_0418.wav,2,geo_dominated,sneezing,fireworks,sea_waves,0.047008631979695195,0.11949610835796098,0.833495259662344
scene2_geo_dominated_0419.wav,2,geo_dominated,coughing,car_horn,crackling_fire,0.115447444993553,0.07256044850545341,0.8119921065009935
scene2_geo_dominated_0420.wav,2,geo_dominated,cow,train,wind,0.17053053486071465,0.005039038951614201,0.824430426187671
scene2_geo_dominated_0421.wav,2,geo_dominated,cat,door_wood_knock,wind,0.030763109932736957,0.07384348703044456,0.8953934030368186
scene2_geo_dominated_0422.wav,2,geo_dominated,coughing,vacuum_cleaner,rain,0.01472516636194249,0.010165913364089353,0.9751089202739682
scene2_geo_dominated_0423.wav,2,geo_dominated,breathing,chainsaw,sea_waves,0.034962994795218395,0.02184132588623488,0.9431956793185468
scene2_geo_dominated_0424.wav,2,geo_dominated,breathing,vacuum_cleaner,sea_waves,0.10814434138920248,0.11810727752686695,0.7737483810839306
scene2_geo_dominated_0425.wav,2,geo_dominated,pig,siren,sea_waves,0.040064434688539485,0.07563062203509,0.8843049432763707
scene2_geo_dominated_0426.wav,2,geo_dominated,cat,washing_machine,thunderstorm,0.005985449785040397,0.17539061649339202,0.8186239337215677
scene2_geo_dominated_0427.wav,2,geo_dominated,crickets,footsteps,water_drops,0.1587187926827453,0.03943858190097484,0.8018426254162799
scene2_geo_dominated_0428.wav,2,geo_dominated,sheep,helicopter,water_drops,0.055332154213487826,0.26805216156371564,0.6766156842227965
scene2_geo_dominated_0429.wav,2,geo_dominated,laughing,door_wood_knock,wind,0.11491785111842724,0.06009816980429623,0.8249839790772765
scene2_geo_dominated_0430.wav,2,geo_dominated,sneezing,footsteps,rain,0.15998641520406456,0.051652987526276936,0.7883605972696586
scene2_geo_dominated_0431.wav,2,geo_dominated,chirping_birds,footsteps,sea_waves,0.044586667457848235,0.03689471485989493,0.9185186176822567
scene2_geo_dominated_0432.wav,2,geo_dominated,laughing,airplane,sea_waves,0.09956720628915704,0.03655928711169857,0.8638735065991444
scene2_geo_dominated_0433.wav,2,geo_dominated,coughing,clock_tick,wind,0.05184377913250196,0.0864429972173827,0.8617132236501153
scene2_geo_dominated_0434.wav,2,geo_dominated,hen,washing_machine,sea_waves,0.02216138395346051,0.036527597393663055,0.9413110186528764
scene2_geo_dominated_0435.wav,2,geo_dominated,chirping_birds,pouring_water,wind,0.08700386717782578,0.004270102369072856,0.9087260304531014
scene2_geo_dominated_0436.wav,2,geo_dominated,crying_baby,train,crackling_fire,0.033199981420470606,0.004104248450012225,0.962695770129517
scene2_geo_dominated_0437.wav,2,geo_dominated,chirping_birds,church_bells,thunderstorm,0.014382623899614132,0.06718629045250184,0.918431085647884
scene2_geo_dominated_0438.wav,2,geo_dominated,crying_baby,door_wood_knock,thunderstorm,0.009001647464511412,0.04565766266934842,0.9453406898661403
scene2_geo_dominated_0439.wav,2,geo_dominated,dog,airplane,rain,0.05789455239399676,0.23526665650356296,0.7068387911024402
scene2_geo_dominated_0440.wav,2,geo_dominated,cat,glass_breaking,water_drops,0.08434156008518656,0.010435713886174869,0.9052227260286385
scene2_geo_dominated_0441.wav,2,geo_dominated,sneezing,clock_alarm,thunderstorm,0.08124994692055036,0.07016787301668351,0.8485821800627661
scene2_geo_dominated_0442.wav,2,geo_dominated,clapping,footsteps,thunderstorm,0.015515279820425283,0.0560760832360827,0.9284086369434921
scene2_geo_dominated_0443.wav,2,geo_dominated,cow,clock_tick,thunderstorm,0.08595622913059286,0.12226766914145791,0.7917761017279492
scene2_geo_dominated_0444.wav,2,geo_dominated,rooster,chainsaw,thunderstorm,0.005290524193251804,0.04149199573010402,0.9532174800766442
scene2_geo_dominated_0445.wav,2,geo_dominated,crying_baby,brushing_teeth,sea_waves,0.17849332268297594,0.020232370429737946,0.8012743068872862
scene2_geo_dominated_0446.wav,2,geo_dominated,dog,mouse_click,crackling_fire,0.12871118291591843,0.02225962203954726,0.8490291950445343
scene2_geo_dominated_0447.wav,2,geo_dominated,hen,vacuum_cleaner,sea_waves,0.10560274357366671,0.06191585649977272,0.8324813999265605
scene2_geo_dominated_0448.wav,2,geo_dominated,snoring,train,sea_waves,0.10028496384966946,0.05500318404617489,0.8447118521041558
scene2_geo_dominated_0449.wav,2,geo_dominated,sneezing,footsteps,crackling_fire,0.024762549611574883,0.11398741985855582,0.8612500305298694
scene2_geo_dominated_0450.wav,2,geo_dominated,sneezing,airplane,thunderstorm,0.036506937201884825,0.03525598266960084,0.9282370801285145
scene2_geo_dominated_0451.wav,2,geo_dominated,clapping,toilet_flush,sea_waves,0.060570787299973186,0.20061302558742553,0.7388161871126013
scene2_geo_dominated_0452.wav,2,geo_dominated,crow,footsteps,crackling_fire,0.23592567558197358,0.024985029082927462,0.7390892953350989
scene2_geo_dominated_0453.wav,2,geo_dominated,rooster,footsteps,sea_waves,0.08452932434456514,0.06511353552595629,0.8503571401294785
scene2_geo_dominated_0454.wav,2,geo_dominated,sneezing,drinking_sipping,crackling_fire,0.14414079811840916,0.005783431710211073,0.8500757701713797
scene2_geo_dominated_0455.wav,2,geo_dominated,clapping,footsteps,sea_waves,0.0353844706873673,0.0013327289860188708,0.9632828003266137
scene2_geo_dominated_0456.wav,2,geo_dominated,coughing,train,thunderstorm,0.06470960390807971,0.28825100070848236,0.6470393953834379
scene2_geo_dominated_0457.wav,2,geo_dominated,coughing,glass_breaking,crackling_fire,0.18152008602293018,0.23568213664673832,0.5827977773303314
scene2_geo_dominated_0458.wav,2,geo_dominated,chirping_birds,fireworks,sea_waves,0.011513185144192117,0.029990108076967774,0.9584967067788401
scene2_geo_dominated_0459.wav,2,geo_dominated,snoring,hand_saw,thunderstorm,0.01214120488600988,0.0495221613638557,0.9383366337501343
scene2_geo_dominated_0460.wav,2,geo_dominated,chirping_birds,glass_breaking,wind,0.012411271191832348,0.052791202876163,0.9347975259320047
scene2_geo_dominated_0461.wav,2,geo_dominated,cow,chainsaw,sea_waves,0.0896787001879556,0.047202514786346794,0.8631187850256976
scene2_geo_dominated_0462.wav,2,geo_dominated,crickets,airplane,sea_waves,0.02304828004227314,0.029115825271841225,0.9478358946858857
scene2_geo_dominated_0463.wav,2,geo_dominated,snoring,clock_alarm,rain,0.1347197278825961,0.11073494204349721,0.7545453300739067
scene2_geo_dominated_0464.wav,2,geo_dominated,sneezing,door_wood_knock,thunderstorm,0.08169753484774558,0.05738101683390639,0.8609214483183479
scene2_geo_dominated_0465.wav,2,geo_dominated,snoring,hand_saw,thunderstorm,0.029483719602765662,0.10440336833907662,0.8661129120581575
scene2_geo_dominated_0466.wav,2,geo_dominated,frog,toilet_flush,crackling_fire,0.26839272239692796,0.14111697670542706,0.5904903008976451
scene2_geo_dominated_0467.wav,2,geo_dominated,clapping,keyboard_typing,sea_waves,0.24878815892785774,0.12515407572024295,0.6260577653518993
scene2_geo_dominated_0468.wav,2,geo_dominated,dog,glass_breaking,crackling_fire,0.09032393224566301,0.061310728696085025,0.848365339058252
scene2_geo_dominated_0469.wav,2,geo_dominated,pig,clock_tick,water_drops,0.005712024321030496,0.27437812677997514,0.7199098488989943
scene2_geo_dominated_0470.wav,2,geo_dominated,insects,helicopter,water_drops,0.2819002343144951,0.03508389349726023,0.6830158721882446
scene2_geo_dominated_0471.wav,2,geo_dominated,chirping_birds,vacuum_cleaner,crackling_fire,0.041083493832744844,0.10139676402910906,0.8575197421381462
scene2_geo_dominated_0472.wav,2,geo_dominated,sheep,church_bells,thunderstorm,0.14290592843279057,0.22370879812878264,0.6333852734384268
scene2_geo_dominated_0473.wav,2,geo_dominated,coughing,church_bells,thunderstorm,0.3069862127046864,0.009952201451189156,0.6830615858441245
scene2_geo_dominated_0474.wav,2,geo_dominated,frog,can_opening,water_drops,0.13047693118682735,0.14816936141965534,0.7213537073935173
scene2_geo_dominated_0475.wav,2,geo_dominated,clapping,footsteps,water_drops,0.07471650196862768,0.017625953434376194,0.9076575445969962
scene2_geo_dominated_0476.wav,2,geo_dominated,hen,clock_tick,wind,0.03220217170831725,0.12831542233414386,0.839482405957539
scene2_geo_dominated_0477.wav,2,geo_dominated,frog,footsteps,thunderstorm,0.040753369531743536,0.06157167171289179,0.8976749587553647
scene2_geo_dominated_0478.wav,2,geo_dominated,hen,toilet_flush,rain,0.09538661542645725,0.175338433022729,0.7292749515508138
scene2_geo_dominated_0479.wav,2,geo_dominated,dog,hand_saw,water_drops,0.1945725033230622,0.18917279773792933,0.6162546989390085
scene2_geo_dominated_0480.wav,2,geo_dominated,rooster,clock_alarm,thunderstorm,0.05785134938379901,0.03292915108808255,0.9092194995281185
scene2_geo_dominated_0481.wav,2,geo_dominated,sheep,airplane,rain,0.12564456107807345,0.02248474297258339,0.8518706959493432
scene2_geo_dominated_0482.wav,2,geo_dominated,crickets,airplane,water_drops,0.0016700772480200013,0.3112131459343881,0.687116776817592
scene2_geo_dominated_0483.wav,2,geo_dominated,chirping_birds,toilet_flush,crackling_fire,0.026193117768249997,0.01577689692218209,0.9580299853095677
scene2_geo_dominated_0484.wav,2,geo_dominated,crickets,church_bells,water_drops,0.021631117113782242,0.0354655881508804,0.9429032947353374
scene2_geo_dominated_0485.wav,2,geo_dominated,chirping_birds,can_opening,water_drops,0.014582491165673447,0.31030443019132026,0.6751130786430063
scene2_geo_dominated_0486.wav,2,geo_dominated,sheep,car_horn,sea_waves,0.13612036743263273,0.03613922911347797,0.8277404034538892
scene2_geo_dominated_0487.wav,2,geo_dominated,dog,siren,sea_waves,0.07203074507678438,0.31792724521835686,0.6100420097048588
scene2_geo_dominated_0488.wav,2,geo_dominated,coughing,keyboard_typing,rain,0.004300002906390578,0.00032965284707002973,0.9953703442465394
scene2_geo_dominated_0489.wav,2,geo_dominated,insects,can_opening,water_drops,0.0342133583174929,0.17239754850260866,0.7933890931798984
scene2_geo_dominated_0490.wav,2,geo_dominated,frog,door_wood_knock,water_drops,0.24117971644044395,0.14758699899102956,0.6112332845685267
scene2_geo_dominated_0491.wav,2,geo_dominated,coughing,clock_tick,sea_waves,0.15298006794623015,0.2256522623959283,0.6213676696578415
scene2_geo_dominated_0492.wav,2,geo_dominated,sheep,car_horn,wind,0.23722679468479319,0.13704534596173354,0.6257278593534733
scene2_geo_dominated_0493.wav,2,geo_dominated,clapping,hand_saw,crackling_fire,0.09468225959506359,0.022541036029065088,0.8827767043758714
scene2_geo_dominated_0494.wav,2,geo_dominated,sneezing,helicopter,wind,0.005944772809730221,0.014823522750537521,0.9792317044397323
scene2_geo_dominated_0495.wav,2,geo_dominated,clapping,vacuum_cleaner,rain,0.042435038991000665,0.01119380914597698,0.9463711518630225
scene2_geo_dominated_0496.wav,2,geo_dominated,coughing,fireworks,crackling_fire,0.002681393532234218,0.17143703425669324,0.8258815722110725
scene2_geo_dominated_0497.wav,2,geo_dominated,cat,siren,wind,0.17576169257653793,0.2888552783557999,0.5353830290676623
scene2_geo_dominated_0498.wav,2,geo_dominated,laughing,fireworks,wind,0.09269018535672273,0.03848292555353762,0.8688268890897397
scene2_geo_dominated_0499.wav,2,geo_dominated,coughing,pouring_water,water_drops,0.025074469979960667,0.17673001692000734,0.798195513100032
scene2_geo_dominated_0500.wav,2,geo_dominated,hen,helicopter,rain,0.11334166595987441,0.09915255612337029,0.7875057779167554
scene2_geo_dominated_0501.wav,2,geo_dominated,breathing,door_wood_knock,rain,0.022746296713237524,0.10420589892531482,0.8730478043614477
scene2_geo_dominated_0502.wav,2,geo_dominated,insects,fireworks,crackling_fire,0.027107349267564113,0.019705652201300917,0.9531869985311349
scene2_geo_dominated_0503.wav,2,geo_dominated,cow,pouring_water,sea_waves,0.003169185779237772,0.1033038251687474,0.8935269890520149
scene2_geo_dominated_0504.wav,2,geo_dominated,frog,drinking_sipping,crackling_fire,0.05015673187568561,0.029266340238036294,0.9205769278862781
scene2_geo_dominated_0505.wav,2,geo_dominated,breathing,siren,rain,0.19964745815139648,0.0979289069189935,0.70242363492961
scene2_geo_dominated_0506.wav,2,geo_dominated,clapping,toilet_flush,crackling_fire,0.011492718930968038,0.07758156170255016,0.9109257193664819
scene2_geo_dominated_0507.wav,2,geo_dominated,crying_baby,glass_breaking,thunderstorm,0.058999953365906375,0.023596401451438296,0.9174036451826554
scene2_geo_dominated_0508.wav,2,geo_dominated,crickets,mouse_click,thunderstorm,0.044511861582736796,0.0949127557232092,0.860575382694054
scene2_geo_dominated_0509.wav,2,geo_dominated,sheep,glass_breaking,crackling_fire,0.1018876978103924,0.18403298691857542,0.7140793152710322
scene2_geo_dominated_0510.wav,2,geo_dominated,sheep,airplane,crackling_fire,0.021783420828807392,0.06024163688120331,0.9179749422899893
scene2_geo_dominated_0511.wav,2,geo_dominated,crickets,siren,sea_waves,0.034157078164683434,0.19144496835984479,0.7743979534754717
scene2_geo_dominated_0512.wav,2,geo_dominated,sheep,siren,rain,0.10837725380454263,0.061767670745097696,0.8298550754503597
scene2_geo_dominated_0513.wav,2,geo_dominated,crying_baby,vacuum_cleaner,rain,0.0887662023613178,0.044466947638096055,0.8667668500005861
scene2_geo_dominated_0514.wav,2,geo_dominated,coughing,church_bells,crackling_fire,0.031030359508508607,0.024280806069613435,0.944688834421878
scene2_geo_dominated_0515.wav,2,geo_dominated,cow,vacuum_cleaner,wind,0.085682767284644,0.00794937927239559,0.9063678534429604
scene2_geo_dominated_0516.wav,2,geo_dominated,coughing,vacuum_cleaner,crackling_fire,0.10567513432301837,0.07691079849223138,0.8174140671847501
scene2_geo_dominated_0517.wav,2,geo_dominated,cow,pouring_water,water_drops,0.05277368414243447,0.027959298230929325,0.9192670176266362
scene2_geo_dominated_0518.wav,2,geo_dominated,hen,footsteps,thunderstorm,0.004352315541903782,0.049288806038547316,0.9463588784195488
scene2_geo_dominated_0519.wav,2,geo_dominated,clapping,clock_tick,wind,0.07255865876892273,0.10396563296003171,0.8234757082710454
scene2_geo_dominated_0520.wav,2,geo_dominated,crow,church_bells,thunderstorm,0.24824627628958787,0.0412041420897606,0.7105495816206516
scene2_geo_dominated_0521.wav,2,geo_dominated,sheep,keyboard_typing,wind,0.12325014977886813,0.029101095873907603,0.8476487543472243
scene2_geo_dominated_0522.wav,2,geo_dominated,cow,helicopter,crackling_fire,0.15033551690216476,0.039313155972323086,0.8103513271255123
scene2_geo_dominated_0523.wav,2,geo_dominated,dog,vacuum_cleaner,thunderstorm,0.0058487550315589965,0.005143397929012368,0.9890078470394285
scene2_geo_dominated_0524.wav,2,geo_dominated,frog,car_horn,thunderstorm,0.05187984185072217,0.07050086831547635,0.8776192898338014
scene2_geo_dominated_0525.wav,2,geo_dominated,coughing,drinking_sipping,sea_waves,0.1313129717645668,0.024649092437397352,0.8440379357980358
scene2_geo_dominated_0526.wav,2,geo_dominated,clapping,engine,thunderstorm,0.07756360163072959,0.026335360175928958,0.8961010381933414
scene2_geo_dominated_0527.wav,2,geo_dominated,pig,chainsaw,water_drops,0.10330195596631994,0.059526779880246926,0.8371712641534331
scene2_geo_dominated_0528.wav,2,geo_dominated,dog,airplane,sea_waves,0.07157737265851598,0.006895371284530864,0.9215272560569531
scene2_geo_dominated_0529.wav,2,geo_dominated,crying_baby,mouse_click,crackling_fire,0.28132781976952415,0.09709512820799128,0.6215770520224846
scene2_geo_dominated_0530.wav,2,geo_dominated,cat,siren,crackling_fire,0.025735357415734836,0.16933556410479828,0.8049290784794668
scene2_geo_dominated_0531.wav,2,geo_dominated,clapping,hand_saw,thunderstorm,0.002875394278712288,0.1762662722953593,0.8208583334259285
scene2_geo_dominated_0532.wav,2,geo_dominated,crying_baby,airplane,rain,0.11397891957785725,0.06453336846757525,0.8214877119545675
scene2_geo_dominated_0533.wav,2,geo_dominated,hen,brushing_teeth,wind,0.12378470940442798,0.17042638370712707,0.705788906888445
scene2_geo_dominated_0534.wav,2,geo_dominated,crying_baby,footsteps,rain,0.053854393861777115,0.10374238050328373,0.8424032256349391
scene2_geo_dominated_0535.wav,2,geo_dominated,clapping,fireworks,thunderstorm,0.0007332976301783285,0.06398926880440096,0.9352774335654208
scene2_geo_dominated_0536.wav,2,geo_dominated,clapping,drinking_sipping,crackling_fire,0.09605137065125503,0.24854075645045792,0.6554078728982872
scene2_geo_dominated_0537.wav,2,geo_dominated,rooster,clock_tick,thunderstorm,0.1832609369467899,0.01978051091925003,0.79695855213396
scene2_geo_dominated_0538.wav,2,geo_dominated,cat,airplane,rain,0.10695108680159,0.05962971230796843,0.8334192008904414
scene2_geo_dominated_0539.wav,2,geo_dominated,breathing,chainsaw,water_drops,0.10060919129169126,0.07963472461107274,0.8197560840972361
scene2_geo_dominated_0540.wav,2,geo_dominated,frog,drinking_sipping,crackling_fire,0.055660582972239636,0.03084900702681997,0.9134904100009403
scene2_geo_dominated_0541.wav,2,geo_dominated,cow,chainsaw,sea_waves,0.2764395658362834,0.06999030264190224,0.6535701315218144
scene2_geo_dominated_0542.wav,2,geo_dominated,pig,train,rain,0.02576583744242947,0.01635256530133895,0.9578815972562316
scene2_geo_dominated_0543.wav,2,geo_dominated,cow,can_opening,wind,0.09913191523374475,0.02585732247560079,0.8750107622906544
scene2_geo_dominated_0544.wav,2,geo_dominated,rooster,fireworks,sea_waves,0.19201265098201284,0.02813528655166667,0.7798520624663204
scene2_geo_dominated_0545.wav,2,geo_dominated,hen,keyboard_typing,water_drops,0.09359697284305074,0.16666208907920277,0.7397409380777467
scene2_geo_dominated_0546.wav,2,geo_dominated,hen,hand_saw,sea_waves,0.14091247251314787,0.028445643809365193,0.8306418836774869
scene2_geo_dominated_0547.wav,2,geo_dominated,clapping,engine,water_drops,0.12982486301612864,0.2977563791824194,0.572418757801452
scene2_geo_dominated_0548.wav,2,geo_dominated,cow,keyboard_typing,crackling_fire,0.052344735296685395,0.015622480208571349,0.9320327844947431
scene2_geo_dominated_0549.wav,2,geo_dominated,insects,church_bells,thunderstorm,0.2217253051773604,0.04969802899469571,0.728576665827944
scene2_geo_dominated_0550.wav,2,geo_dominated,insects,door_wood_creaks,water_drops,0.03381373337597266,0.011029221912444183,0.955157044711583
scene2_geo_dominated_0551.wav,2,geo_dominated,clapping,mouse_click,rain,0.02481844145261882,0.014484672709200824,0.9606968858381804
scene2_geo_dominated_0552.wav,2,geo_dominated,frog,keyboard_typing,sea_waves,0.009375305760817926,0.018958066383975368,0.9716666278552065
scene2_geo_dominated_0553.wav,2,geo_dominated,crow,glass_breaking,thunderstorm,0.06742957231893847,0.05249407812399073,0.8800763495570708
scene2_geo_dominated_0554.wav,2,geo_dominated,hen,fireworks,rain,0.024793574158082164,0.01840743095996416,0.9567989948819537
scene2_geo_dominated_0555.wav,2,geo_dominated,chirping_birds,helicopter,crackling_fire,0.10749599359260917,0.0491848994533368,0.843319106954054
scene2_geo_dominated_0556.wav,2,geo_dominated,pig,mouse_click,rain,0.04616247428375123,0.03804611408815075,0.915791411628098
scene2_geo_dominated_0557.wav,2,geo_dominated,cow,door_wood_knock,rain,0.07122474522159891,0.11344522383478012,0.815330030943621
scene2_geo_dominated_0558.wav,2,geo_dominated,crying_baby,fireworks,sea_waves,0.2052766287314672,0.04400958972062994,0.7507137815479029
scene2_geo_dominated_0559.wav,2,geo_dominated,sneezing,fireworks,wind,0.002066387419943311,0.029925409011955246,0.9680082035681015
scene2_geo_dominated_0560.wav,2,geo_dominated,insects,church_bells,water_drops,0.17844724777443308,0.018342222659479688,0.8032105295660872
scene2_geo_dominated_0561.wav,2,geo_dominated,dog,glass_breaking,wind,0.021609659733327388,0.0066293318438548155,0.9717610084228179
scene2_geo_dominated_0562.wav,2,geo_dominated,breathing,siren,thunderstorm,0.156032005963371,0.0066342789622853,0.8373337150743437
scene2_geo_dominated_0563.wav,2,geo_dominated,sneezing,fireworks,water_drops,0.026505689411912624,0.09563680515478289,0.8778575054333045
scene2_geo_dominated_0564.wav,2,geo_dominated,rooster,drinking_sipping,crackling_fire,0.15965907791475786,0.2202296731826224,0.6201112489026196
scene2_geo_dominated_0565.wav,2,geo_dominated,hen,brushing_teeth,sea_waves,0.04074739342665495,0.10487801142864667,0.8543745951446984
scene2_geo_dominated_0566.wav,2,geo_dominated,insects,chainsaw,rain,0.04771277705300373,0.2425627289272593,0.7097244940197371
scene2_geo_dominated_0567.wav,2,geo_dominated,crickets,brushing_teeth,thunderstorm,0.20885174418635688,0.19228691022616737,0.5988613455874758
scene2_geo_dominated_0568.wav,2,geo_dominated,laughing,mouse_click,water_drops,0.08600100079341498,0.0051509206360268135,0.9088480785705583
scene2_geo_dominated_0569.wav,2,geo_dominated,sheep,engine,crackling_fire,0.15309625155046178,0.26937665627037094,0.5775270921791672
scene2_geo_dominated_0570.wav,2,geo_dominated,crickets,door_wood_creaks,wind,0.03224200307298483,0.008742725796891672,0.9590152711301234
scene2_geo_dominated_0571.wav,2,geo_dominated,crying_baby,train,crackling_fire,0.08693317329620086,0.1478758969363547,0.7651909297674445
scene2_geo_dominated_0572.wav,2,geo_dominated,coughing,pouring_water,wind,0.10983475255440552,0.10455884154087015,0.7856064059047244
scene2_geo_dominated_0573.wav,2,geo_dominated,cat,fireworks,sea_waves,0.07463574149740317,0.10864187739424945,0.8167223811083475
scene2_geo_dominated_0574.wav,2,geo_dominated,clapping,drinking_sipping,water_drops,0.058418530347718496,0.1313602395846042,0.8102212300676772
scene2_geo_dominated_0575.wav,2,geo_dominated,sheep,door_wood_creaks,rain,0.01831611932069343,0.023478283944752213,0.9582055967345543
scene2_geo_dominated_0576.wav,2,geo_dominated,coughing,chainsaw,thunderstorm,0.16936156138036854,0.09024350828479681,0.7403949303348347
scene2_geo_dominated_0577.wav,2,geo_dominated,hen,church_bells,rain,0.004580525951067325,0.10487984800708047,0.8905396260418522
scene2_geo_dominated_0578.wav,2,geo_dominated,sheep,toilet_flush,sea_waves,0.025786095066650822,0.028755215638226004,0.9454586892951231
scene2_geo_dominated_0579.wav,2,geo_dominated,crying_baby,door_wood_creaks,crackling_fire,0.039515066653601785,0.011067589719067607,0.9494173436273305
scene2_geo_dominated_0580.wav,2,geo_dominated,snoring,brushing_teeth,crackling_fire,0.023689930417077038,0.15874000489127227,0.8175700646916507
scene2_geo_dominated_0581.wav,2,geo_dominated,sneezing,clock_tick,rain,0.06838053096690967,0.1494714324021256,0.7821480366309647
scene2_geo_dominated_0582.wav,2,geo_dominated,crow,clock_alarm,water_drops,0.007709881430971549,0.053081326639370305,0.9392087919296581
scene2_geo_dominated_0583.wav,2,geo_dominated,breathing,clock_tick,thunderstorm,0.10055760952290882,0.0047005009086976525,0.8947418895683936
scene2_geo_dominated_0584.wav,2,geo_dominated,pig,clock_tick,crackling_fire,0.07302754985918733,0.10795224367213502,0.8190202064686778
scene2_geo_dominated_0585.wav,2,geo_dominated,pig,clock_alarm,water_drops,0.0009646158130353346,0.024322977980761693,0.9747124062062029
scene2_geo_dominated_0586.wav,2,geo_dominated,dog,hand_saw,rain,0.22896559425421953,0.129593406083683,0.6414409996620974
scene2_geo_dominated_0587.wav,2,geo_dominated,rooster,drinking_sipping,water_drops,0.022452189370163442,0.07697718541440528,0.9005706252154313
scene2_geo_dominated_0588.wav,2,geo_dominated,sheep,vacuum_cleaner,crackling_fire,0.0220690071351609,0.07181585708900898,0.9061151357758301
scene2_geo_dominated_0589.wav,2,geo_dominated,crying_baby,clock_alarm,sea_waves,0.031077404103944477,0.021783298728442542,0.947139297167613
scene2_geo_dominated_0590.wav,2,geo_dominated,frog,helicopter,thunderstorm,0.04878499513818923,0.04362788570336619,0.9075871191584445
scene2_geo_dominated_0591.wav,2,geo_dominated,crow,train,wind,0.02246126584627928,0.02750101337102389,0.9500377207826969
scene2_geo_dominated_0592.wav,2,geo_dominated,rooster,engine,thunderstorm,0.05481415237695427,0.3783224239248319,0.5668634236982139
scene2_geo_dominated_0593.wav,2,geo_dominated,cow,keyboard_typing,rain,0.11160556102597408,0.11411981758500167,0.7742746213890241
scene2_geo_dominated_0594.wav,2,geo_dominated,clapping,glass_breaking,rain,0.1055826420584925,0.2583753608035383,0.6360419971379693
scene2_geo_dominated_0595.wav,2,geo_dominated,crying_baby,toilet_flush,wind,0.06357408525652121,0.15008962265501832,0.7863362920884605
scene2_geo_dominated_0596.wav,2,geo_dominated,clapping,footsteps,wind,0.08673517013369694,0.00330059225263625,0.9099642376136668
scene2_geo_dominated_0597.wav,2,geo_dominated,chirping_birds,mouse_click,rain,0.0958803163957569,0.01893791529022245,0.8851817683140207
scene2_geo_dominated_0598.wav,2,geo_dominated,insects,car_horn,thunderstorm,0.2129887326303306,0.036218269059662085,0.7507929983100073
scene2_geo_dominated_0599.wav,2,geo_dominated,hen,glass_breaking,thunderstorm,0.35007262991926535,0.03006914133908916,0.6198582287416454
scene2_geo_dominated_0600.wav,2,geo_dominated,sheep,clock_alarm,rain,0.02117425822853765,0.01409867839521036,0.9647270633762519
scene2_geo_dominated_0601.wav,2,geo_dominated,cow,car_horn,wind,0.283511332200798,0.0607149619787675,0.6557737058204345
scene2_geo_dominated_0602.wav,2,geo_dominated,insects,car_horn,sea_waves,0.012356914448816604,0.06190034725814408,0.9257427382930393
scene2_geo_dominated_0603.wav,2,geo_dominated,snoring,brushing_teeth,thunderstorm,0.02602671174755797,0.13372768501447255,0.8402456032379694
scene2_geo_dominated_0604.wav,2,geo_dominated,breathing,glass_breaking,water_drops,0.06535582858996335,0.05349052754328139,0.8811536438667553
scene2_geo_dominated_0605.wav,2,geo_dominated,dog,engine,rain,0.08738385063332034,0.16445907005796545,0.7481570793087142
scene2_geo_dominated_0606.wav,2,geo_dominated,clapping,glass_breaking,wind,0.0391513606476277,0.08139328948934553,0.8794553498630266
scene2_geo_dominated_0607.wav,2,geo_dominated,laughing,engine,sea_waves,0.026070992661587734,0.02629375209263481,0.9476352552457774
scene2_geo_dominated_0608.wav,2,geo_dominated,crying_baby,church_bells,crackling_fire,0.003497673685282619,0.055288968069070445,0.941213358245647
scene2_geo_dominated_0609.wav,2,geo_dominated,sheep,train,crackling_fire,0.008670712613133359,0.01728754922321796,0.9740417381636488
scene2_geo_dominated_0610.wav,2,geo_dominated,insects,mouse_click,thunderstorm,0.04306847964052978,0.07294670634060911,0.8839848140188611
scene2_geo_dominated_0611.wav,2,geo_dominated,crying_baby,siren,crackling_fire,0.10350733943126521,0.012213157121000996,0.8842795034477338
scene2_geo_dominated_0612.wav,2,geo_dominated,crickets,pouring_water,thunderstorm,0.06379992882339175,0.017145419114858763,0.9190546520617494
scene2_geo_dominated_0613.wav,2,geo_dominated,hen,footsteps,sea_waves,0.11978949768090907,0.033112231334447795,0.8470982709846432
scene2_geo_dominated_0614.wav,2,geo_dominated,dog,drinking_sipping,water_drops,0.003317060280110863,0.0722240947352143,0.9244588449846748
scene2_geo_dominated_0615.wav,2,geo_dominated,sheep,glass_breaking,wind,0.13023257869321564,0.07182291537423195,0.7979445059325523
scene2_geo_dominated_0616.wav,2,geo_dominated,crying_baby,mouse_click,sea_waves,0.09869149983842988,0.01714172244191316,0.884166777719657
scene2_geo_dominated_0617.wav,2,geo_dominated,crying_baby,train,rain,0.036358086192162846,0.032492625568199665,0.9311492882396375
scene2_geo_dominated_0618.wav,2,geo_dominated,laughing,pouring_water,water_drops,0.20128616302012467,0.09681976882987842,0.7018940681499969
scene2_geo_dominated_0619.wav,2,geo_dominated,breathing,helicopter,crackling_fire,0.03872602433118296,0.007986626637176768,0.9532873490316404
scene2_geo_dominated_0620.wav,2,geo_dominated,pig,chainsaw,wind,0.1656794352352721,0.022040329488944303,0.8122802352757837
scene2_geo_dominated_0621.wav,2,geo_dominated,crying_baby,car_horn,crackling_fire,0.11496837974500192,0.18400489905362008,0.701026721201378
scene2_geo_dominated_0622.wav,2,geo_dominated,rooster,chainsaw,sea_waves,0.0548738761513917,0.027034115685454392,0.918092008163154
scene2_geo_dominated_0623.wav,2,geo_dominated,breathing,church_bells,rain,0.09386731784869906,0.03170366432503547,0.8744290178262655
scene2_geo_dominated_0624.wav,2,geo_dominated,snoring,washing_machine,wind,0.03145685342274028,0.033944479013529705,0.9345986675637301
scene2_geo_dominated_0625.wav,2,geo_dominated,frog,helicopter,wind,0.03204181954056359,0.04988171266489556,0.9180764677945408
scene2_geo_dominated_0626.wav,2,geo_dominated,chirping_birds,clock_tick,thunderstorm,0.2289841250920141,0.1147438892814888,0.6562719856264971
scene2_geo_dominated_0627.wav,2,geo_dominated,cat,church_bells,sea_waves,0.02339260527666983,0.006865025996546094,0.9697423687267841
scene2_geo_dominated_0628.wav,2,geo_dominated,dog,keyboard_typing,sea_waves,0.027684046092304803,0.20312888862755227,0.7691870652801429
scene2_geo_dominated_0629.wav,2,geo_dominated,sheep,train,rain,0.0263046065873919,0.2038970987160181,0.7697982946965901
scene2_geo_dominated_0630.wav,2,geo_dominated,crickets,door_wood_creaks,wind,0.09984862492725127,0.0696645746011078,0.8304868004716409
scene2_geo_dominated_0631.wav,2,geo_dominated,frog,chainsaw,water_drops,0.15603361757944403,0.023056975432709393,0.8209094069878465
scene2_geo_dominated_0632.wav,2,geo_dominated,sneezing,toilet_flush,thunderstorm,0.1261055072426926,0.006548343449145221,0.8673461493081622
scene2_geo_dominated_0633.wav,2,geo_dominated,breathing,mouse_click,rain,0.030094764113998553,0.02167808697664701,0.9482271489093544
scene2_geo_dominated_0634.wav,2,geo_dominated,rooster,brushing_teeth,crackling_fire,0.047235370197328395,0.09649731179133694,0.8562673180113347
scene2_geo_dominated_0635.wav,2,geo_dominated,dog,door_wood_knock,thunderstorm,0.09010996403785583,0.013382280591787313,0.896507755370357
scene2_geo_dominated_0636.wav,2,geo_dominated,snoring,siren,sea_waves,0.020196797413738712,0.00890818314660185,0.9708950194396594
scene2_geo_dominated_0637.wav,2,geo_dominated,insects,toilet_flush,water_drops,0.0903045963455418,0.17182898493451018,0.7378664187199482
scene2_geo_dominated_0638.wav,2,geo_dominated,chirping_birds,clock_tick,water_drops,0.1014360624528155,0.02922528222670288,0.8693386553204816
scene2_geo_dominated_0639.wav,2,geo_dominated,crickets,clock_tick,water_drops,0.11301824554918559,0.016975316989376994,0.8700064374614375
scene2_geo_dominated_0640.wav,2,geo_dominated,rooster,engine,rain,0.01964711548340956,0.2955602706102356,0.6847926139063547
scene2_geo_dominated_0641.wav,2,geo_dominated,cow,glass_breaking,sea_waves,0.02537105030938583,0.06428012840161876,0.9103488212889954
scene2_geo_dominated_0642.wav,2,geo_dominated,crickets,footsteps,wind,0.07124758099303123,0.012789202452695533,0.9159632165542733
scene2_geo_dominated_0643.wav,2,geo_dominated,coughing,clock_alarm,thunderstorm,0.1551728897296502,0.017238685948473564,0.8275884243218762
scene2_geo_dominated_0644.wav,2,geo_dominated,laughing,vacuum_cleaner,water_drops,0.14424116250453553,0.01299983071366354,0.8427590067818009
scene2_geo_dominated_0645.wav,2,geo_dominated,crow,clock_alarm,water_drops,0.37430975739101463,0.0033234195817215617,0.6223668230272638
scene2_geo_dominated_0646.wav,2,geo_dominated,insects,airplane,wind,0.06890234012774646,0.027851601171827868,0.9032460587004257
scene2_geo_dominated_0647.wav,2,geo_dominated,cat,glass_breaking,thunderstorm,0.03866791741299153,0.0020177908259742033,0.9593142917610342
scene2_geo_dominated_0648.wav,2,geo_dominated,rooster,clock_alarm,water_drops,0.08965272174195554,0.06599316087134587,0.8443541173866986
scene2_geo_dominated_0649.wav,2,geo_dominated,chirping_birds,glass_breaking,thunderstorm,0.005089738622726156,0.10109027907194106,0.8938199823053328
scene2_geo_dominated_0650.wav,2,geo_dominated,hen,vacuum_cleaner,rain,0.014755650110226705,0.06033806410984476,0.9249062857799285
scene2_geo_dominated_0651.wav,2,geo_dominated,breathing,toilet_flush,crackling_fire,0.0012300904893989858,0.200063697343039,0.798706212167562
scene2_geo_dominated_0652.wav,2,geo_dominated,laughing,glass_breaking,sea_waves,0.020340675021290694,0.06737536460610259,0.9122839603726066
scene2_geo_dominated_0653.wav,2,geo_dominated,crow,brushing_teeth,crackling_fire,0.06526845258031207,0.04239236631812827,0.8923391811015597
scene2_geo_dominated_0654.wav,2,geo_dominated,snoring,siren,wind,0.10468069191485418,0.02544419204559125,0.8698751160395546
scene2_geo_dominated_0655.wav,2,geo_dominated,insects,brushing_teeth,sea_waves,0.008039098781927248,0.0657555330387413,0.9262053681793315
scene2_geo_dominated_0656.wav,2,geo_dominated,crying_baby,car_horn,rain,0.14277270785280427,0.1653845123747054,0.6918427797724902
scene2_geo_dominated_0657.wav,2,geo_dominated,coughing,door_wood_knock,water_drops,0.036532125321358466,0.24187181279949532,0.7215960618791463
scene2_geo_dominated_0658.wav,2,geo_dominated,sheep,siren,sea_waves,0.21407789826259804,0.10424714795024159,0.6816749537871604
scene2_geo_dominated_0659.wav,2,geo_dominated,insects,church_bells,sea_waves,0.014056801058684449,0.18422543252580853,0.8017177664155071
scene2_geo_dominated_0660.wav,2,geo_dominated,pig,clock_tick,rain,0.03518073591650673,0.005100341042887,0.9597189230406061
scene2_geo_dominated_0661.wav,2,geo_dominated,sneezing,clock_tick,sea_waves,0.045910792424863164,0.009986055523121767,0.9441031520520151
scene2_geo_dominated_0662.wav,2,geo_dominated,crickets,airplane,rain,0.01977679028978357,0.03891681238722931,0.941306397322987
scene2_geo_dominated_0663.wav,2,geo_dominated,pig,door_wood_knock,crackling_fire,0.10768645493691986,0.009769184083544564,0.8825443609795355
scene2_geo_dominated_0664.wav,2,geo_dominated,crying_baby,toilet_flush,wind,0.03071010055140967,0.05134919702778686,0.9179407024208035
scene2_geo_dominated_0665.wav,2,geo_dominated,crying_baby,drinking_sipping,crackling_fire,0.0454620526438882,0.06555592636068416,0.8889820209954277
scene2_geo_dominated_0666.wav,2,geo_dominated,breathing,toilet_flush,thunderstorm,0.01824141680299003,0.15225760177167474,0.8295009814253352
scene2_geo_dominated_0667.wav,2,geo_dominated,sheep,toilet_flush,water_drops,0.22401826102869657,0.014393158569285741,0.7615885804020178
scene2_geo_dominated_0668.wav,2,geo_dominated,hen,keyboard_typing,crackling_fire,0.05485114786278635,0.14261266433334538,0.8025361878038683
scene2_geo_dominated_0669.wav,2,geo_dominated,crying_baby,pouring_water,rain,0.11893814117449787,0.00044506873680472413,0.8806167900886974
scene2_geo_dominated_0670.wav,2,geo_dominated,dog,church_bells,wind,0.012808017030757951,0.28634856611639076,0.7008434168528512
scene2_geo_dominated_0671.wav,2,geo_dominated,crow,siren,thunderstorm,0.09405184010592256,0.0755821372992408,0.8303660225948366
scene2_geo_dominated_0672.wav,2,geo_dominated,breathing,airplane,thunderstorm,0.04101803773663375,0.060057240582583556,0.8989247216807827
scene2_geo_dominated_0673.wav,2,geo_dominated,cow,toilet_flush,sea_waves,0.08402842153693164,0.018119458835318715,0.8978521196277497
scene2_geo_dominated_0674.wav,2,geo_dominated,pig,keyboard_typing,thunderstorm,0.16754112334825366,0.22070243935999662,0.6117564372917497
scene2_geo_dominated_0675.wav,2,geo_dominated,dog,keyboard_typing,wind,0.08970734251581591,0.02731972323865621,0.882972934245528
scene2_geo_dominated_0676.wav,2,geo_dominated,cat,clock_tick,thunderstorm,0.014205187365161473,0.20059840203460685,0.7851964106002317
scene2_geo_dominated_0677.wav,2,geo_dominated,chirping_birds,footsteps,thunderstorm,0.1517976348708652,0.09966226204970488,0.7485401030794299
scene2_geo_dominated_0678.wav,2,geo_dominated,frog,footsteps,sea_waves,0.11703645362729098,0.060242247730056014,0.822721298642653
scene2_geo_dominated_0679.wav,2,geo_dominated,clapping,engine,wind,0.03371179439342196,0.08333973909994065,0.8829484665066375
scene2_geo_dominated_0680.wav,2,geo_dominated,cat,chainsaw,rain,0.14202342501295054,0.05305657631404578,0.8049199986730037
scene2_geo_dominated_0681.wav,2,geo_dominated,snoring,train,water_drops,0.07837183120342917,0.033626060524605095,0.8880021082719659
scene2_geo_dominated_0682.wav,2,geo_dominated,snoring,fireworks,sea_waves,0.15491541566449502,0.009352693246310655,0.8357318910891943
scene2_geo_dominated_0683.wav,2,geo_dominated,sheep,washing_machine,sea_waves,0.050143163018853944,0.049642899570708277,0.9002139374104378
scene2_geo_dominated_0684.wav,2,geo_dominated,frog,door_wood_creaks,water_drops,0.030059137264640066,0.030262953497990158,0.9396779092373696
scene2_geo_dominated_0685.wav,2,geo_dominated,cow,vacuum_cleaner,rain,0.0019874185766764617,0.10115243377853136,0.8968601476447922
scene2_geo_dominated_0686.wav,2,geo_dominated,clapping,glass_breaking,water_drops,0.07863299788588539,0.25074231426075555,0.670624687853359
scene2_geo_dominated_0687.wav,2,geo_dominated,insects,chainsaw,thunderstorm,0.16305408814391942,0.07335051198588796,0.7635953998701926
scene2_geo_dominated_0688.wav,2,geo_dominated,sheep,hand_saw,wind,0.34785612664738597,0.09191685415242186,0.5602270192001921
scene2_geo_dominated_0689.wav,2,geo_dominated,hen,engine,water_drops,0.0740985821655128,0.28852230986904603,0.6373791079654411
scene2_geo_dominated_0690.wav,2,geo_dominated,cow,engine,sea_waves,0.050632371464302,0.20811673366149605,0.741250894874202
scene2_geo_dominated_0691.wav,2,geo_dominated,sneezing,door_wood_creaks,rain,0.11064862408981171,0.13942064468162194,0.7499307312285663
scene2_geo_dominated_0692.wav,2,geo_dominated,rooster,clock_alarm,thunderstorm,0.06325258379736555,0.0646578761322715,0.8720895400703631
scene2_geo_dominated_0693.wav,2,geo_dominated,dog,brushing_teeth,sea_waves,0.040145216212728096,0.06482324358409887,0.895031540203173
scene2_geo_dominated_0694.wav,2,geo_dominated,frog,toilet_flush,wind,0.06273508227277233,0.09132039394093866,0.845944523786289
scene2_geo_dominated_0695.wav,2,geo_dominated,crow,pouring_water,rain,0.026273284664243005,0.08795580032793945,0.8857709150078176
scene2_geo_dominated_0696.wav,2,geo_dominated,coughing,washing_machine,sea_waves,0.03879107326947093,0.0328843973826293,0.9283245293478998
scene2_geo_dominated_0697.wav,2,geo_dominated,frog,clock_tick,sea_waves,0.04475061229222405,0.173551425667359,0.781697962040417
scene2_geo_dominated_0698.wav,2,geo_dominated,cow,church_bells,wind,0.00751914201874113,0.039034621458906724,0.9534462365223523
scene2_geo_dominated_0699.wav,2,geo_dominated,insects,train,thunderstorm,0.05004195750893082,0.031240612262437826,0.9187174302286314
scene2_geo_dominated_0700.wav,2,geo_dominated,crickets,clock_tick,sea_waves,0.09717152346037121,0.06502485146290858,0.8378036250767201
scene2_geo_dominated_0701.wav,2,geo_dominated,dog,keyboard_typing,thunderstorm,0.04933619866369889,0.1801082792050718,0.7705555221312294
scene2_geo_dominated_0702.wav,2,geo_dominated,sheep,helicopter,rain,0.038663391394423686,0.21508906100250458,0.7462475476030717
scene2_geo_dominated_0703.wav,2,geo_dominated,cow,airplane,rain,0.10699106535468272,0.006214668075483781,0.8867942665698334
scene2_geo_dominated_0704.wav,2,geo_dominated,snoring,can_opening,wind,0.05853016155499455,0.009486033404456517,0.9319838050405489
scene2_geo_dominated_0705.wav,2,geo_dominated,clapping,vacuum_cleaner,wind,0.0751676545756073,0.06627122311244865,0.8585611223119441
scene2_geo_dominated_0706.wav,2,geo_dominated,breathing,helicopter,sea_waves,0.01582528459471505,0.2898301971754785,0.6943445182298065
scene2_geo_dominated_0707.wav,2,geo_dominated,pig,door_wood_knock,wind,0.10863477617439059,0.0006596519017669104,0.8907055719238426
scene2_geo_dominated_0708.wav,2,geo_dominated,sneezing,brushing_teeth,crackling_fire,0.09137197706929207,0.04365808554034352,0.8649699373903645
scene2_geo_dominated_0709.wav,2,geo_dominated,crow,door_wood_creaks,water_drops,0.08870748681303824,0.04249887959450852,0.8687936335924532
scene2_geo_dominated_0710.wav,2,geo_dominated,laughing,pouring_water,rain,0.020108366109222252,0.01154187916597908,0.9683497547247987
scene2_geo_dominated_0711.wav,2,geo_dominated,breathing,church_bells,crackling_fire,0.10299277935269269,0.027541033934177436,0.8694661867131298
scene2_geo_dominated_0712.wav,2,geo_dominated,coughing,can_opening,wind,0.1793348102645527,0.14083047843717456,0.6798347112982727
scene2_geo_dominated_0713.wav,2,geo_dominated,frog,washing_machine,water_drops,0.09390983760079914,0.01024912064933565,0.8958410417498652
scene2_geo_dominated_0714.wav,2,geo_dominated,chirping_birds,church_bells,sea_waves,0.02620459713062489,0.1106808522616954,0.8631145506076796
scene2_geo_dominated_0715.wav,2,geo_dominated,cat,mouse_click,water_drops,0.07831188189767456,0.03981009887207603,0.8818780192302494
scene2_geo_dominated_0716.wav,2,geo_dominated,crickets,car_horn,sea_waves,0.0823782421829492,0.11372740976235489,0.803894348054696
scene2_geo_dominated_0717.wav,2,geo_dominated,cow,engine,rain,0.30645441677283985,0.010799171212349608,0.6827464120148107
scene2_geo_dominated_0718.wav,2,geo_dominated,laughing,helicopter,crackling_fire,0.0009628647382792592,0.13202003971452433,0.8670170955471965
scene2_geo_dominated_0719.wav,2,geo_dominated,laughing,clock_alarm,sea_waves,0.018520355280128905,0.2065447989110452,0.7749348458088258
scene2_geo_dominated_0720.wav,2,geo_dominated,chirping_birds,drinking_sipping,rain,0.04265591674947481,0.08558333230888528,0.8717607509416399
scene2_geo_dominated_0721.wav,2,geo_dominated,clapping,clock_tick,sea_waves,0.012875802281728096,0.1577172980922265,0.8294068996260453
scene2_geo_dominated_0722.wav,2,geo_dominated,sneezing,pouring_water,sea_waves,0.0042973940821078626,0.040688804457556134,0.955013801460336
scene2_geo_dominated_0723.wav,2,geo_dominated,clapping,door_wood_creaks,wind,0.05112507318391156,0.006118296433459756,0.9427566303826286
scene2_geo_dominated_0724.wav,2,geo_dominated,rooster,clock_alarm,water_drops,0.0867110315119107,0.10765646188396384,0.8056325066041254
scene2_geo_dominated_0725.wav,2,geo_dominated,laughing,fireworks,wind,0.015498319174386769,0.4347681898777556,0.5497334909478576
scene2_geo_dominated_0726.wav,2,geo_dominated,rooster,chainsaw,crackling_fire,0.04275687051228038,0.035193824520282385,0.9220493049674372
scene2_geo_dominated_0727.wav,2,geo_dominated,insects,keyboard_typing,water_drops,0.10852228682798046,0.05909904709057619,0.8323786660814434
scene2_geo_dominated_0728.wav,2,geo_dominated,crickets,chainsaw,crackling_fire,0.007314054611633401,0.08033855563848864,0.912347389749878
scene2_geo_dominated_0729.wav,2,geo_dominated,snoring,car_horn,crackling_fire,0.09442449695671404,0.11612818762843807,0.7894473154148479
scene2_geo_dominated_0730.wav,2,geo_dominated,sneezing,clock_tick,water_drops,0.07166524495096266,0.1506413732719141,0.7776933817771232
scene2_geo_dominated_0731.wav,2,geo_dominated,cat,washing_machine,thunderstorm,0.019599019674370926,0.025438591477939115,0.9549623888476899
scene2_geo_dominated_0732.wav,2,geo_dominated,crying_baby,church_bells,sea_waves,0.1139100898226514,0.022674277586001372,0.8634156325913471
scene2_geo_dominated_0733.wav,2,geo_dominated,coughing,clock_tick,thunderstorm,0.0540524920955994,0.08050482132967042,0.8654426865747301
scene2_geo_dominated_0734.wav,2,geo_dominated,crickets,glass_breaking,sea_waves,0.12609907231416959,0.2905671866777122,0.5833337410081184
scene2_geo_dominated_0735.wav,2,geo_dominated,frog,car_horn,wind,0.03873137972387218,0.05565437535113568,0.9056142449249922
scene2_geo_dominated_0736.wav,2,geo_dominated,chirping_birds,can_opening,thunderstorm,0.04711262245356805,0.21120658836311168,0.7416807891833201
scene2_geo_dominated_0737.wav,2,geo_dominated,insects,siren,crackling_fire,0.0994979583933798,0.08930808186754499,0.8111939597390753
scene2_geo_dominated_0738.wav,2,geo_dominated,laughing,drinking_sipping,water_drops,0.08211948504676282,0.02530431732289564,0.8925761976303416
scene2_geo_dominated_0739.wav,2,geo_dominated,crickets,siren,sea_waves,0.06621051774154835,0.03482409167112796,0.8989653905873237
scene2_geo_dominated_0740.wav,2,geo_dominated,snoring,fireworks,water_drops,0.06555142514671901,0.061529473274054024,0.8729191015792269
scene2_geo_dominated_0741.wav,2,geo_dominated,breathing,footsteps,crackling_fire,0.06832646061638036,0.02861266860812282,0.9030608707754968
scene2_geo_dominated_0742.wav,2,geo_dominated,insects,helicopter,water_drops,0.2556032619001687,0.026154421217207877,0.7182423168826236
scene2_geo_dominated_0743.wav,2,geo_dominated,pig,airplane,crackling_fire,0.1162603438516874,0.08129634541076575,0.8024433107375468
scene2_geo_dominated_0744.wav,2,geo_dominated,crow,can_opening,crackling_fire,0.005556404262461154,0.15487875798870665,0.8395648377488322
scene2_geo_dominated_0745.wav,2,geo_dominated,dog,door_wood_creaks,rain,0.07627013663792177,0.06258293168914279,0.8611469316729354
scene2_geo_dominated_0746.wav,2,geo_dominated,chirping_birds,drinking_sipping,rain,0.13365849330420107,0.06433444004838634,0.8020070666474125
scene2_geo_dominated_0747.wav,2,geo_dominated,hen,clock_tick,sea_waves,0.10036445816391941,0.36165179093672023,0.5379837508993603
scene2_geo_dominated_0748.wav,2,geo_dominated,breathing,door_wood_knock,rain,0.15475268406568377,0.1400724971832575,0.7051748187510589
scene2_geo_dominated_0749.wav,2,geo_dominated,snoring,washing_machine,sea_waves,0.10158924739910898,0.11723780802999847,0.7811729445708927
scene2_geo_dominated_0750.wav,2,geo_dominated,chirping_birds,can_opening,crackling_fire,0.01717619289857432,0.15734337624971273,0.825480430851713
scene2_geo_dominated_0751.wav,2,geo_dominated,laughing,clock_tick,sea_waves,0.12444065029384799,0.03468103516776466,0.8408783145383874
scene2_geo_dominated_0752.wav,2,geo_dominated,insects,drinking_sipping,crackling_fire,0.2893301074252318,0.08393311643289883,0.6267367761418693
scene2_geo_dominated_0753.wav,2,geo_dominated,sheep,fireworks,water_drops,0.16427857690726275,0.0020528770362956464,0.8336685460564417
scene2_geo_dominated_0754.wav,2,geo_dominated,hen,toilet_flush,wind,0.05895489173679555,0.0010770106047401874,0.9399680976584642
scene2_geo_dominated_0755.wav,2,geo_dominated,hen,drinking_sipping,thunderstorm,0.0670723265463508,0.06655772397441068,0.8663699494792386
scene2_geo_dominated_0756.wav,2,geo_dominated,breathing,siren,water_drops,0.01846256112751171,0.07106115259158038,0.9104762862809078
scene2_geo_dominated_0757.wav,2,geo_dominated,crying_baby,airplane,water_drops,0.055589009484978656,0.20251660365844032,0.741894386856581
scene2_geo_dominated_0758.wav,2,geo_dominated,crying_baby,can_opening,rain,0.012584630739617155,0.0167834605507726,0.9706319087096102
scene2_geo_dominated_0759.wav,2,geo_dominated,insects,pouring_water,rain,0.024710222379276302,0.09099440175549504,0.8842953758652287
scene2_geo_dominated_0760.wav,2,geo_dominated,breathing,door_wood_knock,crackling_fire,0.0004241355106644673,0.17383627722808084,0.8257395872612546
scene2_geo_dominated_0761.wav,2,geo_dominated,frog,door_wood_creaks,water_drops,0.07657028297956307,0.08658062997601015,0.8368490870444267
scene2_geo_dominated_0762.wav,2,geo_dominated,cat,fireworks,wind,0.06642759250277099,0.010249838408373943,0.9233225690888551
scene2_geo_dominated_0763.wav,2,geo_dominated,hen,footsteps,crackling_fire,0.01817951903074656,0.044816091917870546,0.9370043890513828
scene2_geo_dominated_0764.wav,2,geo_dominated,crying_baby,church_bells,sea_waves,0.05480452627580046,0.130171115430995,0.8150243582932046
scene2_geo_dominated_0765.wav,2,geo_dominated,dog,drinking_sipping,sea_waves,0.004989446184819355,0.08835820668019127,0.9066523471349893
scene2_geo_dominated_0766.wav,2,geo_dominated,pig,helicopter,rain,0.005675405412941251,0.02890337515446124,0.9654212194325975
scene2_geo_dominated_0767.wav,2,geo_dominated,laughing,drinking_sipping,thunderstorm,0.043952392434378054,0.03307626597897222,0.9229713415866497
scene2_geo_dominated_0768.wav,2,geo_dominated,frog,airplane,rain,0.27203633865770743,0.041722415632170724,0.6862412457101219
scene2_geo_dominated_0769.wav,2,geo_dominated,crying_baby,fireworks,crackling_fire,0.020614372006035938,0.2177702913229307,0.7616153366710333
scene2_geo_dominated_0770.wav,2,geo_dominated,hen,washing_machine,crackling_fire,0.007548547405627109,0.08214101450261813,0.9103104380917546
scene2_geo_dominated_0771.wav,2,geo_dominated,chirping_birds,toilet_flush,sea_waves,0.0017882938384023998,0.1403557066297926,0.8578559995318051
scene2_geo_dominated_0772.wav,2,geo_dominated,crickets,glass_breaking,water_drops,0.0365821268957117,0.17544577020895577,0.7879721028953326
scene2_geo_dominated_0773.wav,2,geo_dominated,coughing,chainsaw,crackling_fire,0.04655631627418958,0.09493749225110443,0.858506191474706
scene2_geo_dominated_0774.wav,2,geo_dominated,breathing,helicopter,crackling_fire,0.034830627725771286,0.04832226892867498,0.9168471033455537
scene2_geo_dominated_0775.wav,2,geo_dominated,rooster,engine,wind,0.21123442799237474,0.13413627366146733,0.6546292983461578
scene2_geo_dominated_0776.wav,2,geo_dominated,clapping,helicopter,wind,0.05332308788877029,0.29145435981826306,0.6552225522929664
scene2_geo_dominated_0777.wav,2,geo_dominated,insects,mouse_click,wind,0.10412181636630921,0.12984491691821565,0.7660332667154751
scene2_geo_dominated_0778.wav,2,geo_dominated,insects,engine,thunderstorm,0.04774909293657608,0.07747586414272441,0.8747750429206994
scene2_geo_dominated_0779.wav,2,geo_dominated,rooster,church_bells,water_drops,0.11499865232763504,0.041427963654311104,0.8435733840180539
scene2_geo_dominated_0780.wav,2,geo_dominated,clapping,clock_alarm,wind,0.15798659872629509,0.12376479681167576,0.718248604462029
scene2_geo_dominated_0781.wav,2,geo_dominated,cat,drinking_sipping,crackling_fire,0.07303270623074559,0.07636559205241442,0.8506017017168399
scene2_geo_dominated_0782.wav,2,geo_dominated,insects,mouse_click,thunderstorm,0.08133981706166732,0.24490356572948632,0.6737566172088463
scene2_geo_dominated_0783.wav,2,geo_dominated,dog,train,thunderstorm,0.06710704646270511,0.16690702072084587,0.7659859328164489
scene2_geo_dominated_0784.wav,2,geo_dominated,hen,fireworks,rain,0.05487639486266369,0.0422684755516352,0.902855129585701
scene2_geo_dominated_0785.wav,2,geo_dominated,cow,church_bells,wind,0.022561975254201488,0.036274910261812406,0.941163114483986
scene2_geo_dominated_0786.wav,2,geo_dominated,chirping_birds,door_wood_creaks,sea_waves,0.09340001996095619,0.036091938992442375,0.8705080410466013
scene2_geo_dominated_0787.wav,2,geo_dominated,crow,clock_tick,rain,0.04720385403182475,0.1196593349407464,0.8331368110274289
scene2_geo_dominated_0788.wav,2,geo_dominated,clapping,siren,crackling_fire,0.03723004507479493,0.12647373633786826,0.8362962185873367
scene2_geo_dominated_0789.wav,2,geo_dominated,sneezing,chainsaw,sea_waves,0.08310786737897782,0.1999701565594134,0.7169219760616088
scene2_geo_dominated_0790.wav,2,geo_dominated,chirping_birds,pouring_water,sea_waves,0.15326996825664702,0.03765594958753864,0.8090740821558144
scene2_geo_dominated_0791.wav,2,geo_dominated,crying_baby,mouse_click,wind,0.05402069875835842,0.20058315074134192,0.7453961505002996
scene2_geo_dominated_0792.wav,2,geo_dominated,snoring,hand_saw,wind,0.35251985379998746,0.02079683246721464,0.626683313732798
scene2_geo_dominated_0793.wav,2,geo_dominated,sheep,glass_breaking,thunderstorm,0.0064029325542325245,0.11447591065223715,0.8791211567935304
scene2_geo_dominated_0794.wav,2,geo_dominated,breathing,keyboard_typing,wind,0.25687148364858303,0.1176120450041921,0.6255164713472248
scene2_geo_dominated_0795.wav,2,geo_dominated,snoring,car_horn,crackling_fire,0.05786056723667305,0.023300007902147094,0.9188394248611798
scene2_geo_dominated_0796.wav,2,geo_dominated,snoring,siren,wind,0.048757453919597335,0.06445633444372881,0.8867862116366738
scene2_geo_dominated_0797.wav,2,geo_dominated,hen,can_opening,water_drops,0.028591274247187187,0.1577948922546295,0.8136138334981834
scene2_geo_dominated_0798.wav,2,geo_dominated,sneezing,hand_saw,crackling_fire,0.04720490685328997,0.020529840794065488,0.9322652523526446
scene2_geo_dominated_0799.wav,2,geo_dominated,clapping,keyboard_typing,crackling_fire,0.324418258751576,0.01610618467679089,0.6594755565716331
scene2_geo_dominated_0800.wav,2,geo_dominated,clapping,church_bells,rain,0.20798525602746068,0.13600072080025885,0.6560140231722804
scene2_geo_dominated_0801.wav,2,geo_dominated,cow,can_opening,wind,0.04716448267861894,0.054562795886499656,0.8982727214348815
scene2_geo_dominated_0802.wav,2,geo_dominated,insects,engine,rain,0.0564490126847412,0.10237839301628622,0.8411725942989725
scene2_geo_dominated_0803.wav,2,geo_dominated,rooster,washing_machine,crackling_fire,0.06737054196604332,0.01477254962139396,0.9178569084125627
scene2_geo_dominated_0804.wav,2,geo_dominated,chirping_birds,siren,water_drops,0.03726644028602095,0.03567324570711053,0.9270603140068684
scene2_geo_dominated_0805.wav,2,geo_dominated,cow,clock_tick,wind,0.29417579035888713,0.11222068656676656,0.5936035230743463
scene2_geo_dominated_0806.wav,2,geo_dominated,frog,engine,water_drops,0.16597244160502944,0.04680915945466913,0.7872183989403014
scene2_geo_dominated_0807.wav,2,geo_dominated,crow,mouse_click,sea_waves,0.02687348849572755,0.0244445996638775,0.948681911840395
scene2_geo_dominated_0808.wav,2,geo_dominated,laughing,car_horn,crackling_fire,0.05597597624955937,0.0023509894579242215,0.9416730342925163
scene2_geo_dominated_0809.wav,2,geo_dominated,chirping_birds,helicopter,rain,0.1912621474500264,0.04167962255656307,0.7670582299934106
scene2_geo_dominated_0810.wav,2,geo_dominated,hen,fireworks,sea_waves,0.0042237063888641785,0.013038015953030682,0.9827382776581052
scene2_geo_dominated_0811.wav,2,geo_dominated,frog,chainsaw,sea_waves,0.30187625344217944,0.09230169003441356,0.6058220565234069
scene2_geo_dominated_0812.wav,2,geo_dominated,frog,vacuum_cleaner,sea_waves,0.316843998795851,0.005835246662473223,0.6773207545416758
scene2_geo_dominated_0813.wav,2,geo_dominated,laughing,glass_breaking,sea_waves,0.05175531643941486,0.1713643772267465,0.7768803063338385
scene2_geo_dominated_0814.wav,2,geo_dominated,cow,clock_tick,sea_waves,0.010093879073565517,0.09547205231608977,0.8944340686103447
scene2_geo_dominated_0815.wav,2,geo_dominated,clapping,airplane,thunderstorm,0.10817011021483743,0.15173366701464938,0.7400962227705132
scene2_geo_dominated_0816.wav,2,geo_dominated,laughing,door_wood_creaks,wind,0.04586634024309131,0.04643073295229283,0.9077029268046158
scene2_geo_dominated_0817.wav,2,geo_dominated,crow,can_opening,crackling_fire,0.0010115075777027147,0.20007740334321175,0.7989110890790855
scene2_geo_dominated_0818.wav,2,geo_dominated,sheep,glass_breaking,rain,0.14089228104302265,0.0016394520753479692,0.8574682668816294
scene2_geo_dominated_0819.wav,2,geo_dominated,sheep,clock_alarm,sea_waves,0.030680639925942346,0.03297096914736652,0.9363483909266911
scene2_geo_dominated_0820.wav,2,geo_dominated,rooster,drinking_sipping,sea_waves,0.11144136855585761,0.008804001979294762,0.8797546294648476
scene2_geo_dominated_0821.wav,2,geo_dominated,rooster,door_wood_creaks,wind,0.2036261655970551,0.0782320988635788,0.7181417355393662
scene2_geo_dominated_0822.wav,2,geo_dominated,insects,church_bells,sea_waves,0.06848460264009108,0.13334934121305025,0.7981660561468586
scene2_geo_dominated_0823.wav,2,geo_dominated,rooster,drinking_sipping,thunderstorm,0.04179593588236394,0.21507781360118858,0.7431262505164473
scene2_geo_dominated_0824.wav,2,geo_dominated,chirping_birds,helicopter,water_drops,0.10925776976640862,0.10468525508478403,0.7860569751488073
scene2_geo_dominated_0825.wav,2,geo_dominated,breathing,clock_alarm,wind,0.026741310822475446,0.03976368370848179,0.9334950054690427
scene2_geo_dominated_0826.wav,2,geo_dominated,dog,engine,rain,0.05784532720747007,0.24233919813281138,0.6998154746597186
scene2_geo_dominated_0827.wav,2,geo_dominated,laughing,clock_alarm,thunderstorm,0.1640653095892353,0.07156922979064163,0.764365460620123
scene2_geo_dominated_0828.wav,2,geo_dominated,breathing,airplane,crackling_fire,0.015105044398465876,0.1137433915364862,0.871151564065048
scene2_geo_dominated_0829.wav,2,geo_dominated,hen,mouse_click,water_drops,0.0713399954852103,0.13440394238110326,0.7942560621336864
scene2_geo_dominated_0830.wav,2,geo_dominated,coughing,mouse_click,sea_waves,0.1179831557435183,0.06011354824262269,0.821903296013859
scene2_geo_dominated_0831.wav,2,geo_dominated,cow,door_wood_creaks,rain,0.07565141145900618,0.08001564266460433,0.8443329458763895
scene2_geo_dominated_0832.wav,2,geo_dominated,sheep,pouring_water,wind,0.02189655137060396,0.10136903873194442,0.8767344098974517
scene2_geo_dominated_0833.wav,2,geo_dominated,laughing,airplane,water_drops,0.027889051714920402,0.1572030507921271,0.8149078974929524
scene2_geo_dominated_0834.wav,2,geo_dominated,frog,church_bells,rain,0.0875536542353896,0.1873105647476196,0.7251357810169907
scene2_geo_dominated_0835.wav,2,geo_dominated,sneezing,glass_breaking,sea_waves,0.08439255356211965,0.2433443633985284,0.672263083039352
scene2_geo_dominated_0836.wav,2,geo_dominated,frog,clock_tick,crackling_fire,0.07752515565509187,0.007890921776632072,0.9145839225682761
scene2_geo_dominated_0837.wav,2,geo_dominated,hen,airplane,crackling_fire,0.07265191452248054,0.12232364952230555,0.805024435955214
scene2_geo_dominated_0838.wav,2,geo_dominated,snoring,clock_tick,sea_waves,0.22133922145467674,0.06035832264868907,0.7183024558966343
scene2_geo_dominated_0839.wav,2,geo_dominated,laughing,brushing_teeth,rain,0.03787211734255561,0.2141689023134561,0.7479589803439881
scene2_geo_dominated_0840.wav,2,geo_dominated,breathing,clock_alarm,rain,0.16031691012163327,0.06253417274905193,0.7771489171293148
scene2_geo_dominated_0841.wav,2,geo_dominated,sheep,helicopter,crackling_fire,0.06565155359814945,0.10891566387267552,0.8254327825291752
scene2_geo_dominated_0842.wav,2,geo_dominated,sheep,footsteps,sea_waves,0.2693817925855613,0.0620335245590993,0.6685846828553395
scene2_geo_dominated_0843.wav,2,geo_dominated,cow,airplane,crackling_fire,0.054724291650301245,0.02095286493959675,0.924322843410102
scene2_geo_dominated_0844.wav,2,geo_dominated,crow,train,crackling_fire,0.040270418040432965,0.1189407351518027,0.8407888468077643
scene2_geo_dominated_0845.wav,2,geo_dominated,crow,glass_breaking,thunderstorm,0.05733113488820573,0.021586528452583423,0.921082336659211
scene2_geo_dominated_0846.wav,2,geo_dominated,insects,church_bells,sea_waves,0.008040417500066907,0.09485345825575776,0.8971061242441754
scene2_geo_dominated_0847.wav,2,geo_dominated,rooster,airplane,thunderstorm,0.007599138776162338,0.13415557811273185,0.8582452831111057
scene2_geo_dominated_0848.wav,2,geo_dominated,crickets,toilet_flush,water_drops,0.17262649835471353,0.03865804046013063,0.7887154611851559
scene2_geo_dominated_0849.wav,2,geo_dominated,rooster,door_wood_creaks,rain,0.01447922836733142,0.08848591367074142,0.8970348579619272
scene2_geo_dominated_0850.wav,2,geo_dominated,laughing,glass_breaking,water_drops,0.10682196896464408,0.030386675881137637,0.8627913551542183
scene2_geo_dominated_0851.wav,2,geo_dominated,sneezing,chainsaw,rain,0.03819091849685835,0.02997424680612152,0.9318348346970202
scene2_geo_dominated_0852.wav,2,geo_dominated,laughing,car_horn,water_drops,0.1824222405147427,0.2001785422325214,0.6173992172527358
scene2_geo_dominated_0853.wav,2,geo_dominated,crying_baby,vacuum_cleaner,wind,0.2787627276031143,0.07102831542100807,0.6502089569758774
scene2_geo_dominated_0854.wav,2,geo_dominated,hen,glass_breaking,rain,0.03434883893697638,0.004016703925096871,0.9616344571379268
scene2_geo_dominated_0855.wav,2,geo_dominated,insects,clock_alarm,water_drops,0.19135338560276197,0.1396739276973682,0.66897268669987
scene2_geo_dominated_0856.wav,2,geo_dominated,cow,drinking_sipping,water_drops,0.07598971665221341,0.1802849755415399,0.7437253078062467
scene2_geo_dominated_0857.wav,2,geo_dominated,chirping_birds,mouse_click,rain,0.17442377453310812,0.17175614733780553,0.6538200781290863
scene2_geo_dominated_0858.wav,2,geo_dominated,clapping,train,thunderstorm,0.014040468189215694,0.006666334429067624,0.9792931973817167
scene2_geo_dominated_0859.wav,2,geo_dominated,sneezing,car_horn,wind,0.04954390400899156,0.015748052796913676,0.9347080431940947
scene2_geo_dominated_0860.wav,2,geo_dominated,cat,chainsaw,wind,0.060493412287803534,0.14094003302918107,0.7985665546830153
scene2_geo_dominated_0861.wav,2,geo_dominated,coughing,train,thunderstorm,0.201147489479515,0.04204741167860983,0.7568050988418751
scene2_geo_dominated_0862.wav,2,geo_dominated,coughing,toilet_flush,crackling_fire,0.02022205657829582,0.13826923753900258,0.8415087058827015
scene2_geo_dominated_0863.wav,2,geo_dominated,frog,brushing_teeth,thunderstorm,0.04740445715336356,0.045352031881123106,0.9072435109655134
scene2_geo_dominated_0864.wav,2,geo_dominated,dog,washing_machine,thunderstorm,0.06654196032459789,0.06444607792760593,0.8690119617477963
scene2_geo_dominated_0865.wav,2,geo_dominated,crying_baby,clock_alarm,wind,0.06046876191877103,0.09219154664566537,0.8473396914355636
scene2_geo_dominated_0866.wav,2,geo_dominated,snoring,chainsaw,thunderstorm,0.025991597986928853,0.0935382356856876,0.8804701663273836
scene2_geo_dominated_0867.wav,2,geo_dominated,crickets,footsteps,sea_waves,0.006705223061779752,0.038227846989151715,0.9550669299490686
scene2_geo_dominated_0868.wav,2,geo_dominated,dog,hand_saw,crackling_fire,0.011013362937269358,0.0174768621811679,0.9715097748815626
scene2_geo_dominated_0869.wav,2,geo_dominated,frog,hand_saw,sea_waves,0.10197170122708021,0.11148035729812417,0.7865479414747957
scene2_geo_dominated_0870.wav,2,geo_dominated,crickets,mouse_click,wind,0.12576775329752254,0.005820259058845824,0.8684119876436318
scene2_geo_dominated_0871.wav,2,geo_dominated,sneezing,keyboard_typing,sea_waves,0.04203502298898299,0.1036433490281548,0.8543216279828623
scene2_geo_dominated_0872.wav,2,geo_dominated,clapping,door_wood_knock,wind,0.18675356454894368,0.010254214726227291,0.8029922207248291
scene2_geo_dominated_0873.wav,2,geo_dominated,sheep,clock_tick,thunderstorm,0.06339672512498508,0.143878539962974,0.7927247349120409
scene2_geo_dominated_0874.wav,2,geo_dominated,insects,glass_breaking,rain,0.016212925179775,0.3012095347991792,0.6825775400210458
scene2_geo_dominated_0875.wav,2,geo_dominated,snoring,brushing_teeth,wind,0.33576756496016436,0.008640585054418462,0.6555918499854172
scene2_geo_dominated_0876.wav,2,geo_dominated,cow,car_horn,wind,0.07610242254326656,0.005701532190809025,0.9181960452659244
scene2_geo_dominated_0877.wav,2,geo_dominated,cow,brushing_teeth,thunderstorm,0.28935940517009906,0.05928538162685386,0.6513552132030471
scene2_geo_dominated_0878.wav,2,geo_dominated,clapping,car_horn,sea_waves,0.0065269669802712,0.08889461936458666,0.904578413655142
scene2_geo_dominated_0879.wav,2,geo_dominated,sheep,church_bells,water_drops,0.005289399893332386,0.04959667985004958,0.9451139202566181
scene2_geo_dominated_0880.wav,2,geo_dominated,pig,door_wood_creaks,crackling_fire,0.03707371308882597,0.031615912028744045,0.93131037488243
scene2_geo_dominated_0881.wav,2,geo_dominated,dog,fireworks,sea_waves,0.07883973722668165,0.010430832739019258,0.9107294300342991
scene2_geo_dominated_0882.wav,2,geo_dominated,crying_baby,church_bells,sea_waves,0.00569463198822237,0.06552420695812594,0.9287811610536516
scene2_geo_dominated_0883.wav,2,geo_dominated,coughing,fireworks,rain,0.0448254977975896,0.02191360985098661,0.9332608923514237
scene2_geo_dominated_0884.wav,2,geo_dominated,crickets,helicopter,thunderstorm,0.13420374513528446,0.002458200791131761,0.8633380540735838
scene2_geo_dominated_0885.wav,2,geo_dominated,cow,car_horn,rain,0.07632090670357616,0.14684153644031192,0.7768375568561119
scene2_geo_dominated_0886.wav,2,geo_dominated,cat,hand_saw,sea_waves,0.3621480296085681,0.029354704641030637,0.6084972657504012
scene2_geo_dominated_0887.wav,2,geo_dominated,breathing,door_wood_knock,rain,0.0019285871956559195,0.0511623660974572,0.9469090467068868
scene2_geo_dominated_0888.wav,2,geo_dominated,cow,vacuum_cleaner,wind,0.31347546309393015,0.022673301715372917,0.6638512351906969
scene2_geo_dominated_0889.wav,2,geo_dominated,crow,helicopter,wind,0.0482595523626972,0.07122146879452562,0.8805189788427771
scene2_geo_dominated_0890.wav,2,geo_dominated,crow,clock_tick,water_drops,0.08678474729057674,0.1812816451559089,0.7319336075535143
scene2_geo_dominated_0891.wav,2,geo_dominated,dog,clock_alarm,water_drops,0.3074434998652153,0.08247568057335854,0.6100808195614262
scene2_geo_dominated_0892.wav,2,geo_dominated,sneezing,can_opening,crackling_fire,0.22937116740302474,0.008659503658236901,0.7619693289387384
scene2_geo_dominated_0893.wav,2,geo_dominated,breathing,chainsaw,crackling_fire,0.009750624125774692,0.02146945916161056,0.9687799167126148
scene2_geo_dominated_0894.wav,2,geo_dominated,snoring,glass_breaking,wind,0.021924244898737705,0.0792713506420543,0.898804404459208
scene2_geo_dominated_0895.wav,2,geo_dominated,dog,hand_saw,sea_waves,0.06254007490789217,0.13460861593411122,0.8028513091579967
scene2_geo_dominated_0896.wav,2,geo_dominated,hen,washing_machine,water_drops,0.0514002620326467,0.2502993529931437,0.6983003849742095
scene2_geo_dominated_0897.wav,2,geo_dominated,rooster,vacuum_cleaner,wind,0.2380300827542631,0.004464937836311557,0.7575049794094254
scene2_geo_dominated_0898.wav,2,geo_dominated,frog,washing_machine,wind,0.03957477087039923,0.19845762688791257,0.7619676022416881
scene2_geo_dominated_0899.wav,2,geo_dominated,coughing,can_opening,crackling_fire,0.0736422860527658,0.07832960586945721,0.848028108077777
scene2_geo_dominated_0900.wav,2,geo_dominated,breathing,vacuum_cleaner,rain,0.026265395771481344,0.01553895163883993,0.9581956525896788
scene2_geo_dominated_0901.wav,2,geo_dominated,rooster,siren,thunderstorm,0.1430045696098693,0.02216805834534001,0.8348273720447906
scene2_geo_dominated_0902.wav,2,geo_dominated,coughing,door_wood_creaks,thunderstorm,0.08641320430875724,0.012058174458151057,0.9015286212330917
scene2_geo_dominated_0903.wav,2,geo_dominated,cow,engine,sea_waves,0.039614074018804214,0.026648157839992883,0.9337377681412029
scene2_geo_dominated_0904.wav,2,geo_dominated,pig,clock_alarm,wind,0.04102556718818053,0.07495068579785619,0.8840237470139632
scene2_geo_dominated_0905.wav,2,geo_dominated,insects,vacuum_cleaner,rain,0.0227089191879845,0.08233845310865245,0.894952627703363
scene2_geo_dominated_0906.wav,2,geo_dominated,cat,siren,thunderstorm,0.0010949128041431659,0.07996943884441976,0.918935648351437
scene2_geo_dominated_0907.wav,2,geo_dominated,laughing,footsteps,wind,0.12566300101914585,0.08019708902142036,0.7941399099594337
scene2_geo_dominated_0908.wav,2,geo_dominated,coughing,vacuum_cleaner,crackling_fire,0.07368106411858757,0.20411216995226777,0.7222067659291446
scene2_geo_dominated_0909.wav,2,geo_dominated,cat,train,rain,0.0376755163138429,0.2662172354555829,0.696107248230574
scene2_geo_dominated_0910.wav,2,geo_dominated,crow,clock_alarm,rain,0.15201183014905886,0.187884648959717,0.6601035208912241
scene2_geo_dominated_0911.wav,2,geo_dominated,pig,engine,crackling_fire,0.16660724605630825,0.033886498092846794,0.7995062558508449
scene2_geo_dominated_0912.wav,2,geo_dominated,crickets,washing_machine,thunderstorm,0.07557622964469128,0.0738658755338136,0.8505578948214951
scene2_geo_dominated_0913.wav,2,geo_dominated,cat,clock_alarm,crackling_fire,0.07124933804152278,0.038898074087967485,0.8898525878705097
scene2_geo_dominated_0914.wav,2,geo_dominated,cat,clock_tick,sea_waves,0.0553080498866098,0.05249382034076793,0.8921981297726221
scene2_geo_dominated_0915.wav,2,geo_dominated,frog,toilet_flush,wind,0.04041310354223173,0.028240800897730792,0.9313460955600374
scene2_geo_dominated_0916.wav,2,geo_dominated,sheep,pouring_water,thunderstorm,0.059253198562807315,0.12315245684503635,0.8175943445921564
scene2_geo_dominated_0917.wav,2,geo_dominated,pig,door_wood_creaks,thunderstorm,0.1059600951244896,0.006602975726766189,0.8874369291487442
scene2_geo_dominated_0918.wav,2,geo_dominated,chirping_birds,fireworks,water_drops,0.016296760564248447,0.10370987709986927,0.8799933623358822
scene2_geo_dominated_0919.wav,2,geo_dominated,insects,clock_alarm,crackling_fire,0.3745885411464653,0.0007160640570625563,0.6246953947964723
scene2_geo_dominated_0920.wav,2,geo_dominated,frog,clock_tick,wind,0.04296153953138711,0.01583706517107598,0.941201395297537
scene2_geo_dominated_0921.wav,2,geo_dominated,laughing,church_bells,crackling_fire,0.03306051530652234,0.10079591498631983,0.8661435697071578
scene2_geo_dominated_0922.wav,2,geo_dominated,cow,brushing_teeth,crackling_fire,0.0849962040545541,0.043936963461388805,0.871066832484057
scene2_geo_dominated_0923.wav,2,geo_dominated,cow,chainsaw,sea_waves,0.04979370106449916,0.0944352200207603,0.8557710789147405
scene2_geo_dominated_0924.wav,2,geo_dominated,rooster,glass_breaking,rain,0.05969465254660417,0.08118657183543734,0.8591187756179585
scene2_geo_dominated_0925.wav,2,geo_dominated,pig,pouring_water,sea_waves,0.003845566293182305,0.02519962141998671,0.970954812286831
scene2_geo_dominated_0926.wav,2,geo_dominated,crow,chainsaw,wind,0.001141071587306811,0.04234401389186736,0.9565149145208258
scene2_geo_dominated_0927.wav,2,geo_dominated,coughing,clock_tick,water_drops,0.14189887506221416,0.045490857709934086,0.8126102672278517
scene2_geo_dominated_0928.wav,2,geo_dominated,hen,clock_tick,rain,0.04471867049545646,0.023032187824958573,0.9322491416795848
scene2_geo_dominated_0929.wav,2,geo_dominated,insects,keyboard_typing,crackling_fire,0.026161162853490297,0.005882081778282628,0.9679567553682271
scene2_geo_dominated_0930.wav,2,geo_dominated,coughing,car_horn,rain,0.012067110858932369,0.021750477815582158,0.9661824113254854
scene2_geo_dominated_0931.wav,2,geo_dominated,cat,mouse_click,water_drops,0.0872263082601641,0.09264116657112018,0.8201325251687157
scene2_geo_dominated_0932.wav,2,geo_dominated,dog,helicopter,thunderstorm,0.025806784942818975,0.023453435335806662,0.9507397797213742
scene2_geo_dominated_0933.wav,2,geo_dominated,hen,door_wood_knock,water_drops,0.11552075950099713,0.08185596003328455,0.8026232804657184
scene2_geo_dominated_0934.wav,2,geo_dominated,pig,washing_machine,water_drops,0.23863593843276507,0.05027716534058255,0.7110868962266524
scene2_geo_dominated_0935.wav,2,geo_dominated,hen,toilet_flush,water_drops,0.1506573116530212,0.025130701894255494,0.8242119864527233
scene2_geo_dominated_0936.wav,2,geo_dominated,insects,mouse_click,water_drops,0.09288472580542506,0.11732033316184311,0.789794941032732
scene2_geo_dominated_0937.wav,2,geo_dominated,chirping_birds,mouse_click,water_drops,0.022070591244576485,0.36657763466981413,0.6113517740856093
scene2_geo_dominated_0938.wav,2,geo_dominated,insects,can_opening,water_drops,0.17569125877142694,0.093243249763236,0.7310654914653371
scene2_geo_dominated_0939.wav,2,geo_dominated,coughing,can_opening,rain,0.3151267893736666,0.0308515918492743,0.6540216187770592
scene2_geo_dominated_0940.wav,2,geo_dominated,frog,can_opening,water_drops,0.2826471033014815,0.053069560046291,0.6642833366522275
scene2_geo_dominated_0941.wav,2,geo_dominated,crow,helicopter,rain,0.3309740554214181,0.02319541901236565,0.6458305255662162
scene2_geo_dominated_0942.wav,2,geo_dominated,breathing,clock_alarm,rain,0.0425896108285638,0.1064644014821217,0.8509459876893144
scene2_geo_dominated_0943.wav,2,geo_dominated,frog,train,rain,0.12606477327989768,0.009203497291193026,0.8647317294289093
scene2_geo_dominated_0944.wav,2,geo_dominated,pig,siren,sea_waves,0.009233373468806984,0.13994733977121387,0.8508192867599791
scene2_geo_dominated_0945.wav,2,geo_dominated,hen,siren,sea_waves,0.045071201144660136,0.17881249953566336,0.7761162993196765
scene2_geo_dominated_0946.wav,2,geo_dominated,insects,drinking_sipping,sea_waves,0.03267482220310993,0.1871745576869897,0.7801506201099002
scene2_geo_dominated_0947.wav,2,geo_dominated,insects,clock_alarm,wind,0.04543364993319068,0.06611624077084792,0.8884501092959615
scene2_geo_dominated_0948.wav,2,geo_dominated,hen,siren,wind,0.03575499544451468,0.11372867072190725,0.850516333833578
scene2_geo_dominated_0949.wav,2,geo_dominated,cat,door_wood_creaks,crackling_fire,0.31642104159017315,0.12976143857196024,0.5538175198378666
scene2_geo_dominated_0950.wav,2,geo_dominated,chirping_birds,helicopter,water_drops,0.034670325672867576,0.008289964408433973,0.9570397099186984
scene2_geo_dominated_0951.wav,2,geo_dominated,crying_baby,drinking_sipping,sea_waves,0.013498990039139064,0.02581492477554955,0.9606860851853114
scene2_geo_dominated_0952.wav,2,geo_dominated,snoring,glass_breaking,crackling_fire,0.10966895301283622,0.07243040475029637,0.8179006422368675
scene2_geo_dominated_0953.wav,2,geo_dominated,crying_baby,chainsaw,thunderstorm,0.019740870355502406,0.10289486669053634,0.8773642629539612
scene2_geo_dominated_0954.wav,2,geo_dominated,pig,pouring_water,wind,0.09327495698544976,0.0345983504164628,0.8721266925980874
scene2_geo_dominated_0955.wav,2,geo_dominated,hen,helicopter,sea_waves,0.067547960241089,0.20274081319383924,0.7297112265650717
scene2_geo_dominated_0956.wav,2,geo_dominated,insects,car_horn,sea_waves,0.006956291627744778,0.10057099691405168,0.8924727114582035
scene2_geo_dominated_0957.wav,2,geo_dominated,dog,pouring_water,crackling_fire,0.159186976954349,0.059765657763124355,0.7810473652825266
scene2_geo_dominated_0958.wav,2,geo_dominated,frog,door_wood_creaks,sea_waves,0.03932149340734539,0.08451810690520074,0.8761603996874539
scene2_geo_dominated_0959.wav,2,geo_dominated,crying_baby,mouse_click,sea_waves,0.23894443523988088,0.011741047918505875,0.7493145168416132
scene2_geo_dominated_0960.wav,2,geo_dominated,breathing,chainsaw,sea_waves,0.01200555591719788,0.10964869698095807,0.8783457471018441
scene2_geo_dominated_0961.wav,2,geo_dominated,clapping,chainsaw,crackling_fire,0.22815549870766336,0.07705781327632233,0.6947866880160143
scene2_geo_dominated_0962.wav,2,geo_dominated,crow,siren,thunderstorm,0.11218467584543143,0.10216946005334228,0.7856458641012263
scene2_geo_dominated_0963.wav,2,geo_dominated,frog,engine,crackling_fire,0.008329484014236391,0.044234440584080194,0.9474360754016833
scene2_geo_dominated_0964.wav,2,geo_dominated,chirping_birds,hand_saw,water_drops,0.23666886802536105,0.01826068622696178,0.7450704457476772
scene2_geo_dominated_0965.wav,2,geo_dominated,sneezing,door_wood_creaks,water_drops,0.12283016176614857,0.04767508406516862,0.8294947541686829
scene2_geo_dominated_0966.wav,2,geo_dominated,insects,fireworks,thunderstorm,0.020409192026954237,0.16298410373426586,0.8166067042387799
scene2_geo_dominated_0967.wav,2,geo_dominated,chirping_birds,clock_tick,rain,0.14163767533180852,0.002971252765136322,0.8553910719030552
scene2_geo_dominated_0968.wav,2,geo_dominated,dog,keyboard_typing,wind,0.1370319186990742,0.06554826312732091,0.797419818173605
scene2_geo_dominated_0969.wav,2,geo_dominated,crickets,hand_saw,thunderstorm,0.166480176361405,0.013596295189355468,0.8199235284492397
scene2_geo_dominated_0970.wav,2,geo_dominated,snoring,door_wood_creaks,rain,0.06916276523649664,0.0012582625861509043,0.9295789721773524
scene2_geo_dominated_0971.wav,2,geo_dominated,crying_baby,fireworks,crackling_fire,0.007508041979941884,0.23536908649217797,0.7571228715278803
scene2_geo_dominated_0972.wav,2,geo_dominated,breathing,door_wood_knock,sea_waves,0.06520280520798953,0.05008190878390181,0.8847152860081088
scene2_geo_dominated_0973.wav,2,geo_dominated,chirping_birds,footsteps,wind,0.016637654929841494,0.004920529925989625,0.978441815144169
scene2_geo_dominated_0974.wav,2,geo_dominated,breathing,helicopter,rain,0.3549635815250234,0.0468398263577831,0.5981965921171936
scene2_geo_dominated_0975.wav,2,geo_dominated,sheep,door_wood_knock,water_drops,0.13755302005464376,0.04748781604174338,0.8149591639036129
scene2_geo_dominated_0976.wav,2,geo_dominated,sneezing,clock_alarm,rain,0.049663075631650316,0.13320220545599695,0.8171347189123527
scene2_geo_dominated_0977.wav,2,geo_dominated,crying_baby,washing_machine,wind,0.1024245435725782,0.08301044813712054,0.8145650082903012
scene2_geo_dominated_0978.wav,2,geo_dominated,frog,church_bells,wind,0.0991339458118765,0.0018695839697208153,0.8989964702184026
scene2_geo_dominated_0979.wav,2,geo_dominated,sneezing,chainsaw,wind,0.022283622718174828,0.08113010054754041,0.8965862767342847
scene2_geo_dominated_0980.wav,2,geo_dominated,insects,door_wood_knock,rain,0.04343200841343231,0.042567008840022985,0.9140009827465447
scene2_geo_dominated_0981.wav,2,geo_dominated,dog,chainsaw,crackling_fire,0.039715931519466216,0.05220089469603539,0.9080831737844983
scene2_geo_dominated_0982.wav,2,geo_dominated,rooster,car_horn,rain,0.05679103008368411,0.15662798554360544,0.7865809843727104
scene2_geo_dominated_0983.wav,2,geo_dominated,dog,pouring_water,sea_waves,0.3482096253514612,0.1389003536489292,0.5128900209996097
scene2_geo_dominated_0984.wav,2,geo_dominated,sneezing,clock_alarm,thunderstorm,0.23176425892183034,0.017749901215644157,0.7504858398625255
scene2_geo_dominated_0985.wav,2,geo_dominated,coughing,vacuum_cleaner,sea_waves,0.0217992303004477,0.07301930839654287,0.9051814613030096
scene2_geo_dominated_0986.wav,2,geo_dominated,chirping_birds,church_bells,water_drops,0.0015975145049769688,0.008336899990969154,0.9900655855040538
scene2_geo_dominated_0987.wav,2,geo_dominated,laughing,clock_alarm,rain,0.055164864906182644,0.01782683734769113,0.9270082977461261
scene2_geo_dominated_0988.wav,2,geo_dominated,sheep,pouring_water,crackling_fire,0.14518885095131917,0.05084844803821456,0.8039627010104662
scene2_geo_dominated_0989.wav,2,geo_dominated,breathing,clock_alarm,sea_waves,0.0050749764614907295,0.038859908270814564,0.9560651152676948
scene2_geo_dominated_0990.wav,2,geo_dominated,breathing,car_horn,sea_waves,0.24488648629632961,0.12139780128416566,0.6337157124195046
scene2_geo_dominated_0991.wav,2,geo_dominated,crickets,drinking_sipping,water_drops,0.01833114464247302,0.04971638157049431,0.9319524737870327
scene2_geo_dominated_0992.wav,2,geo_dominated,sneezing,washing_machine,thunderstorm,0.29665169911357886,0.05949578263577641,0.6438525182506449
scene2_geo_dominated_0993.wav,2,geo_dominated,pig,toilet_flush,sea_waves,0.07903337403457367,0.11469251474288894,0.8062741112225374
scene2_geo_dominated_0994.wav,2,geo_dominated,hen,helicopter,crackling_fire,0.007274772768092506,0.050538401978877746,0.9421868252530297
scene2_geo_dominated_0995.wav,2,geo_dominated,clapping,vacuum_cleaner,water_drops,0.1343783322915791,0.1475881686523238,0.718033499056097
scene2_geo_dominated_0996.wav,2,geo_dominated,dog,church_bells,rain,0.26175711896787845,0.0902000408872598,0.6480428401448619
scene2_geo_dominated_0997.wav,2,geo_dominated,sheep,brushing_teeth,crackling_fire,0.08426791848690691,0.007115632995205452,0.9086164485178876
scene2_geo_dominated_0998.wav,2,geo_dominated,crying_baby,airplane,sea_waves,0.03002682724168318,0.04864064437697278,0.921332528381344
scene2_geo_dominated_0999.wav,2,geo_dominated,rooster,car_horn,wind,0.18281033502434932,0.056836841080284806,0.7603528238953658
