filename,scene_label,scene_name,bio_class,antro_class,geo_class,bio_proportion,antro_proportion,geo_proportion
scene0_bio_dominated_0000.wav,0,bio_dominated,sheep,engine,thunderstorm,0.8874484066528907,0.031684979615641096,0.08086661373146817
scene0_bio_dominated_0001.wav,0,bio_dominated,crying_baby,clock_tick,wind,0.9752549146306705,0.0022450071389895888,0.02250007823033974
scene0_bio_dominated_0002.wav,0,bio_dominated,coughing,clock_alarm,rain,0.8683853689025516,0.0956023597181537,0.03601227137929472
scene0_bio_dominated_0003.wav,0,bio_dominated,laughing,train,wind,0.8263220303255555,0.1583021992631333,0.015375770411311163
scene0_bio_dominated_0004.wav,0,bio_dominated,breathing,door_wood_creaks,wind,0.8911569121374443,0.019318223814658315,0.08952486404789742
scene0_bio_dominated_0005.wav,0,bio_dominated,coughing,chainsaw,wind,0.6229931890885564,0.019849748352260093,0.3571570625591835
scene0_bio_dominated_0006.wav,0,bio_dominated,coughing,airplane,water_drops,0.8532806127132355,0.08045546834652995,0.06626391894023442
scene0_bio_dominated_0007.wav,0,bio_dominated,breathing,door_wood_knock,sea_waves,0.9269137205264535,0.03712282876728236,0.03596345070626416
scene0_bio_dominated_0008.wav,0,bio_dominated,crickets,door_wood_knock,wind,0.8726777061750943,0.0003727046133764983,0.12694958921152924
scene0_bio_dominated_0009.wav,0,bio_dominated,breathing,pouring_water,thunderstorm,0.8893350881039669,0.041368801787735394,0.06929611010829781
scene0_bio_dominated_0010.wav,0,bio_dominated,crying_baby,siren,crackling_fire,0.7684651873366635,0.11508991024901026,0.11644490241432631
scene0_bio_dominated_0011.wav,0,bio_dominated,rooster,fireworks,sea_waves,0.9405121223865748,0.007602383237033478,0.051885494376391804
scene0_bio_dominated_0012.wav,0,bio_dominated,cat,clock_tick,wind,0.890529467839065,0.009908720812825332,0.09956181134810976
scene0_bio_dominated_0013.wav,0,bio_dominated,clapping,car_horn,wind,0.8632407377189633,0.04700796078022192,0.08975130150081481
scene0_bio_dominated_0014.wav,0,bio_dominated,sneezing,vacuum_cleaner,rain,0.9726692937504491,0.023376407835211086,0.003954298414339786
scene0_bio_dominated_0015.wav,0,bio_dominated,dog,hand_saw,thunderstorm,0.9766429282056258,0.023344287178242166,1.2784616132063502e-05
scene0_bio_dominated_0016.wav,0,bio_dominated,breathing,airplane,crackling_fire,0.9253076699367238,0.06553052991398095,0.00916180014929525
scene0_bio_dominated_0017.wav,0,bio_dominated,cow,clock_tick,crackling_fire,0.6870061594261271,0.2986075638220078,0.014386276751865074
scene0_bio_dominated_0018.wav,0,bio_dominated,cow,keyboard_typing,water_drops,0.7704485204047453,0.21955862301500154,0.009992856580253166
scene0_bio_dominated_0019.wav,0,bio_dominated,laughing,can_opening,crackling_fire,0.900435853490676,0.0650674564632676,0.03449669004605624
scene0_bio_dominated_0020.wav,0,bio_dominated,snoring,footsteps,crackling_fire,0.883816641204756,0.017142865004437395,0.09904049379080658
scene0_bio_dominated_0021.wav,0,bio_dominated,coughing,fireworks,thunderstorm,0.8279947399403365,0.01961865366986779,0.15238660638979584
scene0_bio_dominated_0022.wav,0,bio_dominated,hen,washing_machine,thunderstorm,0.7733663388627142,0.09782982077332662,0.12880384036395917
scene0_bio_dominated_0023.wav,0,bio_dominated,laughing,drinking_sipping,water_drops,0.8264047725742026,0.10931365648781045,0.06428157093798685
scene0_bio_dominated_0024.wav,0,bio_dominated,insects,toilet_flush,crackling_fire,0.9283406160523366,0.00998159287084922,0.06167779107681417
scene0_bio_dominated_0025.wav,0,bio_dominated,pig,airplane,thunderstorm,0.8070084596732914,0.022934187956923,0.17005735236978553
scene0_bio_dominated_0026.wav,0,bio_dominated,cat,glass_breaking,wind,0.7834058776473242,0.16317156811252956,0.05342255424014629
scene0_bio_dominated_0027.wav,0,bio_dominated,insects,vacuum_cleaner,sea_waves,0.7623438393753788,0.20222196346763147,0.0354341971569899
scene0_bio_dominated_0028.wav,0,bio_dominated,frog,clock_alarm,rain,0.7469810422886284,0.10386782374734793,0.14915113396402357
scene0_bio_dominated_0029.wav,0,bio_dominated,crickets,chainsaw,sea_waves,0.8613188520946291,0.09396016860066977,0.04472097930470116
scene0_bio_dominated_0030.wav,0,bio_dominated,clapping,can_opening,crackling_fire,0.7215829576172382,0.1504111419851108,0.12800590039765103
scene0_bio_dominated_0031.wav,0,bio_dominated,crickets,chainsaw,thunderstorm,0.9428932912363999,0.004234430057872283,0.05287227870572777
scene0_bio_dominated_0032.wav,0,bio_dominated,crying_baby,mouse_click,wind,0.8703341380636633,0.10938448941012718,0.020281372526209568
scene0_bio_dominated_0033.wav,0,bio_dominated,laughing,mouse_click,rain,0.8210995203256313,0.13031934454720975,0.04858113512715885
scene0_bio_dominated_0034.wav,0,bio_dominated,crying_baby,chainsaw,rain,0.8161517972032657,0.1398706037837049,0.04397759901302929
scene0_bio_dominated_0035.wav,0,bio_dominated,breathing,airplane,wind,0.865433329481662,0.07898566537294707,0.05558100514539104
scene0_bio_dominated_0036.wav,0,bio_dominated,crickets,brushing_teeth,rain,0.8955401264790767,0.0573060379182535,0.04715383560266982
scene0_bio_dominated_0037.wav,0,bio_dominated,dog,drinking_sipping,rain,0.7964679602640565,0.1835885888452248,0.019943450890718657
scene0_bio_dominated_0038.wav,0,bio_dominated,sheep,glass_breaking,sea_waves,0.9158392497293205,0.019778201333599043,0.06438254893708051
scene0_bio_dominated_0039.wav,0,bio_dominated,frog,can_opening,crackling_fire,0.7466398707513332,0.0760223273602492,0.17733780188841755
scene0_bio_dominated_0040.wav,0,bio_dominated,insects,glass_breaking,rain,0.9227449283936031,0.046895561522247504,0.03035951008414945
scene0_bio_dominated_0041.wav,0,bio_dominated,cat,brushing_teeth,crackling_fire,0.7978733482244703,0.08085268096679477,0.12127397080873493
scene0_bio_dominated_0042.wav,0,bio_dominated,laughing,brushing_teeth,rain,0.9047877626071564,0.0008789952675569855,0.0943332421252866
scene0_bio_dominated_0043.wav,0,bio_dominated,snoring,brushing_teeth,water_drops,0.7996210914193382,0.18039861530894324,0.01998029327171844
scene0_bio_dominated_0044.wav,0,bio_dominated,clapping,train,wind,0.8246484008301219,0.022799220312728706,0.1525523788571494
scene0_bio_dominated_0045.wav,0,bio_dominated,cow,washing_machine,water_drops,0.802739566972166,0.09693754309800084,0.10032288992983328
scene0_bio_dominated_0046.wav,0,bio_dominated,hen,airplane,wind,0.8246634811553577,0.04552979517074756,0.12980672367389462
scene0_bio_dominated_0047.wav,0,bio_dominated,pig,car_horn,water_drops,0.9118908679896002,0.08700567254925382,0.0011034594611459938
scene0_bio_dominated_0048.wav,0,bio_dominated,frog,fireworks,sea_waves,0.7959843232793525,0.10870060073831675,0.09531507598233074
scene0_bio_dominated_0049.wav,0,bio_dominated,insects,keyboard_typing,sea_waves,0.7795289893943357,0.10826206842838522,0.11220894217727904
scene0_bio_dominated_0050.wav,0,bio_dominated,snoring,pouring_water,rain,0.9426649844799407,0.0559283239773999,0.0014066915426592342
scene0_bio_dominated_0051.wav,0,bio_dominated,crickets,door_wood_creaks,crackling_fire,0.8871171151519789,0.10035621580243075,0.012526669045590412
scene0_bio_dominated_0052.wav,0,bio_dominated,clapping,footsteps,wind,0.4269779788473822,0.35262951029329886,0.22039251085931902
scene0_bio_dominated_0053.wav,0,bio_dominated,cow,siren,wind,0.7327135798417896,0.13994876164331455,0.1273376585148958
scene0_bio_dominated_0054.wav,0,bio_dominated,chirping_birds,hand_saw,rain,0.8255383752174255,0.019708821875940603,0.15475280290663387
scene0_bio_dominated_0055.wav,0,bio_dominated,frog,door_wood_knock,crackling_fire,0.7597124484400485,0.1345814625659701,0.10570608899398154
scene0_bio_dominated_0056.wav,0,bio_dominated,insects,train,crackling_fire,0.8262919599926241,0.12595281289321333,0.0477552271141625
scene0_bio_dominated_0057.wav,0,bio_dominated,clapping,pouring_water,wind,0.8833181296048239,0.10900087433669227,0.007680996058483807
scene0_bio_dominated_0058.wav,0,bio_dominated,crickets,helicopter,water_drops,0.7290329081753717,0.19992769282621534,0.07103939899841291
scene0_bio_dominated_0059.wav,0,bio_dominated,sheep,glass_breaking,crackling_fire,0.9636726609457333,0.01332093418309087,0.023006404871175737
scene0_bio_dominated_0060.wav,0,bio_dominated,snoring,engine,crackling_fire,0.8173269494965747,0.06565548208744508,0.11701756841598021
scene0_bio_dominated_0061.wav,0,bio_dominated,cow,door_wood_creaks,wind,0.8455724041072697,0.07435789140697022,0.08006970448576003
scene0_bio_dominated_0062.wav,0,bio_dominated,sheep,washing_machine,sea_waves,0.9781944877421306,0.013374542984652819,0.00843096927321667
scene0_bio_dominated_0063.wav,0,bio_dominated,pig,washing_machine,thunderstorm,0.7949726993615371,0.017958821044294304,0.18706847959416856
scene0_bio_dominated_0064.wav,0,bio_dominated,frog,door_wood_knock,wind,0.8123762576546828,0.0722850793031013,0.11533866304221578
scene0_bio_dominated_0065.wav,0,bio_dominated,insects,car_horn,sea_waves,0.8608149534213788,0.046300652667871436,0.09288439391074972
scene0_bio_dominated_0066.wav,0,bio_dominated,chirping_birds,drinking_sipping,rain,0.930605917254694,0.0007638732479258173,0.06863020949738023
scene0_bio_dominated_0067.wav,0,bio_dominated,crickets,helicopter,sea_waves,0.4340777490908527,0.03362712569418839,0.5322951252149589
scene0_bio_dominated_0068.wav,0,bio_dominated,crying_baby,car_horn,thunderstorm,0.8816691836872197,0.10297319591510329,0.01535762039767706
scene0_bio_dominated_0069.wav,0,bio_dominated,snoring,brushing_teeth,water_drops,0.7608558125226426,0.23668476419585982,0.0024594232814976274
scene0_bio_dominated_0070.wav,0,bio_dominated,crickets,siren,sea_waves,0.8161497858832689,0.0957880550014982,0.08806215911523288
scene0_bio_dominated_0071.wav,0,bio_dominated,sheep,can_opening,sea_waves,0.8842693449643861,0.06994892607595624,0.04578172895965753
scene0_bio_dominated_0072.wav,0,bio_dominated,laughing,keyboard_typing,thunderstorm,0.667739183507266,0.3101100124840337,0.02215080400870038
scene0_bio_dominated_0073.wav,0,bio_dominated,crying_baby,glass_breaking,water_drops,0.9604217463634348,0.004291082954180632,0.035287170682384524
scene0_bio_dominated_0074.wav,0,bio_dominated,hen,keyboard_typing,sea_waves,0.88680218294619,0.10885365804554689,0.004344159008263062
scene0_bio_dominated_0075.wav,0,bio_dominated,laughing,airplane,thunderstorm,0.985560843849791,0.004275352971204563,0.01016380317900447
scene0_bio_dominated_0076.wav,0,bio_dominated,clapping,can_opening,sea_waves,0.8911917874902923,0.10483168135018417,0.003976531159523492
scene0_bio_dominated_0077.wav,0,bio_dominated,laughing,chainsaw,rain,0.8111915685343403,0.07108258219447809,0.11772584927118174
scene0_bio_dominated_0078.wav,0,bio_dominated,laughing,church_bells,wind,0.6447674126528942,0.2868491635129712,0.06838342383413468
scene0_bio_dominated_0079.wav,0,bio_dominated,hen,train,water_drops,0.7474848613658948,0.0014256483311730329,0.25108949030293226
scene0_bio_dominated_0080.wav,0,bio_dominated,chirping_birds,pouring_water,water_drops,0.8193137554140549,0.10764955730511797,0.07303668728082709
scene0_bio_dominated_0081.wav,0,bio_dominated,snoring,fireworks,wind,0.9095678904669858,0.029166532817524755,0.06126557671548949
scene0_bio_dominated_0082.wav,0,bio_dominated,chirping_birds,engine,thunderstorm,0.8267809333855701,0.16276334796029485,0.010455718654135047
scene0_bio_dominated_0083.wav,0,bio_dominated,frog,engine,thunderstorm,0.8956245073550851,0.04004456332089836,0.06433092932401668
scene0_bio_dominated_0084.wav,0,bio_dominated,dog,siren,rain,0.8025821908755222,0.11158955717746992,0.08582825194700806
scene0_bio_dominated_0085.wav,0,bio_dominated,cow,footsteps,wind,0.7499197739923603,0.03020570423703365,0.21987452177060607
scene0_bio_dominated_0086.wav,0,bio_dominated,hen,car_horn,water_drops,0.8241943378665065,0.016366193374705122,0.15943946875878814
scene0_bio_dominated_0087.wav,0,bio_dominated,cow,train,wind,0.7505165716223842,0.16541299448893831,0.08407043388867753
scene0_bio_dominated_0088.wav,0,bio_dominated,clapping,vacuum_cleaner,rain,0.9332193630060751,0.023608312263825367,0.04317232473009944
scene0_bio_dominated_0089.wav,0,bio_dominated,sneezing,clock_tick,water_drops,0.8370616912036505,0.13414327215259603,0.02879503664375352
scene0_bio_dominated_0090.wav,0,bio_dominated,crying_baby,toilet_flush,sea_waves,0.9206401360106001,0.07541388744576355,0.003945976543636286
scene0_bio_dominated_0091.wav,0,bio_dominated,breathing,engine,thunderstorm,0.9175381752121395,0.036205756242530494,0.04625606854533007
scene0_bio_dominated_0092.wav,0,bio_dominated,cow,vacuum_cleaner,rain,0.8648855309210319,0.026502245990932132,0.10861222308803603
scene0_bio_dominated_0093.wav,0,bio_dominated,cow,brushing_teeth,crackling_fire,0.909894838526327,0.08792295237359299,0.002182209100080118
scene0_bio_dominated_0094.wav,0,bio_dominated,rooster,brushing_teeth,sea_waves,0.5399853517624353,0.44676595710390593,0.013248691133658744
scene0_bio_dominated_0095.wav,0,bio_dominated,insects,hand_saw,crackling_fire,0.79973089974567,0.05190455467323836,0.14836454558109163
scene0_bio_dominated_0096.wav,0,bio_dominated,rooster,washing_machine,rain,0.6977357147434626,0.06583289060016649,0.2364313946563709
scene0_bio_dominated_0097.wav,0,bio_dominated,breathing,door_wood_knock,rain,0.96802878835415,0.014850969843855274,0.017120241801994826
scene0_bio_dominated_0098.wav,0,bio_dominated,frog,washing_machine,sea_waves,0.6255697440345783,0.35323407436128906,0.021196181604132534
scene0_bio_dominated_0099.wav,0,bio_dominated,coughing,train,rain,0.8899161429687203,0.06949773934663309,0.04058611768464653
scene0_bio_dominated_0100.wav,0,bio_dominated,crow,washing_machine,sea_waves,0.8419361239506353,0.15705585820511933,0.0010080178442455053
scene0_bio_dominated_0101.wav,0,bio_dominated,frog,mouse_click,thunderstorm,0.9644575000772707,0.02344119159978619,0.012101308322943118
scene0_bio_dominated_0102.wav,0,bio_dominated,snoring,washing_machine,sea_waves,0.7821158470729832,0.07096447210542263,0.1469196808215942
scene0_bio_dominated_0103.wav,0,bio_dominated,crow,keyboard_typing,water_drops,0.8089102193177239,0.08652633353596087,0.10456344714631514
scene0_bio_dominated_0104.wav,0,bio_dominated,pig,pouring_water,rain,0.915175245707768,0.015698925308497032,0.0691258289837351
scene0_bio_dominated_0105.wav,0,bio_dominated,snoring,car_horn,rain,0.7623606937990022,0.11849215318395795,0.11914715301703979
scene0_bio_dominated_0106.wav,0,bio_dominated,insects,glass_breaking,rain,0.7776803104300527,0.21132953270399563,0.010990156865951515
scene0_bio_dominated_0107.wav,0,bio_dominated,hen,brushing_teeth,crackling_fire,0.8893982301263428,0.09661325345869295,0.013988516414964278
scene0_bio_dominated_0108.wav,0,bio_dominated,rooster,toilet_flush,thunderstorm,0.8929527746620939,5.843710644018186e-05,0.10698878823146575
scene0_bio_dominated_0109.wav,0,bio_dominated,chirping_birds,mouse_click,sea_waves,0.7527422635574296,0.15044654500298107,0.09681119143958933
scene0_bio_dominated_0110.wav,0,bio_dominated,sneezing,brushing_teeth,water_drops,0.9406228711085801,0.02155287524768926,0.037824253643730675
scene0_bio_dominated_0111.wav,0,bio_dominated,crow,airplane,crackling_fire,0.829150226108201,0.07795178084693201,0.09289799304486707
scene0_bio_dominated_0112.wav,0,bio_dominated,crying_baby,siren,crackling_fire,0.76984835050556,0.15700184710288465,0.07314980239155522
scene0_bio_dominated_0113.wav,0,bio_dominated,sneezing,clock_alarm,wind,0.7897264790711708,0.13787800095656894,0.0723955199722602
scene0_bio_dominated_0114.wav,0,bio_dominated,sheep,hand_saw,sea_waves,0.912172076645523,0.02020038232230066,0.06762754103217639
scene0_bio_dominated_0115.wav,0,bio_dominated,rooster,chainsaw,water_drops,0.5583740905278126,0.2967864022324637,0.1448395072397236
scene0_bio_dominated_0116.wav,0,bio_dominated,hen,fireworks,crackling_fire,0.992072788505665,0.007850178230548805,7.703326378618167e-05
scene0_bio_dominated_0117.wav,0,bio_dominated,insects,chainsaw,water_drops,0.9254561363877939,0.07421662470160081,0.000327238910605205
scene0_bio_dominated_0118.wav,0,bio_dominated,rooster,can_opening,sea_waves,0.8118894676623946,0.031799806363583254,0.1563107259740221
scene0_bio_dominated_0119.wav,0,bio_dominated,laughing,door_wood_creaks,rain,0.9618416033338989,0.019932320848105735,0.01822607581799531
scene0_bio_dominated_0120.wav,0,bio_dominated,coughing,clock_tick,sea_waves,0.9619187356109166,0.01592968372120567,0.02215158066787764
scene0_bio_dominated_0121.wav,0,bio_dominated,cow,chainsaw,wind,0.7806618413930865,0.029150126816208148,0.19018803179070543
scene0_bio_dominated_0122.wav,0,bio_dominated,cow,vacuum_cleaner,thunderstorm,0.8288467721676458,0.005165972709857063,0.16598725512249726
scene0_bio_dominated_0123.wav,0,bio_dominated,sheep,toilet_flush,sea_waves,0.8351022748054265,0.09750623016669802,0.06739149502787542
scene0_bio_dominated_0124.wav,0,bio_dominated,cat,siren,rain,0.779190156015203,0.048214990533966086,0.17259485345083084
scene0_bio_dominated_0125.wav,0,bio_dominated,snoring,car_horn,water_drops,0.727604981486594,0.04854702760887267,0.22384799090453336
scene0_bio_dominated_0126.wav,0,bio_dominated,frog,washing_machine,water_drops,0.8475037153368227,0.13859543633366286,0.013900848329514486
scene0_bio_dominated_0127.wav,0,bio_dominated,laughing,vacuum_cleaner,rain,0.9541684106762783,0.006187304938046052,0.039644284385675604
scene0_bio_dominated_0128.wav,0,bio_dominated,rooster,vacuum_cleaner,crackling_fire,0.7298826729420548,0.008638851039725122,0.26147847601822005
scene0_bio_dominated_0129.wav,0,bio_dominated,clapping,can_opening,water_drops,0.8334944156423882,0.1273938559619349,0.039111728395676865
scene0_bio_dominated_0130.wav,0,bio_dominated,coughing,toilet_flush,sea_waves,0.9300176696787378,0.014264238853137908,0.05571809146812429
scene0_bio_dominated_0131.wav,0,bio_dominated,clapping,engine,thunderstorm,0.7564219605662261,0.10806759914157896,0.13551044029219494
scene0_bio_dominated_0132.wav,0,bio_dominated,sheep,pouring_water,wind,0.9176809905558343,0.022779051426479194,0.05953995801768651
scene0_bio_dominated_0133.wav,0,bio_dominated,sheep,mouse_click,wind,0.8350420301805662,0.13411341411460237,0.030844555704831342
scene0_bio_dominated_0134.wav,0,bio_dominated,pig,can_opening,water_drops,0.9069383613272576,0.030040126845015117,0.06302151182772738
scene0_bio_dominated_0135.wav,0,bio_dominated,cow,toilet_flush,wind,0.7344032178702077,0.028046300127729056,0.2375504820020632
scene0_bio_dominated_0136.wav,0,bio_dominated,clapping,clock_tick,water_drops,0.8387625435669467,0.03385059729270172,0.1273868591403515
scene0_bio_dominated_0137.wav,0,bio_dominated,laughing,clock_tick,sea_waves,0.9409593748096856,0.0529374718972453,0.006103153293069093
scene0_bio_dominated_0138.wav,0,bio_dominated,frog,fireworks,water_drops,0.9624110946312363,0.02479761946219809,0.012791285906565633
scene0_bio_dominated_0139.wav,0,bio_dominated,crickets,clock_tick,sea_waves,0.5955772020876617,0.00703709062555301,0.3973857072867853
scene0_bio_dominated_0140.wav,0,bio_dominated,frog,drinking_sipping,wind,0.9319025117583478,0.013043797630788662,0.05505369061086339
scene0_bio_dominated_0141.wav,0,bio_dominated,sneezing,mouse_click,wind,0.8601143331349457,0.05444281226240737,0.08544285460264699
scene0_bio_dominated_0142.wav,0,bio_dominated,crow,car_horn,thunderstorm,0.8917566571606135,0.04764732912631109,0.06059601371307547
scene0_bio_dominated_0143.wav,0,bio_dominated,laughing,train,sea_waves,0.9300969656629209,0.049520498202010224,0.020382536135068945
scene0_bio_dominated_0144.wav,0,bio_dominated,clapping,airplane,wind,0.8422107844437657,0.03537260663417758,0.1224166089220566
scene0_bio_dominated_0145.wav,0,bio_dominated,coughing,vacuum_cleaner,sea_waves,0.9153986836329804,0.06304536379572614,0.021555952571293245
scene0_bio_dominated_0146.wav,0,bio_dominated,chirping_birds,clock_tick,sea_waves,0.858816351049541,0.06090632668066752,0.0802773222697914
scene0_bio_dominated_0147.wav,0,bio_dominated,rooster,engine,water_drops,0.8120767501268135,0.15230373835932048,0.035619511513866275
scene0_bio_dominated_0148.wav,0,bio_dominated,frog,church_bells,sea_waves,0.866314015529298,0.13086799508766211,0.0028179893830399395
scene0_bio_dominated_0149.wav,0,bio_dominated,sneezing,washing_machine,rain,0.6882369032236292,0.09663367394227429,0.2151294228340965
scene0_bio_dominated_0150.wav,0,bio_dominated,pig,can_opening,sea_waves,0.7369311766376568,0.04924281357596802,0.21382600978637503
scene0_bio_dominated_0151.wav,0,bio_dominated,sneezing,door_wood_knock,rain,0.6628595814834783,0.32578605638395314,0.011354362132568569
scene0_bio_dominated_0152.wav,0,bio_dominated,sneezing,church_bells,crackling_fire,0.6419266422108859,0.3258862532195227,0.03218710456959134
scene0_bio_dominated_0153.wav,0,bio_dominated,crickets,engine,wind,0.9008846368254663,0.09083541045583278,0.008279952718700932
scene0_bio_dominated_0154.wav,0,bio_dominated,rooster,car_horn,sea_waves,0.9497195330357772,0.038576508824072646,0.011703958140150246
scene0_bio_dominated_0155.wav,0,bio_dominated,sneezing,vacuum_cleaner,thunderstorm,0.8248994694102295,0.16502597583521433,0.010074554754556377
scene0_bio_dominated_0156.wav,0,bio_dominated,cat,keyboard_typing,water_drops,0.924971922356877,0.039730625260214945,0.035297452382908046
scene0_bio_dominated_0157.wav,0,bio_dominated,laughing,footsteps,wind,0.5522250596416968,0.27704526367053833,0.17072967668776487
scene0_bio_dominated_0158.wav,0,bio_dominated,rooster,can_opening,water_drops,0.9051205981344731,0.03957253393286287,0.05530686793266409
scene0_bio_dominated_0159.wav,0,bio_dominated,laughing,glass_breaking,rain,0.9058744164723035,0.09176530602173354,0.0023602775059630146
scene0_bio_dominated_0160.wav,0,bio_dominated,coughing,clock_alarm,crackling_fire,0.9048098890382532,0.06211405593193152,0.03307605502981523
scene0_bio_dominated_0161.wav,0,bio_dominated,cat,car_horn,sea_waves,0.7302631566436801,0.14397581296092465,0.12576103039539524
scene0_bio_dominated_0162.wav,0,bio_dominated,rooster,siren,water_drops,0.9058389574764776,0.08890751501133036,0.005253527512191942
scene0_bio_dominated_0163.wav,0,bio_dominated,pig,clock_alarm,wind,0.8106086157149613,0.04450530996120377,0.14488607432383502
scene0_bio_dominated_0164.wav,0,bio_dominated,frog,engine,wind,0.885574426163082,0.011119463703122931,0.10330611013379508
scene0_bio_dominated_0165.wav,0,bio_dominated,coughing,door_wood_creaks,water_drops,0.9607535692494713,0.033267751842119914,0.00597867890840874
scene0_bio_dominated_0166.wav,0,bio_dominated,frog,hand_saw,water_drops,0.8244624211630397,0.015043700096653335,0.1604938787403068
scene0_bio_dominated_0167.wav,0,bio_dominated,hen,pouring_water,water_drops,0.9290675146208676,0.054369566025946094,0.016562919353186385
scene0_bio_dominated_0168.wav,0,bio_dominated,crickets,engine,crackling_fire,0.8934958379209004,0.10491841757500939,0.0015857445040900078
scene0_bio_dominated_0169.wav,0,bio_dominated,insects,hand_saw,crackling_fire,0.8094595310394516,0.1565550714541601,0.033985397506388466
scene0_bio_dominated_0170.wav,0,bio_dominated,snoring,chainsaw,crackling_fire,0.8493516281100184,0.11183568488728618,0.038812687002695224
scene0_bio_dominated_0171.wav,0,bio_dominated,snoring,helicopter,crackling_fire,0.9207254632511788,0.06659456893179048,0.012679967817030893
scene0_bio_dominated_0172.wav,0,bio_dominated,rooster,fireworks,thunderstorm,0.7763410451526219,0.07831798049165377,0.14534097435572443
scene0_bio_dominated_0173.wav,0,bio_dominated,crying_baby,chainsaw,rain,0.9472757478969269,0.016277813390332053,0.03644643871274105
scene0_bio_dominated_0174.wav,0,bio_dominated,crickets,church_bells,thunderstorm,0.9431752091289131,0.0419483498380296,0.014876441033057344
scene0_bio_dominated_0175.wav,0,bio_dominated,pig,pouring_water,rain,0.839600039301427,0.14129985270625994,0.019100107992313063
scene0_bio_dominated_0176.wav,0,bio_dominated,frog,washing_machine,sea_waves,0.8692056022273131,0.03665149148901785,0.09414290628366906
scene0_bio_dominated_0177.wav,0,bio_dominated,cow,siren,wind,0.8341000515825674,0.00044357925830246746,0.16545636915913017
scene0_bio_dominated_0178.wav,0,bio_dominated,cat,footsteps,crackling_fire,0.7446121186881294,0.10738572830615402,0.14800215300571665
scene0_bio_dominated_0179.wav,0,bio_dominated,breathing,airplane,rain,0.9074620178891378,0.010599499339243265,0.08193848277161894
scene0_bio_dominated_0180.wav,0,bio_dominated,snoring,door_wood_creaks,wind,0.6380691473167256,0.21455898355711636,0.1473718691261579
scene0_bio_dominated_0181.wav,0,bio_dominated,coughing,washing_machine,sea_waves,0.854267514873433,0.05411941290408314,0.09161307222248388
scene0_bio_dominated_0182.wav,0,bio_dominated,chirping_birds,door_wood_knock,thunderstorm,0.8099054995259316,0.1695993582216256,0.020495142252442734
scene0_bio_dominated_0183.wav,0,bio_dominated,snoring,pouring_water,thunderstorm,0.8739749764774635,0.10673450073557456,0.01929052278696206
scene0_bio_dominated_0184.wav,0,bio_dominated,hen,drinking_sipping,water_drops,0.706117389962077,0.03135704338050619,0.26252556665741694
scene0_bio_dominated_0185.wav,0,bio_dominated,hen,glass_breaking,water_drops,0.7861399846503215,0.08193002010508905,0.1319299952445894
scene0_bio_dominated_0186.wav,0,bio_dominated,coughing,toilet_flush,rain,0.8088999724066914,0.10884810708960813,0.08225192050370042
scene0_bio_dominated_0187.wav,0,bio_dominated,sheep,vacuum_cleaner,sea_waves,0.92433994844368,0.01710439767065771,0.05855565388566248
scene0_bio_dominated_0188.wav,0,bio_dominated,laughing,washing_machine,crackling_fire,0.6663450684608325,0.12448513661003485,0.20916979492913254
scene0_bio_dominated_0189.wav,0,bio_dominated,dog,hand_saw,water_drops,0.918741023864505,0.028931171523944525,0.052327804611550476
scene0_bio_dominated_0190.wav,0,bio_dominated,cat,mouse_click,water_drops,0.8341325081559712,0.11483515626841212,0.051032335575616594
scene0_bio_dominated_0191.wav,0,bio_dominated,chirping_birds,pouring_water,wind,0.9047425882339412,0.039772708869837546,0.05548470289622113
scene0_bio_dominated_0192.wav,0,bio_dominated,sheep,vacuum_cleaner,thunderstorm,0.6277060960710035,0.1718441098312305,0.20044979409776617
scene0_bio_dominated_0193.wav,0,bio_dominated,coughing,airplane,crackling_fire,0.9213247740018093,0.07380827692048027,0.004866949077710406
scene0_bio_dominated_0194.wav,0,bio_dominated,insects,hand_saw,water_drops,0.920588019276997,0.05879850089592276,0.02061347982708004
scene0_bio_dominated_0195.wav,0,bio_dominated,crickets,washing_machine,water_drops,0.9290828652288633,0.008530896560195983,0.06238623821094071
scene0_bio_dominated_0196.wav,0,bio_dominated,cow,engine,rain,0.8807511860531816,0.09023261770038399,0.029016196246434433
scene0_bio_dominated_0197.wav,0,bio_dominated,hen,engine,rain,0.7489667604647429,0.1689469854620483,0.0820862540732088
scene0_bio_dominated_0198.wav,0,bio_dominated,insects,pouring_water,sea_waves,0.8086044029737952,0.1386917181183356,0.05270387890786922
scene0_bio_dominated_0199.wav,0,bio_dominated,frog,helicopter,wind,0.7741265812264315,0.05606360733013704,0.16980981144343146
scene0_bio_dominated_0200.wav,0,bio_dominated,rooster,footsteps,wind,0.7462735320371161,0.24157636615676717,0.012150101806116718
scene0_bio_dominated_0201.wav,0,bio_dominated,clapping,pouring_water,rain,0.7745367321387431,0.08284324783476593,0.14262002002649096
scene0_bio_dominated_0202.wav,0,bio_dominated,cat,vacuum_cleaner,crackling_fire,0.6702386980567698,0.26247383926403245,0.06728746267919765
scene0_bio_dominated_0203.wav,0,bio_dominated,pig,keyboard_typing,thunderstorm,0.893462392908596,0.10555302776018544,0.000984579331218445
scene0_bio_dominated_0204.wav,0,bio_dominated,cow,hand_saw,rain,0.8443306336736891,0.12605275368531826,0.02961661264099269
scene0_bio_dominated_0205.wav,0,bio_dominated,pig,church_bells,water_drops,0.9194345896119273,0.07012749100699121,0.010437919381081512
scene0_bio_dominated_0206.wav,0,bio_dominated,crow,clock_tick,crackling_fire,0.7007103811516056,0.09033331358792397,0.20895630526047054
scene0_bio_dominated_0207.wav,0,bio_dominated,chirping_birds,car_horn,water_drops,0.8665640475200236,0.05043312919205625,0.08300282328792
scene0_bio_dominated_0208.wav,0,bio_dominated,cow,toilet_flush,crackling_fire,0.8291712935712895,0.010535278326568807,0.16029342810214176
scene0_bio_dominated_0209.wav,0,bio_dominated,breathing,door_wood_creaks,water_drops,0.9141994239876752,0.0806389612715873,0.005161614740737728
scene0_bio_dominated_0210.wav,0,bio_dominated,cow,siren,rain,0.8896271882765794,0.06592538702786886,0.04444742469555182
scene0_bio_dominated_0211.wav,0,bio_dominated,chirping_birds,keyboard_typing,wind,0.9538152352917021,0.010479987221616499,0.03570477748668145
scene0_bio_dominated_0212.wav,0,bio_dominated,pig,door_wood_creaks,thunderstorm,0.9476445875568663,0.02634660974857721,0.02600880269455634
scene0_bio_dominated_0213.wav,0,bio_dominated,breathing,mouse_click,wind,0.9097683310852185,0.007280192536039042,0.08295147637874256
scene0_bio_dominated_0214.wav,0,bio_dominated,cat,footsteps,thunderstorm,0.9124457432037333,0.044526985863538676,0.043027270932728075
scene0_bio_dominated_0215.wav,0,bio_dominated,crying_baby,pouring_water,water_drops,0.9126383165131822,0.07592512838444263,0.011436555102375328
scene0_bio_dominated_0216.wav,0,bio_dominated,rooster,chainsaw,crackling_fire,0.8145428686512056,0.0051751244637958565,0.18028200688499857
scene0_bio_dominated_0217.wav,0,bio_dominated,frog,can_opening,crackling_fire,0.8562186517492462,0.068799165776603,0.07498218247415081
scene0_bio_dominated_0218.wav,0,bio_dominated,hen,airplane,rain,0.7766137514549651,0.02218272226628681,0.20120352627874816
scene0_bio_dominated_0219.wav,0,bio_dominated,hen,brushing_teeth,crackling_fire,0.6100959716022349,0.01181983205924654,0.3780841963385186
scene0_bio_dominated_0220.wav,0,bio_dominated,sheep,vacuum_cleaner,crackling_fire,0.5364476384019489,0.30621033378880197,0.15734202780924925
scene0_bio_dominated_0221.wav,0,bio_dominated,pig,door_wood_creaks,rain,0.595316795682925,0.17711878968790246,0.22756441462917248
scene0_bio_dominated_0222.wav,0,bio_dominated,crickets,fireworks,crackling_fire,0.9099096222242473,0.050809133026844804,0.039281244748907894
scene0_bio_dominated_0223.wav,0,bio_dominated,crickets,keyboard_typing,rain,0.9115209639310526,0.08366506762629383,0.004813968442653586
scene0_bio_dominated_0224.wav,0,bio_dominated,frog,drinking_sipping,crackling_fire,0.9286086546209164,0.013745637228835853,0.057645708150247894
scene0_bio_dominated_0225.wav,0,bio_dominated,clapping,fireworks,rain,0.9151105397984515,0.04050885701790513,0.04438060318364343
scene0_bio_dominated_0226.wav,0,bio_dominated,crow,chainsaw,rain,0.6197896130703506,0.1517949357448,0.2284154511848495
scene0_bio_dominated_0227.wav,0,bio_dominated,snoring,clock_tick,water_drops,0.6716950240456778,0.32713459038827014,0.0011703855660521064
scene0_bio_dominated_0228.wav,0,bio_dominated,hen,engine,wind,0.6711655867392619,0.21842903823611634,0.11040537502462186
scene0_bio_dominated_0229.wav,0,bio_dominated,coughing,hand_saw,wind,0.6732800240998204,0.022215212389170572,0.304504763511009
scene0_bio_dominated_0230.wav,0,bio_dominated,cow,hand_saw,water_drops,0.8302651725109923,0.1289425231283345,0.04079230436067317
scene0_bio_dominated_0231.wav,0,bio_dominated,snoring,footsteps,water_drops,0.9522316409127256,0.03129446559381232,0.016473893493461948
scene0_bio_dominated_0232.wav,0,bio_dominated,pig,toilet_flush,wind,0.9158367298778614,0.07506791935659428,0.009095350765544246
scene0_bio_dominated_0233.wav,0,bio_dominated,dog,brushing_teeth,water_drops,0.8342608369440792,0.11318779550135653,0.052551367554564424
scene0_bio_dominated_0234.wav,0,bio_dominated,crying_baby,can_opening,sea_waves,0.8506172121560683,0.04989631002723575,0.09948647781669594
scene0_bio_dominated_0235.wav,0,bio_dominated,cat,hand_saw,wind,0.7696788884534664,0.15926177749420942,0.0710593340523241
scene0_bio_dominated_0236.wav,0,bio_dominated,clapping,vacuum_cleaner,wind,0.8174191494620932,0.046080754475902576,0.13650009606200425
scene0_bio_dominated_0237.wav,0,bio_dominated,cat,engine,water_drops,0.9218322342959284,0.003092307483484644,0.07507545822058692
scene0_bio_dominated_0238.wav,0,bio_dominated,sneezing,keyboard_typing,sea_waves,0.8552456728918093,0.12352707578965397,0.021227251318536734
scene0_bio_dominated_0239.wav,0,bio_dominated,cow,chainsaw,water_drops,0.8257142045497754,0.09185750900922776,0.08242828644099695
scene0_bio_dominated_0240.wav,0,bio_dominated,rooster,clock_tick,wind,0.9534469678718048,0.006256242343992839,0.040296789784202335
scene0_bio_dominated_0241.wav,0,bio_dominated,crying_baby,clock_tick,wind,0.8140103391627338,0.17972910894411961,0.006260551893146803
scene0_bio_dominated_0242.wav,0,bio_dominated,laughing,fireworks,water_drops,0.8026045165825539,0.15452755483919417,0.04286792857825181
scene0_bio_dominated_0243.wav,0,bio_dominated,snoring,chainsaw,sea_waves,0.886917317740614,0.072761471936619,0.04032121032276715
scene0_bio_dominated_0244.wav,0,bio_dominated,pig,car_horn,rain,0.8068882365353086,0.11172528739407551,0.08138647607061572
scene0_bio_dominated_0245.wav,0,bio_dominated,breathing,clock_alarm,rain,0.8567140315399835,0.12642616437468276,0.016859804085333704
scene0_bio_dominated_0246.wav,0,bio_dominated,breathing,airplane,sea_waves,0.8720220931718669,0.06845840841508352,0.05951949841304971
scene0_bio_dominated_0247.wav,0,bio_dominated,chirping_birds,airplane,crackling_fire,0.81757348408665,0.07097178343326918,0.11145473248008096
scene0_bio_dominated_0248.wav,0,bio_dominated,laughing,toilet_flush,rain,0.7965803950079823,0.04632400225004708,0.15709560274197057
scene0_bio_dominated_0249.wav,0,bio_dominated,cow,door_wood_creaks,thunderstorm,0.8667669904525809,0.0018918025140740725,0.13134120703334515
scene0_bio_dominated_0250.wav,0,bio_dominated,insects,train,sea_waves,0.8037550902558441,0.14619058506702692,0.05005432467712894
scene0_bio_dominated_0251.wav,0,bio_dominated,sneezing,clock_alarm,sea_waves,0.989673922435974,0.0003354261107274611,0.009990651453298542
scene0_bio_dominated_0252.wav,0,bio_dominated,cat,hand_saw,water_drops,0.9457750148262929,0.032164814674811575,0.022060170498895654
scene0_bio_dominated_0253.wav,0,bio_dominated,rooster,washing_machine,sea_waves,0.6736968039687741,0.09373901626799655,0.23256417976322938
scene0_bio_dominated_0254.wav,0,bio_dominated,sheep,car_horn,sea_waves,0.9162002710027298,0.031115652275580483,0.05268407672168978
scene0_bio_dominated_0255.wav,0,bio_dominated,laughing,chainsaw,thunderstorm,0.9381844219252451,0.04799988423854647,0.013815693836208297
scene0_bio_dominated_0256.wav,0,bio_dominated,frog,church_bells,crackling_fire,0.9505982113470923,0.009286662973818922,0.04011512567908861
scene0_bio_dominated_0257.wav,0,bio_dominated,frog,train,sea_waves,0.8868415419317528,0.11056695230838695,0.0025915057598601184
scene0_bio_dominated_0258.wav,0,bio_dominated,chirping_birds,toilet_flush,rain,0.828934347816438,0.035319079378082346,0.1357465728054796
scene0_bio_dominated_0259.wav,0,bio_dominated,sneezing,vacuum_cleaner,wind,0.8054127717452524,0.012774306143482963,0.18181292211126454
scene0_bio_dominated_0260.wav,0,bio_dominated,dog,mouse_click,crackling_fire,0.8665496981521943,0.03139020273167925,0.10206009911612654
scene0_bio_dominated_0261.wav,0,bio_dominated,sheep,airplane,thunderstorm,0.8856069705829113,0.07513915138739496,0.039253878029693594
scene0_bio_dominated_0262.wav,0,bio_dominated,coughing,pouring_water,wind,0.6195936331735806,0.24122516449520706,0.1391812023312122
scene0_bio_dominated_0263.wav,0,bio_dominated,pig,clock_tick,rain,0.8916805976166632,0.10255142538372107,0.005767976999615716
scene0_bio_dominated_0264.wav,0,bio_dominated,cat,mouse_click,water_drops,0.8009612064091827,0.014298147070366593,0.18474064652045075
scene0_bio_dominated_0265.wav,0,bio_dominated,breathing,keyboard_typing,sea_waves,0.8858199331220922,0.018124288699840816,0.09605577817806703
scene0_bio_dominated_0266.wav,0,bio_dominated,cow,siren,water_drops,0.8092615209728606,0.020513051663592685,0.17022542736354682
scene0_bio_dominated_0267.wav,0,bio_dominated,cow,clock_tick,crackling_fire,0.8457668130502521,0.0944489397341056,0.05978424721564232
scene0_bio_dominated_0268.wav,0,bio_dominated,insects,car_horn,sea_waves,0.9950914592139486,0.0033922871371598337,0.001516253648891712
scene0_bio_dominated_0269.wav,0,bio_dominated,snoring,car_horn,thunderstorm,0.9213530674483876,0.02378992773977978,0.054857004811832664
scene0_bio_dominated_0270.wav,0,bio_dominated,hen,can_opening,rain,0.7629636816347174,0.10955574056226419,0.12748057780301855
scene0_bio_dominated_0271.wav,0,bio_dominated,frog,chainsaw,rain,0.7713889139313121,0.16817152244542552,0.06043956362326238
scene0_bio_dominated_0272.wav,0,bio_dominated,sheep,airplane,water_drops,0.7693942463624351,0.03672440830495829,0.19388134533260673
scene0_bio_dominated_0273.wav,0,bio_dominated,frog,washing_machine,sea_waves,0.887666050424984,0.020082584746159392,0.09225136482885653
scene0_bio_dominated_0274.wav,0,bio_dominated,rooster,washing_machine,sea_waves,0.8902309548049134,0.020869950389525476,0.0888990948055612
scene0_bio_dominated_0275.wav,0,bio_dominated,breathing,clock_alarm,sea_waves,0.8741748994132955,0.05743704547518506,0.06838805511151952
scene0_bio_dominated_0276.wav,0,bio_dominated,crying_baby,mouse_click,sea_waves,0.6654188928275613,0.27096466461157936,0.06361644256085942
scene0_bio_dominated_0277.wav,0,bio_dominated,rooster,train,rain,0.9655389635784521,0.015023098416644641,0.019437938004903236
scene0_bio_dominated_0278.wav,0,bio_dominated,coughing,chainsaw,rain,0.8375497903637609,0.11516370023211756,0.047286509404121525
scene0_bio_dominated_0279.wav,0,bio_dominated,crying_baby,can_opening,thunderstorm,0.8646316766263697,0.0635244916488282,0.07184383172480203
scene0_bio_dominated_0280.wav,0,bio_dominated,clapping,door_wood_creaks,crackling_fire,0.8505622144539536,0.1382776674346136,0.011160118111432804
scene0_bio_dominated_0281.wav,0,bio_dominated,chirping_birds,engine,thunderstorm,0.8540194074388459,0.0803419883502575,0.06563860421089669
scene0_bio_dominated_0282.wav,0,bio_dominated,chirping_birds,vacuum_cleaner,rain,0.8858986522369326,0.05491512028627824,0.05918622747678906
scene0_bio_dominated_0283.wav,0,bio_dominated,hen,engine,rain,0.8181373853977897,0.0817476792036367,0.10011493539857372
scene0_bio_dominated_0284.wav,0,bio_dominated,hen,footsteps,crackling_fire,0.8371191958632563,0.08193345380708601,0.08094735032965762
scene0_bio_dominated_0285.wav,0,bio_dominated,crickets,clock_tick,wind,0.8721088962968909,0.060942819599320686,0.06694828410378845
scene0_bio_dominated_0286.wav,0,bio_dominated,sneezing,glass_breaking,sea_waves,0.7166946487928713,0.2580608179220293,0.02524453328509947
scene0_bio_dominated_0287.wav,0,bio_dominated,hen,church_bells,rain,0.9137673674036997,0.017839490063265247,0.06839314253303508
scene0_bio_dominated_0288.wav,0,bio_dominated,crickets,toilet_flush,sea_waves,0.7796342255024873,0.21349572038557477,0.006870054111938096
scene0_bio_dominated_0289.wav,0,bio_dominated,clapping,helicopter,sea_waves,0.8894064587359188,0.013035582289615646,0.09755795897446554
scene0_bio_dominated_0290.wav,0,bio_dominated,breathing,clock_tick,sea_waves,0.6325371886396622,0.16316006048369625,0.20430275087664151
scene0_bio_dominated_0291.wav,0,bio_dominated,breathing,door_wood_creaks,rain,0.7417082075215509,0.011036070126578305,0.247255722351871
scene0_bio_dominated_0292.wav,0,bio_dominated,breathing,hand_saw,wind,0.6802479893270929,0.30799449199478973,0.011757518678117434
scene0_bio_dominated_0293.wav,0,bio_dominated,hen,car_horn,wind,0.8976208513330244,0.0006364010935935788,0.1017427475733822
scene0_bio_dominated_0294.wav,0,bio_dominated,hen,engine,rain,0.894411255280635,0.02047478252404522,0.08511396219531979
scene0_bio_dominated_0295.wav,0,bio_dominated,crow,chainsaw,wind,0.8727532030598878,0.06063389926575319,0.06661289767435907
scene0_bio_dominated_0296.wav,0,bio_dominated,sneezing,church_bells,rain,0.7379286815588327,0.10754508990188888,0.15452622853927836
scene0_bio_dominated_0297.wav,0,bio_dominated,sheep,footsteps,rain,0.7428671755204745,0.09345388960573488,0.1636789348737906
scene0_bio_dominated_0298.wav,0,bio_dominated,pig,train,water_drops,0.853306537122468,0.06076648545632875,0.08592697742120335
scene0_bio_dominated_0299.wav,0,bio_dominated,clapping,pouring_water,rain,0.9006752479819298,0.007123131933328452,0.09220162008474171
scene0_bio_dominated_0300.wav,0,bio_dominated,snoring,vacuum_cleaner,rain,0.6778413899864555,0.024312844103046332,0.2978457659104982
scene0_bio_dominated_0301.wav,0,bio_dominated,sheep,toilet_flush,wind,0.7514682824234045,0.1420846072945275,0.10644711028206807
scene0_bio_dominated_0302.wav,0,bio_dominated,laughing,siren,water_drops,0.9184414492688864,0.02940252052403972,0.05215603020707385
scene0_bio_dominated_0303.wav,0,bio_dominated,insects,car_horn,crackling_fire,0.900849208030934,0.07368550032835908,0.025465291640706864
scene0_bio_dominated_0304.wav,0,bio_dominated,breathing,brushing_teeth,thunderstorm,0.9419636773757732,0.00800722612955322,0.050029096494673485
scene0_bio_dominated_0305.wav,0,bio_dominated,rooster,door_wood_knock,sea_waves,0.8331555319032328,0.07505560982694978,0.09178885826981736
scene0_bio_dominated_0306.wav,0,bio_dominated,cat,chainsaw,rain,0.8798475923823065,0.09707271859325564,0.023079689024437768
scene0_bio_dominated_0307.wav,0,bio_dominated,hen,clock_alarm,thunderstorm,0.802396896161543,0.1759152954319755,0.02168780840648163
scene0_bio_dominated_0308.wav,0,bio_dominated,breathing,brushing_teeth,sea_waves,0.6286458904689464,0.12388540461401625,0.2474687049170374
scene0_bio_dominated_0309.wav,0,bio_dominated,snoring,chainsaw,thunderstorm,0.7367317700076599,0.1458481745438688,0.11742005544847121
scene0_bio_dominated_0310.wav,0,bio_dominated,breathing,glass_breaking,sea_waves,0.7439730582580248,0.03876781923052407,0.21725912251145105
scene0_bio_dominated_0311.wav,0,bio_dominated,pig,siren,rain,0.9625100169990107,0.03341686761674028,0.004073115384248926
scene0_bio_dominated_0312.wav,0,bio_dominated,dog,chainsaw,rain,0.9083090262504593,0.0017699554181148868,0.08992101833142585
scene0_bio_dominated_0313.wav,0,bio_dominated,cat,toilet_flush,rain,0.7416976944890774,0.15850568968985893,0.0997966158210636
scene0_bio_dominated_0314.wav,0,bio_dominated,hen,clock_tick,rain,0.8542773842072983,0.06862316308516347,0.07709945270753832
scene0_bio_dominated_0315.wav,0,bio_dominated,dog,glass_breaking,sea_waves,0.8975064475535544,0.006046899622056581,0.09644665282438912
scene0_bio_dominated_0316.wav,0,bio_dominated,crickets,train,water_drops,0.9015077820897469,0.04701802623465198,0.05147419167560103
scene0_bio_dominated_0317.wav,0,bio_dominated,hen,chainsaw,water_drops,0.9098729405587651,0.03495225880328633,0.055174800637948614
scene0_bio_dominated_0318.wav,0,bio_dominated,rooster,siren,water_drops,0.9508091927790306,0.04360280204865342,0.005588005172316097
scene0_bio_dominated_0319.wav,0,bio_dominated,snoring,can_opening,crackling_fire,0.9568187608914037,0.000998391458106345,0.0421828476504899
scene0_bio_dominated_0320.wav,0,bio_dominated,clapping,car_horn,rain,0.8367349332808335,0.11832249659026559,0.04494257012890092
scene0_bio_dominated_0321.wav,0,bio_dominated,crow,car_horn,sea_waves,0.6883677268965028,0.034594482174075764,0.2770377909294214
scene0_bio_dominated_0322.wav,0,bio_dominated,breathing,airplane,thunderstorm,0.7792623439109674,0.19542912937633272,0.025308526712700036
scene0_bio_dominated_0323.wav,0,bio_dominated,breathing,glass_breaking,crackling_fire,0.9625026525468667,0.03367063009654086,0.003826717356592412
scene0_bio_dominated_0324.wav,0,bio_dominated,frog,car_horn,crackling_fire,0.7756889344290865,0.14447277154270874,0.07983829402820465
scene0_bio_dominated_0325.wav,0,bio_dominated,chirping_birds,brushing_teeth,crackling_fire,0.8561325312960376,0.04718175127316727,0.09668571743079507
scene0_bio_dominated_0326.wav,0,bio_dominated,crickets,siren,wind,0.8821478487073834,0.047120288362646486,0.07073186292997018
scene0_bio_dominated_0327.wav,0,bio_dominated,chirping_birds,siren,rain,0.8550298859382267,0.054014208309547715,0.0909559057522255
scene0_bio_dominated_0328.wav,0,bio_dominated,crying_baby,vacuum_cleaner,thunderstorm,0.8849332348697704,0.014460355819480675,0.10060640931074882
scene0_bio_dominated_0329.wav,0,bio_dominated,breathing,car_horn,wind,0.9667810091952986,0.002915177436720782,0.030303813367980503
scene0_bio_dominated_0330.wav,0,bio_dominated,coughing,hand_saw,water_drops,0.9257975379672252,0.058899616432839405,0.0153028455999354
scene0_bio_dominated_0331.wav,0,bio_dominated,sneezing,clock_tick,rain,0.8571694049887235,0.08776117153468078,0.055069423476595804
scene0_bio_dominated_0332.wav,0,bio_dominated,cat,train,water_drops,0.7750616433020114,0.05993626260400179,0.16500209409398683
scene0_bio_dominated_0333.wav,0,bio_dominated,breathing,toilet_flush,wind,0.6434201715550022,0.02005265186411681,0.3365271765808809
scene0_bio_dominated_0334.wav,0,bio_dominated,pig,car_horn,thunderstorm,0.667307592849089,0.07850626914147978,0.2541861380094312
scene0_bio_dominated_0335.wav,0,bio_dominated,chirping_birds,engine,wind,0.9726356134527491,0.016424333226432306,0.01094005332081861
scene0_bio_dominated_0336.wav,0,bio_dominated,crying_baby,airplane,rain,0.8775752324474968,0.07313197921515546,0.04929278833734766
scene0_bio_dominated_0337.wav,0,bio_dominated,pig,door_wood_creaks,crackling_fire,0.8579412372000164,0.13979508638965515,0.002263676410328525
scene0_bio_dominated_0338.wav,0,bio_dominated,pig,vacuum_cleaner,rain,0.8447959274684053,0.004911793533014249,0.1502922789985806
scene0_bio_dominated_0339.wav,0,bio_dominated,crying_baby,helicopter,sea_waves,0.7944873785970743,0.1513315265813452,0.05418109482158057
scene0_bio_dominated_0340.wav,0,bio_dominated,frog,pouring_water,thunderstorm,0.8909740630350036,0.034066688788844834,0.07495924817615164
scene0_bio_dominated_0341.wav,0,bio_dominated,chirping_birds,clock_alarm,sea_waves,0.6170868447851943,0.2936330887526624,0.08928006646214354
scene0_bio_dominated_0342.wav,0,bio_dominated,rooster,airplane,wind,0.828187075768427,0.1506485971882312,0.021164327043341757
scene0_bio_dominated_0343.wav,0,bio_dominated,frog,clock_tick,sea_waves,0.8459241323929019,0.05606995407323036,0.09800591353386781
scene0_bio_dominated_0344.wav,0,bio_dominated,crying_baby,keyboard_typing,sea_waves,0.9082519019167422,0.05209752042072198,0.03965057766253588
scene0_bio_dominated_0345.wav,0,bio_dominated,laughing,siren,sea_waves,0.9380305772841636,0.01864256985848746,0.04332685285734892
scene0_bio_dominated_0346.wav,0,bio_dominated,chirping_birds,door_wood_creaks,rain,0.7066347433651161,0.15458344308031552,0.13878181355456845
scene0_bio_dominated_0347.wav,0,bio_dominated,crickets,door_wood_creaks,water_drops,0.8799739283229437,0.04484660258426207,0.07517946909279401
scene0_bio_dominated_0348.wav,0,bio_dominated,cow,hand_saw,sea_waves,0.9880065934730482,0.007504429625765599,0.004488976901186243
scene0_bio_dominated_0349.wav,0,bio_dominated,sheep,clock_tick,rain,0.9569450780549351,0.012191914646791866,0.030863007298273112
scene0_bio_dominated_0350.wav,0,bio_dominated,snoring,clock_tick,thunderstorm,0.8155943893797619,0.018001436728953532,0.16640417389128462
scene0_bio_dominated_0351.wav,0,bio_dominated,pig,glass_breaking,wind,0.9283546957942611,0.037407729970967564,0.03423757423477134
scene0_bio_dominated_0352.wav,0,bio_dominated,hen,chainsaw,wind,0.9156926492905766,0.007442048215663672,0.07686530249375975
scene0_bio_dominated_0353.wav,0,bio_dominated,clapping,train,thunderstorm,0.8770753591475493,0.12210548150600128,0.0008191593464493408
scene0_bio_dominated_0354.wav,0,bio_dominated,laughing,vacuum_cleaner,rain,0.7805468705055276,0.18869189755117347,0.03076123194329873
scene0_bio_dominated_0355.wav,0,bio_dominated,chirping_birds,glass_breaking,sea_waves,0.8669641394614749,0.07352710151798673,0.05950875902053831
scene0_bio_dominated_0356.wav,0,bio_dominated,hen,clock_alarm,crackling_fire,0.8609530354128446,0.09303450142859065,0.04601246315856481
scene0_bio_dominated_0357.wav,0,bio_dominated,cat,fireworks,water_drops,0.9414139710115038,0.0128432167944947,0.045742812194001614
scene0_bio_dominated_0358.wav,0,bio_dominated,rooster,helicopter,rain,0.9211621478093737,0.015498230108831201,0.06333962208179506
scene0_bio_dominated_0359.wav,0,bio_dominated,dog,mouse_click,rain,0.8007141541636087,0.1312707869998317,0.06801505883655976
scene0_bio_dominated_0360.wav,0,bio_dominated,chirping_birds,siren,thunderstorm,0.7850274616822839,0.0853391055743407,0.1296334327433752
scene0_bio_dominated_0361.wav,0,bio_dominated,sheep,keyboard_typing,thunderstorm,0.8293995236046823,0.09267667159868627,0.07792380479663139
scene0_bio_dominated_0362.wav,0,bio_dominated,clapping,hand_saw,water_drops,0.9474711515505938,0.02370114768713949,0.028827700762266623
scene0_bio_dominated_0363.wav,0,bio_dominated,insects,helicopter,wind,0.9647678831900819,0.02398182903462599,0.01125028777529207
scene0_bio_dominated_0364.wav,0,bio_dominated,pig,clock_tick,crackling_fire,0.9130961930359818,0.025053254079910364,0.061850552884107866
scene0_bio_dominated_0365.wav,0,bio_dominated,breathing,church_bells,thunderstorm,0.7507826745338906,0.049738832360497365,0.19947849310561203
scene0_bio_dominated_0366.wav,0,bio_dominated,crickets,car_horn,rain,0.9466342899492668,0.0354482679162669,0.01791744213446631
scene0_bio_dominated_0367.wav,0,bio_dominated,hen,brushing_teeth,thunderstorm,0.8969432113956441,0.10053725737023342,0.0025195312341225115
scene0_bio_dominated_0368.wav,0,bio_dominated,pig,pouring_water,water_drops,0.879753202914489,0.08435556160787755,0.035891235477633295
scene0_bio_dominated_0369.wav,0,bio_dominated,chirping_birds,airplane,wind,0.8877851791632996,0.060341032443686625,0.051873788393013986
scene0_bio_dominated_0370.wav,0,bio_dominated,laughing,brushing_teeth,crackling_fire,0.6454525183213592,0.013457046777842265,0.3410904349007985
scene0_bio_dominated_0371.wav,0,bio_dominated,snoring,footsteps,rain,0.8942421808031762,0.038923057470584284,0.06683476172623953
scene0_bio_dominated_0372.wav,0,bio_dominated,cat,chainsaw,rain,0.9640720375315235,0.004903075889316199,0.03102488657916023
scene0_bio_dominated_0373.wav,0,bio_dominated,hen,washing_machine,thunderstorm,0.877493504981227,0.11780711283059885,0.004699382188174222
scene0_bio_dominated_0374.wav,0,bio_dominated,pig,brushing_teeth,crackling_fire,0.9283610561415465,0.06713074868328069,0.004508195175172791
scene0_bio_dominated_0375.wav,0,bio_dominated,hen,clock_tick,rain,0.7613893512595624,0.19037269684889827,0.048237951891539295
scene0_bio_dominated_0376.wav,0,bio_dominated,cow,pouring_water,wind,0.7608243251778902,0.10792478153748608,0.13125089328462372
scene0_bio_dominated_0377.wav,0,bio_dominated,crickets,fireworks,water_drops,0.8306448736389314,0.003071259786836084,0.16628386657423247
scene0_bio_dominated_0378.wav,0,bio_dominated,pig,keyboard_typing,thunderstorm,0.8713803539480729,0.1258695996647694,0.0027500463871576205
scene0_bio_dominated_0379.wav,0,bio_dominated,laughing,fireworks,sea_waves,0.8680914802761678,0.05079791480861948,0.08111060491521264
scene0_bio_dominated_0380.wav,0,bio_dominated,sneezing,fireworks,thunderstorm,0.8306400583433428,0.08264920232750046,0.08671073932915685
scene0_bio_dominated_0381.wav,0,bio_dominated,insects,hand_saw,sea_waves,0.883322017053691,0.08724099086507435,0.029436992081234712
scene0_bio_dominated_0382.wav,0,bio_dominated,dog,keyboard_typing,crackling_fire,0.8492801819770088,0.12985405198317898,0.02086576603981218
scene0_bio_dominated_0383.wav,0,bio_dominated,frog,toilet_flush,sea_waves,0.968047819259216,0.013557982539725691,0.018394198201058316
scene0_bio_dominated_0384.wav,0,bio_dominated,sneezing,can_opening,sea_waves,0.9235656182862145,0.04306728308730351,0.03336709862648188
scene0_bio_dominated_0385.wav,0,bio_dominated,frog,airplane,crackling_fire,0.7550134823588016,0.1712034783045667,0.07378303933663165
scene0_bio_dominated_0386.wav,0,bio_dominated,snoring,mouse_click,sea_waves,0.959237529718676,0.03540778211299276,0.005354688168331266
scene0_bio_dominated_0387.wav,0,bio_dominated,laughing,drinking_sipping,crackling_fire,0.8981447580776034,0.07236928731585741,0.029485954606539185
scene0_bio_dominated_0388.wav,0,bio_dominated,pig,fireworks,crackling_fire,0.8556276614717876,0.0004954990472147443,0.14387683948099758
scene0_bio_dominated_0389.wav,0,bio_dominated,clapping,door_wood_knock,water_drops,0.9449307560145171,0.00691401586484849,0.04815522812063438
scene0_bio_dominated_0390.wav,0,bio_dominated,crickets,door_wood_creaks,rain,0.9317200745497639,0.02047009512115481,0.04780983032908139
scene0_bio_dominated_0391.wav,0,bio_dominated,hen,pouring_water,thunderstorm,0.8189933717809672,0.019416775973427787,0.16158985224560507
scene0_bio_dominated_0392.wav,0,bio_dominated,laughing,keyboard_typing,thunderstorm,0.6993238116940521,0.006402877784147995,0.2942733105217999
scene0_bio_dominated_0393.wav,0,bio_dominated,dog,train,rain,0.7714645550477981,0.031138199873190716,0.19739724507901119
scene0_bio_dominated_0394.wav,0,bio_dominated,cow,vacuum_cleaner,sea_waves,0.9007365510556075,0.005160067362235321,0.09410338158215721
scene0_bio_dominated_0395.wav,0,bio_dominated,insects,train,thunderstorm,0.9581018965648973,0.040593272560877094,0.0013048308742256885
scene0_bio_dominated_0396.wav,0,bio_dominated,crickets,toilet_flush,crackling_fire,0.8551009401323607,0.029961135840652645,0.11493792402698665
scene0_bio_dominated_0397.wav,0,bio_dominated,crying_baby,church_bells,sea_waves,0.9377705618222406,0.047230588001744164,0.01499885017601539
scene0_bio_dominated_0398.wav,0,bio_dominated,cow,helicopter,rain,0.7272746577513443,0.27174733695598624,0.0009780052926694923
scene0_bio_dominated_0399.wav,0,bio_dominated,dog,brushing_teeth,water_drops,0.9695813711166136,0.013632836632101325,0.016785792251285177
scene0_bio_dominated_0400.wav,0,bio_dominated,clapping,car_horn,crackling_fire,0.9784976567399889,0.010466857283566812,0.01103548597644427
scene0_bio_dominated_0401.wav,0,bio_dominated,crow,vacuum_cleaner,wind,0.8997603230485707,0.04836289614495929,0.051876780806470055
scene0_bio_dominated_0402.wav,0,bio_dominated,rooster,washing_machine,wind,0.7906430262532731,0.07595403507404513,0.13340293867268188
scene0_bio_dominated_0403.wav,0,bio_dominated,rooster,hand_saw,crackling_fire,0.893149291521212,0.08122600852927188,0.025624699949516005
scene0_bio_dominated_0404.wav,0,bio_dominated,cat,clock_alarm,rain,0.810860591395761,0.17764407740933555,0.011495331194903362
scene0_bio_dominated_0405.wav,0,bio_dominated,insects,footsteps,sea_waves,0.7572572847215338,0.20693334656800547,0.03580936871046079
scene0_bio_dominated_0406.wav,0,bio_dominated,chirping_birds,fireworks,thunderstorm,0.915266927520066,0.01938884520629517,0.06534422727363895
scene0_bio_dominated_0407.wav,0,bio_dominated,chirping_birds,pouring_water,sea_waves,0.938916518865372,0.021141744481543746,0.03994173665308421
scene0_bio_dominated_0408.wav,0,bio_dominated,rooster,can_opening,sea_waves,0.8457520222321983,0.14944780064823762,0.004800177119564267
scene0_bio_dominated_0409.wav,0,bio_dominated,cow,door_wood_knock,sea_waves,0.914578518523613,0.07529873325233702,0.010122748224049986
scene0_bio_dominated_0410.wav,0,bio_dominated,sneezing,keyboard_typing,thunderstorm,0.9281062972486902,0.01188844520638051,0.06000525754492934
scene0_bio_dominated_0411.wav,0,bio_dominated,crow,clock_alarm,wind,0.950225032029833,0.04468389900033534,0.005091068969831649
scene0_bio_dominated_0412.wav,0,bio_dominated,coughing,siren,sea_waves,0.9134705011835035,0.0493846231163611,0.037144875700135485
scene0_bio_dominated_0413.wav,0,bio_dominated,coughing,clock_tick,wind,0.5511121527594963,0.12382840329794885,0.32505944394255487
scene0_bio_dominated_0414.wav,0,bio_dominated,crickets,vacuum_cleaner,rain,0.841907157523586,0.10039863693518375,0.05769420554123039
scene0_bio_dominated_0415.wav,0,bio_dominated,breathing,keyboard_typing,crackling_fire,0.9143384253760761,0.030084743537759587,0.05557683108616426
scene0_bio_dominated_0416.wav,0,bio_dominated,hen,train,rain,0.7789550921211651,0.15953394619026684,0.061510961688568164
scene0_bio_dominated_0417.wav,0,bio_dominated,coughing,washing_machine,thunderstorm,0.8364774570791971,0.11538394111758868,0.0481386018032143
scene0_bio_dominated_0418.wav,0,bio_dominated,sneezing,airplane,rain,0.9811489125461389,0.01333408359151743,0.00551700386234363
scene0_bio_dominated_0419.wav,0,bio_dominated,hen,siren,crackling_fire,0.7931737830603334,0.06872697969559598,0.13809923724407064
scene0_bio_dominated_0420.wav,0,bio_dominated,coughing,vacuum_cleaner,crackling_fire,0.9412635332723445,0.022622691424348376,0.03611377530330694
scene0_bio_dominated_0421.wav,0,bio_dominated,frog,brushing_teeth,thunderstorm,0.7609595299460431,0.22527665368310318,0.013763816370853776
scene0_bio_dominated_0422.wav,0,bio_dominated,frog,drinking_sipping,thunderstorm,0.8156271284101809,0.10712959334654738,0.07724327824327173
scene0_bio_dominated_0423.wav,0,bio_dominated,laughing,glass_breaking,rain,0.8542131242295626,0.016120719919335096,0.12966615585110217
scene0_bio_dominated_0424.wav,0,bio_dominated,crying_baby,door_wood_knock,wind,0.8272502074312367,0.024592117468205468,0.14815767510055777
scene0_bio_dominated_0425.wav,0,bio_dominated,frog,airplane,thunderstorm,0.7914352469007903,0.12671500409488923,0.08184974900432038
scene0_bio_dominated_0426.wav,0,bio_dominated,cow,toilet_flush,crackling_fire,0.9217526913174559,0.07098762532100587,0.0072596833615382545
scene0_bio_dominated_0427.wav,0,bio_dominated,crying_baby,mouse_click,wind,0.862667372665835,0.035789345617657065,0.10154328171650778
scene0_bio_dominated_0428.wav,0,bio_dominated,snoring,hand_saw,sea_waves,0.8038800993120407,0.04924853372862311,0.146871366959336
scene0_bio_dominated_0429.wav,0,bio_dominated,hen,can_opening,sea_waves,0.8325903209442843,0.1573126795462753,0.010096999509440508
scene0_bio_dominated_0430.wav,0,bio_dominated,crying_baby,hand_saw,water_drops,0.9117966701200448,0.07170316153831026,0.01650016834164483
scene0_bio_dominated_0431.wav,0,bio_dominated,laughing,fireworks,sea_waves,0.939754110513418,0.0202917126071822,0.03995417687940001
scene0_bio_dominated_0432.wav,0,bio_dominated,rooster,train,rain,0.6545275174532386,0.08603656094852416,0.2594359215982373
scene0_bio_dominated_0433.wav,0,bio_dominated,snoring,keyboard_typing,thunderstorm,0.8376473274540972,0.1503566368615718,0.011996035684331066
scene0_bio_dominated_0434.wav,0,bio_dominated,snoring,siren,wind,0.8993663085230228,0.05368287840426692,0.04695081307271017
scene0_bio_dominated_0435.wav,0,bio_dominated,insects,train,thunderstorm,0.98182985128492,0.012220376361166884,0.005949772353913074
scene0_bio_dominated_0436.wav,0,bio_dominated,frog,fireworks,rain,0.7073906053285292,0.2609207386025332,0.031688656068937705
scene0_bio_dominated_0437.wav,0,bio_dominated,rooster,drinking_sipping,thunderstorm,0.8521212135025452,0.04439110553286994,0.10348768096458501
scene0_bio_dominated_0438.wav,0,bio_dominated,dog,can_opening,rain,0.8507694004657264,0.12495817924423855,0.02427242029003506
scene0_bio_dominated_0439.wav,0,bio_dominated,snoring,drinking_sipping,wind,0.7480156937294172,0.10222713745761089,0.14975716881297188
scene0_bio_dominated_0440.wav,0,bio_dominated,cat,toilet_flush,wind,0.6383473123137167,0.1340703104054085,0.22758237728087485
scene0_bio_dominated_0441.wav,0,bio_dominated,cow,airplane,thunderstorm,0.8284808040224239,0.09093222167811237,0.08058697429946374
scene0_bio_dominated_0442.wav,0,bio_dominated,clapping,fireworks,sea_waves,0.970533238754173,0.019291966771148805,0.010174794474678141
scene0_bio_dominated_0443.wav,0,bio_dominated,frog,helicopter,crackling_fire,0.9527349704645433,0.038774635919196325,0.008490393616260363
scene0_bio_dominated_0444.wav,0,bio_dominated,cat,engine,sea_waves,0.9240224652672007,0.0017271857102346716,0.0742503490225646
scene0_bio_dominated_0445.wav,0,bio_dominated,clapping,drinking_sipping,rain,0.8460664316431526,0.01344742387544709,0.14048614448140015
scene0_bio_dominated_0446.wav,0,bio_dominated,rooster,hand_saw,wind,0.7953360977023893,0.0021542200987629176,0.20250968219884777
scene0_bio_dominated_0447.wav,0,bio_dominated,sneezing,glass_breaking,water_drops,0.7494793774022181,0.20077488729847642,0.049745735299305587
scene0_bio_dominated_0448.wav,0,bio_dominated,cat,church_bells,crackling_fire,0.8248023198342924,0.16276896638975083,0.012428713775956678
scene0_bio_dominated_0449.wav,0,bio_dominated,hen,can_opening,rain,0.542094878003272,0.12286482368556974,0.33504029831115834
scene0_bio_dominated_0450.wav,0,bio_dominated,crickets,door_wood_knock,thunderstorm,0.9178856840896952,0.020797840756829156,0.061316475153475554
scene0_bio_dominated_0451.wav,0,bio_dominated,insects,helicopter,sea_waves,0.9161115601349075,0.0630221818325283,0.02086625803256419
scene0_bio_dominated_0452.wav,0,bio_dominated,dog,door_wood_knock,thunderstorm,0.9261343776191299,0.05154101269801442,0.02232460968285561
scene0_bio_dominated_0453.wav,0,bio_dominated,laughing,chainsaw,thunderstorm,0.9289900595652043,0.01127111736439406,0.05973882307040162
scene0_bio_dominated_0454.wav,0,bio_dominated,crickets,pouring_water,sea_waves,0.9788938816667403,0.019561443885872547,0.001544674447387189
scene0_bio_dominated_0455.wav,0,bio_dominated,snoring,siren,sea_waves,0.7640759966656114,0.007972898523394981,0.22795110481099345
scene0_bio_dominated_0456.wav,0,bio_dominated,clapping,hand_saw,wind,0.7373061354763915,0.2507828861293758,0.011910978394232814
scene0_bio_dominated_0457.wav,0,bio_dominated,insects,train,sea_waves,0.7446815861459515,0.21233848000877706,0.04297993384527142
scene0_bio_dominated_0458.wav,0,bio_dominated,pig,toilet_flush,crackling_fire,0.7991632202255228,0.11146118947938412,0.08937559029509319
scene0_bio_dominated_0459.wav,0,bio_dominated,breathing,door_wood_creaks,water_drops,0.9688113983919096,0.0005772116804451935,0.03061138992764525
scene0_bio_dominated_0460.wav,0,bio_dominated,insects,clock_alarm,wind,0.741596964324623,0.2538522611662808,0.004550774509096345
scene0_bio_dominated_0461.wav,0,bio_dominated,coughing,engine,crackling_fire,0.9233680042323702,0.03307972492475876,0.04355227084287098
scene0_bio_dominated_0462.wav,0,bio_dominated,frog,siren,wind,0.8718900956698733,0.12157668052453885,0.006533223805587892
scene0_bio_dominated_0463.wav,0,bio_dominated,pig,footsteps,thunderstorm,0.9200060151480239,0.005881073502969572,0.07411291134900652
scene0_bio_dominated_0464.wav,0,bio_dominated,breathing,brushing_teeth,water_drops,0.8210427202863765,0.17345164728684187,0.005505632426781845
scene0_bio_dominated_0465.wav,0,bio_dominated,clapping,brushing_teeth,rain,0.8245647986461289,0.12043449484840771,0.05500070650546353
scene0_bio_dominated_0466.wav,0,bio_dominated,crying_baby,engine,wind,0.8693797306193041,0.07600186565897796,0.05461840372171803
scene0_bio_dominated_0467.wav,0,bio_dominated,crying_baby,brushing_teeth,crackling_fire,0.8245794029763408,0.15989968881750363,0.015520908206155547
scene0_bio_dominated_0468.wav,0,bio_dominated,chirping_birds,door_wood_knock,water_drops,0.6724271743844096,0.15607605495376364,0.17149677066182664
scene0_bio_dominated_0469.wav,0,bio_dominated,clapping,glass_breaking,wind,0.9847812227233498,0.008166578178997491,0.007052199097652682
scene0_bio_dominated_0470.wav,0,bio_dominated,dog,keyboard_typing,thunderstorm,0.6696364943741919,0.05292754573314812,0.2774359598926599
scene0_bio_dominated_0471.wav,0,bio_dominated,cow,siren,sea_waves,0.9152836681191671,0.0539870323375183,0.0307292995433146
scene0_bio_dominated_0472.wav,0,bio_dominated,clapping,toilet_flush,sea_waves,0.9506850727177396,0.014687489807176764,0.03462743747508363
scene0_bio_dominated_0473.wav,0,bio_dominated,cow,glass_breaking,water_drops,0.8380394999681734,0.11769639190157864,0.04426410813024806
scene0_bio_dominated_0474.wav,0,bio_dominated,cow,mouse_click,crackling_fire,0.7220557271341262,0.24177263618094674,0.03617163668492697
scene0_bio_dominated_0475.wav,0,bio_dominated,sheep,footsteps,wind,0.6875841053780267,0.13464831437148717,0.17776758025048603
scene0_bio_dominated_0476.wav,0,bio_dominated,chirping_birds,chainsaw,wind,0.7319210046020881,0.193604396662954,0.07447459873495783
scene0_bio_dominated_0477.wav,0,bio_dominated,crickets,drinking_sipping,sea_waves,0.7691079835203326,0.08145749649510256,0.14943451998456492
scene0_bio_dominated_0478.wav,0,bio_dominated,cat,glass_breaking,water_drops,0.8499417366169353,0.06257710914087847,0.08748115424218633
scene0_bio_dominated_0479.wav,0,bio_dominated,breathing,vacuum_cleaner,sea_waves,0.9180467473644295,0.058583123679210994,0.02337012895635934
scene0_bio_dominated_0480.wav,0,bio_dominated,crying_baby,fireworks,thunderstorm,0.9321897530349353,0.016522058948049687,0.051288188017015
scene0_bio_dominated_0481.wav,0,bio_dominated,cow,train,wind,0.7336373255785978,0.2621738040029487,0.004188870418453538
scene0_bio_dominated_0482.wav,0,bio_dominated,dog,vacuum_cleaner,wind,0.7318345038735604,0.1809747658888577,0.08719073023758189
scene0_bio_dominated_0483.wav,0,bio_dominated,insects,glass_breaking,water_drops,0.6313753248333629,0.19126503139541098,0.1773596437712262
scene0_bio_dominated_0484.wav,0,bio_dominated,insects,drinking_sipping,sea_waves,0.8320719957444989,0.04344087107715077,0.12448713317835046
scene0_bio_dominated_0485.wav,0,bio_dominated,crickets,vacuum_cleaner,thunderstorm,0.7988239935423033,0.005242594597693616,0.19593341186000335
scene0_bio_dominated_0486.wav,0,bio_dominated,chirping_birds,toilet_flush,thunderstorm,0.9009857321892422,0.08418943324152606,0.014824834569231664
scene0_bio_dominated_0487.wav,0,bio_dominated,crickets,clock_alarm,crackling_fire,0.7399931509068108,0.0003504817904665133,0.2596563673027227
scene0_bio_dominated_0488.wav,0,bio_dominated,crickets,glass_breaking,water_drops,0.8574692850221114,0.03861109940884033,0.10391961556904827
scene0_bio_dominated_0489.wav,0,bio_dominated,hen,drinking_sipping,sea_waves,0.6416570102620518,0.13976149892236572,0.21858149081558254
scene0_bio_dominated_0490.wav,0,bio_dominated,snoring,church_bells,wind,0.9355887628309452,0.014045100082859063,0.05036613708619565
scene0_bio_dominated_0491.wav,0,bio_dominated,dog,engine,thunderstorm,0.9510574584862848,0.04328065943963275,0.005661882074082526
scene0_bio_dominated_0492.wav,0,bio_dominated,laughing,glass_breaking,rain,0.9376050058752645,0.002279685460431923,0.06011530866430352
scene0_bio_dominated_0493.wav,0,bio_dominated,cow,mouse_click,thunderstorm,0.9041919044109854,0.03525916647448332,0.06054892911453126
scene0_bio_dominated_0494.wav,0,bio_dominated,pig,train,thunderstorm,0.8419556186024779,0.12913842844003223,0.02890595295748982
scene0_bio_dominated_0495.wav,0,bio_dominated,coughing,church_bells,thunderstorm,0.7233963690875731,0.07155460689292327,0.20504902401950356
scene0_bio_dominated_0496.wav,0,bio_dominated,rooster,footsteps,rain,0.8345917357931996,0.16331286958802582,0.0020953946187745485
scene0_bio_dominated_0497.wav,0,bio_dominated,crow,siren,wind,0.7088470614975552,0.19897758627226544,0.09217535223017936
scene0_bio_dominated_0498.wav,0,bio_dominated,crow,pouring_water,rain,0.9811486100879073,0.0028575721021871082,0.01599381780990572
scene0_bio_dominated_0499.wav,0,bio_dominated,pig,brushing_teeth,sea_waves,0.9551863088585967,0.03850907105501552,0.006304620086387761
scene1_antro_dominated_0000.wav,1,antro_dominated,hen,brushing_teeth,thunderstorm,0.021107925428950458,0.9056109870350834,0.07328108753596621
scene1_antro_dominated_0001.wav,1,antro_dominated,clapping,toilet_flush,rain,0.03136502014275122,0.870021983693547,0.09861299616370159
scene1_antro_dominated_0002.wav,1,antro_dominated,dog,brushing_teeth,water_drops,0.24329927331261908,0.6123339365922613,0.1443667900951195
scene1_antro_dominated_0003.wav,1,antro_dominated,rooster,pouring_water,thunderstorm,0.20427629198418826,0.7442480403450256,0.05147566767078614
scene1_antro_dominated_0004.wav,1,antro_dominated,snoring,washing_machine,thunderstorm,0.10128113022758622,0.7946937806560841,0.10402508911632961
scene1_antro_dominated_0005.wav,1,antro_dominated,breathing,clock_tick,thunderstorm,0.08556046201072257,0.8686168191678445,0.04582271882143292
scene1_antro_dominated_0006.wav,1,antro_dominated,breathing,can_opening,crackling_fire,0.05659624429941646,0.8007774416373943,0.1426263140631893
scene1_antro_dominated_0007.wav,1,antro_dominated,laughing,door_wood_creaks,sea_waves,0.02840762249271254,0.9177391287583745,0.05385324874891293
scene1_antro_dominated_0008.wav,1,antro_dominated,cow,church_bells,wind,0.03567349243289814,0.9058939812710104,0.058432526296091476
scene1_antro_dominated_0009.wav,1,antro_dominated,coughing,door_wood_knock,thunderstorm,0.017731756761186376,0.9738971333959732,0.008371109842840436
scene1_antro_dominated_0010.wav,1,antro_dominated,snoring,washing_machine,rain,0.06084057668004641,0.9235520931303681,0.015607330189585477
scene1_antro_dominated_0011.wav,1,antro_dominated,laughing,footsteps,crackling_fire,0.10994423450878316,0.7559120767764769,0.13414368871474
scene1_antro_dominated_0012.wav,1,antro_dominated,insects,clock_alarm,water_drops,0.11317949629205047,0.8779091301148009,0.008911373593148713
scene1_antro_dominated_0013.wav,1,antro_dominated,laughing,hand_saw,sea_waves,0.30787454711065754,0.6815972866447965,0.01052816624454593
scene1_antro_dominated_0014.wav,1,antro_dominated,chirping_birds,washing_machine,wind,0.28063936840800024,0.6971713340206751,0.02218929757132468
scene1_antro_dominated_0015.wav,1,antro_dominated,rooster,fireworks,wind,0.00977704533275302,0.9828651887811466,0.007357765886100404
scene1_antro_dominated_0016.wav,1,antro_dominated,chirping_birds,church_bells,rain,0.2439820451101056,0.7492878800505247,0.006730074839369745
scene1_antro_dominated_0017.wav,1,antro_dominated,chirping_birds,clock_tick,wind,0.004405035999364529,0.9082265375471735,0.08736842645346186
scene1_antro_dominated_0018.wav,1,antro_dominated,insects,church_bells,rain,0.18154546473093733,0.778250459150132,0.04020407611893066
scene1_antro_dominated_0019.wav,1,antro_dominated,crying_baby,helicopter,crackling_fire,0.0071090988396099375,0.976257950588246,0.01663295057214417
scene1_antro_dominated_0020.wav,1,antro_dominated,dog,toilet_flush,rain,0.19360185956732437,0.7218881529687406,0.0845099874639351
scene1_antro_dominated_0021.wav,1,antro_dominated,pig,pouring_water,sea_waves,0.1488560571726156,0.6666769963295192,0.18446694649786533
scene1_antro_dominated_0022.wav,1,antro_dominated,crow,toilet_flush,crackling_fire,0.037997070082996104,0.8490917276232655,0.1129112022937384
scene1_antro_dominated_0023.wav,1,antro_dominated,sneezing,hand_saw,sea_waves,0.06420642446910034,0.9210696346788426,0.014723940852057004
scene1_antro_dominated_0024.wav,1,antro_dominated,crow,engine,crackling_fire,0.05999825192736203,0.9251594287375222,0.014842319335115652
scene1_antro_dominated_0025.wav,1,antro_dominated,breathing,clock_alarm,rain,0.029755331094433183,0.7630683761931634,0.2071762927124036
scene1_antro_dominated_0026.wav,1,antro_dominated,sneezing,mouse_click,wind,0.05636266953811136,0.8135114695944995,0.13012586086738923
scene1_antro_dominated_0027.wav,1,antro_dominated,sheep,clock_alarm,thunderstorm,0.05161656148999812,0.8045999886919057,0.14378344981809618
scene1_antro_dominated_0028.wav,1,antro_dominated,snoring,toilet_flush,thunderstorm,0.28082914030519907,0.6078993166372849,0.11127154305751599
scene1_antro_dominated_0029.wav,1,antro_dominated,crickets,helicopter,wind,0.0004927996627588888,0.8966322064734551,0.10287499386378587
scene1_antro_dominated_0030.wav,1,antro_dominated,laughing,toilet_flush,rain,0.0035758792085212082,0.9430707957916346,0.05335332499984413
scene1_antro_dominated_0031.wav,1,antro_dominated,hen,fireworks,crackling_fire,0.021537245436618117,0.9682485472365759,0.010214207326805991
scene1_antro_dominated_0032.wav,1,antro_dominated,chirping_birds,door_wood_creaks,water_drops,0.10484379881596509,0.6993637612775786,0.19579243990645645
scene1_antro_dominated_0033.wav,1,antro_dominated,pig,siren,sea_waves,0.006700861336039239,0.96502104170847,0.028278096955490783
scene1_antro_dominated_0034.wav,1,antro_dominated,crying_baby,keyboard_typing,crackling_fire,0.05483998852043245,0.7286091917457552,0.21655081973381227
scene1_antro_dominated_0035.wav,1,antro_dominated,cat,fireworks,thunderstorm,0.04078636189559887,0.8701489357528674,0.08906470235153373
scene1_antro_dominated_0036.wav,1,antro_dominated,clapping,siren,wind,0.16884848527181995,0.8241905333619808,0.006960981366199192
scene1_antro_dominated_0037.wav,1,antro_dominated,sheep,washing_machine,water_drops,0.04537805921798828,0.9042366025992322,0.050385338182779446
scene1_antro_dominated_0038.wav,1,antro_dominated,sheep,footsteps,water_drops,0.10184206989222622,0.8698996965836737,0.028258233524100042
scene1_antro_dominated_0039.wav,1,antro_dominated,clapping,engine,sea_waves,0.10575782026481519,0.7796239621388679,0.11461821759631709
scene1_antro_dominated_0040.wav,1,antro_dominated,crying_baby,toilet_flush,water_drops,0.07546278692197736,0.7618337819375771,0.16270343114044555
scene1_antro_dominated_0041.wav,1,antro_dominated,crying_baby,door_wood_creaks,crackling_fire,0.04799520981368162,0.9177294103266256,0.03427537985969288
scene1_antro_dominated_0042.wav,1,antro_dominated,insects,train,crackling_fire,0.009542049067895639,0.8746374798227109,0.1158204711093935
scene1_antro_dominated_0043.wav,1,antro_dominated,crickets,pouring_water,rain,0.055251944855768405,0.902271971816517,0.042476083327714756
scene1_antro_dominated_0044.wav,1,antro_dominated,dog,engine,rain,0.017121577073179867,0.8458609224139836,0.1370175005128366
scene1_antro_dominated_0045.wav,1,antro_dominated,rooster,fireworks,rain,0.04630075992518982,0.8539924917713743,0.09970674830343591
scene1_antro_dominated_0046.wav,1,antro_dominated,dog,footsteps,wind,0.05955406090727283,0.8997626559266888,0.040683283166038205
scene1_antro_dominated_0047.wav,1,antro_dominated,crow,chainsaw,thunderstorm,0.09094293638008523,0.7573065400654911,0.15175052355442362
scene1_antro_dominated_0048.wav,1,antro_dominated,laughing,helicopter,rain,0.1667035974516378,0.804900264711543,0.02839613783681927
scene1_antro_dominated_0049.wav,1,antro_dominated,hen,chainsaw,crackling_fire,0.03137904857083736,0.958835894899783,0.009785056529379468
scene1_antro_dominated_0050.wav,1,antro_dominated,chirping_birds,clock_tick,water_drops,0.03803458365670488,0.8410709199909537,0.12089449635234142
scene1_antro_dominated_0051.wav,1,antro_dominated,sheep,toilet_flush,wind,0.10044644776460804,0.849061177166586,0.05049237506880601
scene1_antro_dominated_0052.wav,1,antro_dominated,insects,church_bells,sea_waves,0.018907755823400835,0.867113791702929,0.11397845247366994
scene1_antro_dominated_0053.wav,1,antro_dominated,coughing,pouring_water,water_drops,0.02298026670085863,0.9294862215616431,0.04753351173749851
scene1_antro_dominated_0054.wav,1,antro_dominated,coughing,chainsaw,water_drops,0.16260129708582485,0.767491160956731,0.06990754195744427
scene1_antro_dominated_0055.wav,1,antro_dominated,cat,door_wood_creaks,rain,0.0074858595708451724,0.8113849716383222,0.18112916879083274
scene1_antro_dominated_0056.wav,1,antro_dominated,frog,toilet_flush,sea_waves,0.03128102250017752,0.9129154533977254,0.05580352410209718
scene1_antro_dominated_0057.wav,1,antro_dominated,cow,footsteps,sea_waves,0.1191160842657979,0.7348983326210746,0.14598558311312762
scene1_antro_dominated_0058.wav,1,antro_dominated,dog,church_bells,crackling_fire,0.3774977940435343,0.48833054206820925,0.13417166388825646
scene1_antro_dominated_0059.wav,1,antro_dominated,crickets,vacuum_cleaner,sea_waves,0.19433497414058334,0.7728505040981126,0.03281452176130403
scene1_antro_dominated_0060.wav,1,antro_dominated,frog,engine,water_drops,0.00227386280976135,0.8090095008902255,0.1887166363000131
scene1_antro_dominated_0061.wav,1,antro_dominated,insects,car_horn,sea_waves,0.024579773627188106,0.9373799591681107,0.03804026720470121
scene1_antro_dominated_0062.wav,1,antro_dominated,dog,brushing_teeth,thunderstorm,0.18563427483320535,0.47427252506012807,0.3400932001066666
scene1_antro_dominated_0063.wav,1,antro_dominated,coughing,drinking_sipping,rain,0.2616187818118593,0.7326354971865998,0.0057457210015407255
scene1_antro_dominated_0064.wav,1,antro_dominated,frog,fireworks,rain,0.010339760613645136,0.9382407383687441,0.051419501017610905
scene1_antro_dominated_0065.wav,1,antro_dominated,hen,door_wood_creaks,crackling_fire,0.08032380017248124,0.9047360574793726,0.01494014234814613
scene1_antro_dominated_0066.wav,1,antro_dominated,sheep,glass_breaking,thunderstorm,0.029586202177034573,0.9232341005657925,0.047179697257172956
scene1_antro_dominated_0067.wav,1,antro_dominated,dog,toilet_flush,sea_waves,0.06070636488860426,0.8141751906589351,0.1251184444524606
scene1_antro_dominated_0068.wav,1,antro_dominated,rooster,footsteps,water_drops,0.010814628474083224,0.8091877901139961,0.17999758141192065
scene1_antro_dominated_0069.wav,1,antro_dominated,clapping,fireworks,water_drops,0.11143124936777121,0.7811428784049408,0.10742587222728794
scene1_antro_dominated_0070.wav,1,antro_dominated,chirping_birds,airplane,crackling_fire,0.09248540705518958,0.821829797326119,0.08568479561869143
scene1_antro_dominated_0071.wav,1,antro_dominated,insects,hand_saw,rain,0.061834349521809676,0.7966323236969025,0.14153332678128788
scene1_antro_dominated_0072.wav,1,antro_dominated,laughing,vacuum_cleaner,wind,0.03003285786003821,0.9620315785561453,0.007935563583816486
scene1_antro_dominated_0073.wav,1,antro_dominated,coughing,car_horn,rain,0.09136907561185668,0.7503285954655285,0.15830232892261487
scene1_antro_dominated_0074.wav,1,antro_dominated,crickets,hand_saw,sea_waves,0.01987635099430524,0.953866460656677,0.02625718834901789
scene1_antro_dominated_0075.wav,1,antro_dominated,dog,clock_tick,crackling_fire,0.0251636543927557,0.9010374004292273,0.07379894517801688
scene1_antro_dominated_0076.wav,1,antro_dominated,frog,siren,sea_waves,0.29346190651971876,0.5813644101429409,0.12517368333734047
scene1_antro_dominated_0077.wav,1,antro_dominated,crow,mouse_click,sea_waves,0.01803050150462152,0.8202093914312772,0.16176010706410118
scene1_antro_dominated_0078.wav,1,antro_dominated,rooster,washing_machine,rain,0.14755160138710147,0.827183131895325,0.025265266717573474
scene1_antro_dominated_0079.wav,1,antro_dominated,snoring,pouring_water,wind,0.14807532233020224,0.6521834543421203,0.19974122332767735
scene1_antro_dominated_0080.wav,1,antro_dominated,crow,toilet_flush,water_drops,0.10856285233958439,0.8108235018965216,0.08061364576389395
scene1_antro_dominated_0081.wav,1,antro_dominated,cow,door_wood_creaks,rain,0.02425410577645289,0.8903584221146984,0.08538747210884862
scene1_antro_dominated_0082.wav,1,antro_dominated,dog,washing_machine,thunderstorm,0.07587659171179574,0.8911604333559551,0.03296297493224917
scene1_antro_dominated_0083.wav,1,antro_dominated,laughing,airplane,rain,0.0035281256631256646,0.9133438923508498,0.08312798198602456
scene1_antro_dominated_0084.wav,1,antro_dominated,hen,keyboard_typing,thunderstorm,0.1744538076157051,0.7348396354204844,0.09070655696381048
scene1_antro_dominated_0085.wav,1,antro_dominated,laughing,train,crackling_fire,0.12196499668006644,0.8656297748378967,0.012405228482036826
scene1_antro_dominated_0086.wav,1,antro_dominated,hen,airplane,thunderstorm,0.03746856942588646,0.9260863718814624,0.0364450586926511
scene1_antro_dominated_0087.wav,1,antro_dominated,cow,mouse_click,crackling_fire,0.009224429758397245,0.963862143189715,0.026913427051887855
scene1_antro_dominated_0088.wav,1,antro_dominated,cow,drinking_sipping,sea_waves,0.08940196497494243,0.8997203553276664,0.01087767969739124
scene1_antro_dominated_0089.wav,1,antro_dominated,chirping_birds,car_horn,sea_waves,0.026427544947185137,0.9686290209562597,0.004943434096555237
scene1_antro_dominated_0090.wav,1,antro_dominated,insects,church_bells,wind,0.07318317360603571,0.9189476455561459,0.007869180837818316
scene1_antro_dominated_0091.wav,1,antro_dominated,snoring,engine,water_drops,0.08014441784692153,0.8098082784456853,0.11004730370739318
scene1_antro_dominated_0092.wav,1,antro_dominated,crow,engine,water_drops,0.061990612665858126,0.8071719979137799,0.13083738942036188
scene1_antro_dominated_0093.wav,1,antro_dominated,cat,toilet_flush,thunderstorm,0.1255121123866075,0.8461547051508328,0.028333182462559676
scene1_antro_dominated_0094.wav,1,antro_dominated,cow,keyboard_typing,sea_waves,0.140886396548716,0.827396819083101,0.03171678436818297
scene1_antro_dominated_0095.wav,1,antro_dominated,chirping_birds,engine,crackling_fire,0.01163507516073295,0.967019106826215,0.021345818013052145
scene1_antro_dominated_0096.wav,1,antro_dominated,frog,brushing_teeth,crackling_fire,0.044240009900342415,0.7088074475322257,0.246952542567432
scene1_antro_dominated_0097.wav,1,antro_dominated,rooster,car_horn,sea_waves,0.07049659430332475,0.6116516470804487,0.3178517586162265
scene1_antro_dominated_0098.wav,1,antro_dominated,rooster,vacuum_cleaner,crackling_fire,0.14707137727648392,0.8062051196506962,0.04672350307281993
scene1_antro_dominated_0099.wav,1,antro_dominated,rooster,airplane,water_drops,0.1862132366505664,0.7692263530461337,0.04456041030329988
scene1_antro_dominated_0100.wav,1,antro_dominated,coughing,washing_machine,sea_waves,0.019201767424500173,0.9542915700807987,0.026506662494701308
scene1_antro_dominated_0101.wav,1,antro_dominated,cat,vacuum_cleaner,wind,0.08765658584817865,0.8817312620184358,0.030612152133385497
scene1_antro_dominated_0102.wav,1,antro_dominated,crying_baby,mouse_click,rain,0.20091990554115868,0.7186006606365658,0.08047943382227554
scene1_antro_dominated_0103.wav,1,antro_dominated,crying_baby,clock_tick,rain,0.00823473550795643,0.9832099211560357,0.008555343336007857
scene1_antro_dominated_0104.wav,1,antro_dominated,sheep,clock_tick,crackling_fire,0.01715967956432396,0.8988732071393511,0.0839671132963249
scene1_antro_dominated_0105.wav,1,antro_dominated,rooster,pouring_water,wind,0.03357907618732039,0.9607548632258331,0.0056660605868463715
scene1_antro_dominated_0106.wav,1,antro_dominated,laughing,car_horn,sea_waves,0.08931145636452306,0.8804356636996236,0.030252879935853415
scene1_antro_dominated_0107.wav,1,antro_dominated,crying_baby,can_opening,water_drops,0.07007994485907298,0.8720917496838158,0.05782830545711111
scene1_antro_dominated_0108.wav,1,antro_dominated,frog,engine,water_drops,0.003428227532312362,0.9543938994620538,0.04217787300563379
scene1_antro_dominated_0109.wav,1,antro_dominated,coughing,siren,crackling_fire,0.02873723451549235,0.8937832896958767,0.0774794757886309
scene1_antro_dominated_0110.wav,1,antro_dominated,chirping_birds,vacuum_cleaner,crackling_fire,0.05503226064516635,0.8927075218011187,0.05226021755371494
scene1_antro_dominated_0111.wav,1,antro_dominated,hen,helicopter,thunderstorm,0.06958354438390242,0.8971128852422491,0.03330357037384834
scene1_antro_dominated_0112.wav,1,antro_dominated,rooster,can_opening,thunderstorm,0.5338366137111584,0.4486792698107144,0.01748411647812721
scene1_antro_dominated_0113.wav,1,antro_dominated,breathing,washing_machine,thunderstorm,0.08499666624912702,0.8867914926414104,0.028211841109462298
scene1_antro_dominated_0114.wav,1,antro_dominated,pig,glass_breaking,crackling_fire,0.5355478633303418,0.36458723118359004,0.09986490548606816
scene1_antro_dominated_0115.wav,1,antro_dominated,dog,chainsaw,water_drops,0.14473565530248816,0.8524616557543954,0.0028026889431163288
scene1_antro_dominated_0116.wav,1,antro_dominated,dog,door_wood_knock,crackling_fire,0.005355851065699392,0.7788812310614647,0.21576291787283583
scene1_antro_dominated_0117.wav,1,antro_dominated,clapping,church_bells,water_drops,0.013376557471050024,0.8415127629833846,0.1451106795455655
scene1_antro_dominated_0118.wav,1,antro_dominated,snoring,vacuum_cleaner,wind,0.03528133152113727,0.884347587893784,0.08037108058507889
scene1_antro_dominated_0119.wav,1,antro_dominated,insects,airplane,sea_waves,0.18845679720330805,0.8078767275746744,0.0036664752220177616
scene1_antro_dominated_0120.wav,1,antro_dominated,frog,hand_saw,water_drops,0.10713190064464441,0.8217974570792707,0.07107064227608495
scene1_antro_dominated_0121.wav,1,antro_dominated,coughing,hand_saw,wind,0.020682053437464168,0.9471817873588071,0.0321361592037287
scene1_antro_dominated_0122.wav,1,antro_dominated,crying_baby,engine,water_drops,0.04464412637222244,0.89434421334364,0.06101166028413751
scene1_antro_dominated_0123.wav,1,antro_dominated,breathing,mouse_click,water_drops,0.016399422670999843,0.8468753464623872,0.1367252308666129
scene1_antro_dominated_0124.wav,1,antro_dominated,cat,footsteps,water_drops,0.14069718643977602,0.8206129752079531,0.038689838352270925
scene1_antro_dominated_0125.wav,1,antro_dominated,cat,hand_saw,rain,0.05583651666902504,0.8517373438773206,0.09242613945365438
scene1_antro_dominated_0126.wav,1,antro_dominated,cat,washing_machine,thunderstorm,0.012890956900443791,0.9596513599118046,0.027457683187751648
scene1_antro_dominated_0127.wav,1,antro_dominated,crow,clock_tick,sea_waves,0.2206760347688581,0.6524733687779422,0.12685059645319957
scene1_antro_dominated_0128.wav,1,antro_dominated,rooster,hand_saw,rain,0.1580810596824862,0.6540375414930896,0.18788139882442415
scene1_antro_dominated_0129.wav,1,antro_dominated,coughing,mouse_click,water_drops,0.09977687293645764,0.8178822920271968,0.0823408350363456
scene1_antro_dominated_0130.wav,1,antro_dominated,sneezing,glass_breaking,wind,0.16218685736958782,0.6863001247887497,0.1515130178416623
scene1_antro_dominated_0131.wav,1,antro_dominated,coughing,fireworks,wind,0.02674849377740612,0.8754493286012132,0.09780217762138078
scene1_antro_dominated_0132.wav,1,antro_dominated,snoring,keyboard_typing,wind,0.10651557044123136,0.8710701069767526,0.02241432258201597
scene1_antro_dominated_0133.wav,1,antro_dominated,cow,fireworks,wind,0.062208702676813915,0.7348507741913927,0.2029405231317933
scene1_antro_dominated_0134.wav,1,antro_dominated,sheep,siren,wind,0.08346436065851164,0.9013869994659394,0.015148639875548807
scene1_antro_dominated_0135.wav,1,antro_dominated,crow,hand_saw,sea_waves,0.061792989531894695,0.7453474608711851,0.19285954959692025
scene1_antro_dominated_0136.wav,1,antro_dominated,coughing,brushing_teeth,thunderstorm,0.11881085102160112,0.7606669277783499,0.12052222120004898
scene1_antro_dominated_0137.wav,1,antro_dominated,pig,drinking_sipping,wind,0.004888298727344721,0.9420865064277654,0.053025194844889906
scene1_antro_dominated_0138.wav,1,antro_dominated,dog,mouse_click,thunderstorm,0.0032124639260256906,0.9181116794564532,0.07867585661752097
scene1_antro_dominated_0139.wav,1,antro_dominated,sneezing,clock_tick,sea_waves,0.13454446639262524,0.8199223863649245,0.04553314724245028
scene1_antro_dominated_0140.wav,1,antro_dominated,breathing,door_wood_creaks,water_drops,0.0028129448908094314,0.8532496781903068,0.14393737691888372
scene1_antro_dominated_0141.wav,1,antro_dominated,coughing,chainsaw,sea_waves,0.013583830619320841,0.6727126103407145,0.31370355903996483
scene1_antro_dominated_0142.wav,1,antro_dominated,coughing,train,crackling_fire,0.043113197801013955,0.9263205522974313,0.03056624990155482
scene1_antro_dominated_0143.wav,1,antro_dominated,cow,hand_saw,sea_waves,0.0188664984363131,0.8268261228605444,0.15430737870314254
scene1_antro_dominated_0144.wav,1,antro_dominated,clapping,car_horn,rain,0.10335547959955677,0.8288283986585991,0.0678161217418441
scene1_antro_dominated_0145.wav,1,antro_dominated,cow,hand_saw,water_drops,0.26727963856390224,0.5705514718869166,0.1621688895491813
scene1_antro_dominated_0146.wav,1,antro_dominated,rooster,washing_machine,water_drops,0.11556280405453936,0.6993981276453033,0.1850390683001574
scene1_antro_dominated_0147.wav,1,antro_dominated,pig,train,wind,0.2203944355871619,0.7760039163416743,0.0036016480711636833
scene1_antro_dominated_0148.wav,1,antro_dominated,clapping,toilet_flush,water_drops,0.09324612590334565,0.8861663850333944,0.020587489063259908
scene1_antro_dominated_0149.wav,1,antro_dominated,snoring,pouring_water,rain,0.10368115135475948,0.8451734101195044,0.05114543852573601
scene1_antro_dominated_0150.wav,1,antro_dominated,crow,train,thunderstorm,0.18979183873448996,0.7772427825247274,0.032965378740782585
scene1_antro_dominated_0151.wav,1,antro_dominated,chirping_birds,glass_breaking,thunderstorm,0.13102764416391835,0.7887570711216584,0.08021528471442327
scene1_antro_dominated_0152.wav,1,antro_dominated,chirping_birds,mouse_click,rain,0.06959559710236321,0.8990575289028163,0.0313468739948204
scene1_antro_dominated_0153.wav,1,antro_dominated,chirping_birds,washing_machine,water_drops,0.03325439345354037,0.7428594744635819,0.22388613208287755
scene1_antro_dominated_0154.wav,1,antro_dominated,dog,door_wood_knock,rain,0.0658433055002674,0.8590440355191723,0.07511265898056009
scene1_antro_dominated_0155.wav,1,antro_dominated,frog,door_wood_knock,crackling_fire,0.03651679188355525,0.7681748405378133,0.19530836757863154
scene1_antro_dominated_0156.wav,1,antro_dominated,clapping,vacuum_cleaner,crackling_fire,0.0798116084079661,0.6727668402574699,0.24742155133456395
scene1_antro_dominated_0157.wav,1,antro_dominated,rooster,church_bells,wind,0.24040144418210813,0.5844461317849442,0.17515242403294784
scene1_antro_dominated_0158.wav,1,antro_dominated,breathing,clock_tick,thunderstorm,0.08549903874820415,0.8288521971997119,0.08564876405208405
scene1_antro_dominated_0159.wav,1,antro_dominated,insects,glass_breaking,wind,0.10819052928014244,0.8870121530132384,0.00479731770661911
scene1_antro_dominated_0160.wav,1,antro_dominated,clapping,door_wood_creaks,water_drops,0.061011766646783504,0.9294184668343152,0.00956976651890144
scene1_antro_dominated_0161.wav,1,antro_dominated,laughing,airplane,rain,0.0905226064551371,0.9025350100241695,0.006942383520693526
scene1_antro_dominated_0162.wav,1,antro_dominated,insects,toilet_flush,thunderstorm,0.10630114030442891,0.8665805193434608,0.02711834035211022
scene1_antro_dominated_0163.wav,1,antro_dominated,breathing,church_bells,rain,0.0780089243948078,0.7239876817067505,0.19800339389844174
scene1_antro_dominated_0164.wav,1,antro_dominated,cat,glass_breaking,thunderstorm,0.1246497369976499,0.7933711065632879,0.08197915643906219
scene1_antro_dominated_0165.wav,1,antro_dominated,cat,hand_saw,rain,0.33743850275077225,0.6185976772557004,0.04396381999352752
scene1_antro_dominated_0166.wav,1,antro_dominated,crow,train,crackling_fire,0.007329027213735689,0.5925787532680078,0.4000922195182567
scene1_antro_dominated_0167.wav,1,antro_dominated,rooster,brushing_teeth,rain,0.04009659037001739,0.9294053239404091,0.03049808568957349
scene1_antro_dominated_0168.wav,1,antro_dominated,sheep,vacuum_cleaner,water_drops,0.03842742346999214,0.9502614524767344,0.011311124053273402
scene1_antro_dominated_0169.wav,1,antro_dominated,clapping,footsteps,rain,0.20494121657875816,0.7287230110701606,0.06633577235108125
scene1_antro_dominated_0170.wav,1,antro_dominated,sneezing,glass_breaking,rain,0.06427228197207942,0.823718488274768,0.11200922975315258
scene1_antro_dominated_0171.wav,1,antro_dominated,pig,engine,wind,0.22839096257633448,0.7266584670831278,0.04495057034053774
scene1_antro_dominated_0172.wav,1,antro_dominated,crow,siren,water_drops,0.39579953399124806,0.6035463327556656,0.0006541332530861576
scene1_antro_dominated_0173.wav,1,antro_dominated,laughing,pouring_water,sea_waves,0.06542495402664594,0.8697563664395018,0.06481867953385224
scene1_antro_dominated_0174.wav,1,antro_dominated,dog,helicopter,crackling_fire,0.011442185840828473,0.9846036281259565,0.003954186033215016
scene1_antro_dominated_0175.wav,1,antro_dominated,sheep,glass_breaking,sea_waves,0.06284403775349474,0.9321337061643596,0.005022256082145636
scene1_antro_dominated_0176.wav,1,antro_dominated,sneezing,glass_breaking,sea_waves,0.2992555030329181,0.6104864954331688,0.0902580015339131
scene1_antro_dominated_0177.wav,1,antro_dominated,crow,airplane,water_drops,0.02515911045176113,0.8796234236758863,0.09521746587235248
scene1_antro_dominated_0178.wav,1,antro_dominated,chirping_birds,engine,thunderstorm,0.20230610570067692,0.7695053617228725,0.02818853257645048
scene1_antro_dominated_0179.wav,1,antro_dominated,snoring,footsteps,sea_waves,0.3097642226612947,0.5087866161867846,0.1814491611519206
scene1_antro_dominated_0180.wav,1,antro_dominated,coughing,vacuum_cleaner,thunderstorm,0.1061947988162398,0.8937880275478638,1.7173635896291596e-05
scene1_antro_dominated_0181.wav,1,antro_dominated,frog,can_opening,water_drops,0.041827110457321626,0.7300162361423734,0.22815665340030508
scene1_antro_dominated_0182.wav,1,antro_dominated,hen,mouse_click,rain,0.0811559081823077,0.8295233411683856,0.0893207506493067
scene1_antro_dominated_0183.wav,1,antro_dominated,clapping,footsteps,crackling_fire,0.0761411733025583,0.8381513538274099,0.08570747287003179
scene1_antro_dominated_0184.wav,1,antro_dominated,cat,mouse_click,wind,0.03076859655980509,0.9139557816737764,0.05527562176641848
scene1_antro_dominated_0185.wav,1,antro_dominated,pig,vacuum_cleaner,wind,0.11148071823033696,0.7541231218971006,0.13439615987256226
scene1_antro_dominated_0186.wav,1,antro_dominated,clapping,clock_tick,wind,0.06662099563928985,0.8850158974248452,0.04836310693586503
scene1_antro_dominated_0187.wav,1,antro_dominated,crow,can_opening,thunderstorm,0.33912919524709956,0.6375787120971793,0.023292092655721196
scene1_antro_dominated_0188.wav,1,antro_dominated,crow,chainsaw,crackling_fire,0.11551524593742211,0.8468903273084627,0.03759442675411509
scene1_antro_dominated_0189.wav,1,antro_dominated,snoring,drinking_sipping,rain,0.2002881411812258,0.574695578256761,0.2250162805620131
scene1_antro_dominated_0190.wav,1,antro_dominated,insects,door_wood_knock,crackling_fire,0.01969289997269104,0.8397867384332338,0.14052036159407508
scene1_antro_dominated_0191.wav,1,antro_dominated,sneezing,door_wood_knock,wind,0.014741851750018267,0.826570600422425,0.1586875478275566
scene1_antro_dominated_0192.wav,1,antro_dominated,crow,can_opening,rain,0.06374671410930294,0.8540093918497391,0.08224389404095785
scene1_antro_dominated_0193.wav,1,antro_dominated,snoring,engine,crackling_fire,0.021032501724796256,0.8953830737978835,0.08358442447732037
scene1_antro_dominated_0194.wav,1,antro_dominated,crying_baby,chainsaw,thunderstorm,0.03556338777431348,0.8688567529455412,0.09557985928014529
scene1_antro_dominated_0195.wav,1,antro_dominated,frog,glass_breaking,rain,0.05621642641612114,0.8575731090438496,0.08621046454002913
scene1_antro_dominated_0196.wav,1,antro_dominated,insects,drinking_sipping,water_drops,0.06267040299303278,0.9129262451266238,0.024403351880343403
scene1_antro_dominated_0197.wav,1,antro_dominated,dog,car_horn,water_drops,0.014009545542959247,0.935040775223942,0.050949679233098684
scene1_antro_dominated_0198.wav,1,antro_dominated,crying_baby,drinking_sipping,water_drops,0.07540486972278695,0.8825569758984685,0.04203815437874461
scene1_antro_dominated_0199.wav,1,antro_dominated,pig,keyboard_typing,crackling_fire,0.2197607150781315,0.7622758217161578,0.017963463205710645
scene1_antro_dominated_0200.wav,1,antro_dominated,crickets,door_wood_creaks,wind,0.0727827845853487,0.9165342603759001,0.010682955038751146
scene1_antro_dominated_0201.wav,1,antro_dominated,breathing,fireworks,wind,0.07961358641838476,0.6761374152089901,0.2442489983726252
scene1_antro_dominated_0202.wav,1,antro_dominated,pig,door_wood_creaks,crackling_fire,0.023591025026952827,0.9321642351423889,0.04424473983065821
scene1_antro_dominated_0203.wav,1,antro_dominated,crying_baby,glass_breaking,sea_waves,0.07603716445016336,0.9161358662390264,0.00782696931081019
scene1_antro_dominated_0204.wav,1,antro_dominated,crickets,door_wood_knock,rain,0.008607253141827755,0.956015645418271,0.03537710143990124
scene1_antro_dominated_0205.wav,1,antro_dominated,crickets,pouring_water,wind,0.012628697042577358,0.9503635194129618,0.037007783544460875
scene1_antro_dominated_0206.wav,1,antro_dominated,pig,keyboard_typing,wind,0.06186874423996866,0.9185692396990348,0.01956201606099654
scene1_antro_dominated_0207.wav,1,antro_dominated,coughing,helicopter,sea_waves,0.05478491345334911,0.9438474067348556,0.0013676798117953615
scene1_antro_dominated_0208.wav,1,antro_dominated,coughing,footsteps,water_drops,0.2055055316795257,0.7009972193451369,0.09349724897533732
scene1_antro_dominated_0209.wav,1,antro_dominated,crickets,siren,wind,0.12658038928724832,0.8718280038429101,0.001591606869841484
scene1_antro_dominated_0210.wav,1,antro_dominated,crow,fireworks,crackling_fire,0.06541167070373706,0.8400153722607087,0.09457295703555425
scene1_antro_dominated_0211.wav,1,antro_dominated,breathing,footsteps,wind,0.003129070033001172,0.9660461997206499,0.030824730246349102
scene1_antro_dominated_0212.wav,1,antro_dominated,frog,can_opening,rain,0.07292522220955168,0.7896893107114549,0.13738546707899346
scene1_antro_dominated_0213.wav,1,antro_dominated,cat,car_horn,rain,0.09344496897930778,0.8100355247508586,0.09651950626983362
scene1_antro_dominated_0214.wav,1,antro_dominated,chirping_birds,helicopter,water_drops,0.05924224868883398,0.8914761251052811,0.04928162620588484
scene1_antro_dominated_0215.wav,1,antro_dominated,crow,siren,sea_waves,0.08825777908019194,0.8262429243517248,0.08549929656808328
scene1_antro_dominated_0216.wav,1,antro_dominated,cat,airplane,wind,0.04645145443454773,0.9498839263376929,0.0036646192277593227
scene1_antro_dominated_0217.wav,1,antro_dominated,clapping,can_opening,thunderstorm,0.04554538913804608,0.8274195203685645,0.12703509049338954
scene1_antro_dominated_0218.wav,1,antro_dominated,rooster,train,water_drops,0.025190738563459106,0.9395024602666652,0.03530680116987584
scene1_antro_dominated_0219.wav,1,antro_dominated,pig,engine,rain,0.2630771712603713,0.6992752392406478,0.037647589498980887
scene1_antro_dominated_0220.wav,1,antro_dominated,dog,door_wood_creaks,thunderstorm,0.03609451196629606,0.7856261201691255,0.1782793678645786
scene1_antro_dominated_0221.wav,1,antro_dominated,breathing,footsteps,sea_waves,0.011943703412574974,0.7229787018797492,0.26507759470767583
scene1_antro_dominated_0222.wav,1,antro_dominated,breathing,drinking_sipping,thunderstorm,0.03719280741518221,0.9453353363271129,0.01747185625770493
scene1_antro_dominated_0223.wav,1,antro_dominated,sneezing,clock_tick,wind,0.0585505186961969,0.8207032424666175,0.12074623883718558
scene1_antro_dominated_0224.wav,1,antro_dominated,laughing,footsteps,water_drops,0.24735638169566446,0.7233004567501761,0.029343161554159454
scene1_antro_dominated_0225.wav,1,antro_dominated,rooster,keyboard_typing,thunderstorm,0.03951911888890057,0.9454909411679264,0.014989939943173004
scene1_antro_dominated_0226.wav,1,antro_dominated,pig,mouse_click,wind,0.15291269247364614,0.7818181044181722,0.06526920310818159
scene1_antro_dominated_0227.wav,1,antro_dominated,clapping,keyboard_typing,sea_waves,0.036510119087241104,0.9230984860939038,0.04039139481885516
scene1_antro_dominated_0228.wav,1,antro_dominated,sheep,church_bells,sea_waves,0.05671484508875357,0.9216296428270145,0.021655512084232047
scene1_antro_dominated_0229.wav,1,antro_dominated,clapping,helicopter,water_drops,0.3152756741349763,0.616093144622003,0.06863118124302078
scene1_antro_dominated_0230.wav,1,antro_dominated,clapping,footsteps,wind,0.0904308699536425,0.8862701857877759,0.02329894425858166
scene1_antro_dominated_0231.wav,1,antro_dominated,insects,clock_tick,sea_waves,0.01273147033724874,0.97101222294769,0.016256306715061352
scene1_antro_dominated_0232.wav,1,antro_dominated,chirping_birds,glass_breaking,wind,0.08882714705954853,0.9111315337447143,4.131919573716841e-05
scene1_antro_dominated_0233.wav,1,antro_dominated,laughing,mouse_click,sea_waves,0.04282554014920676,0.8538776323409832,0.10329682750981016
scene1_antro_dominated_0234.wav,1,antro_dominated,crickets,door_wood_creaks,rain,0.0026010568208811023,0.9775075862996818,0.019891356879437123
scene1_antro_dominated_0235.wav,1,antro_dominated,sheep,toilet_flush,rain,0.18983293527370926,0.7720731520064621,0.038093912719828746
scene1_antro_dominated_0236.wav,1,antro_dominated,cat,chainsaw,crackling_fire,0.13460988799545504,0.8353441898475684,0.03004592215697667
scene1_antro_dominated_0237.wav,1,antro_dominated,crickets,washing_machine,sea_waves,0.2278685933384509,0.7694313660072474,0.002700040654301919
scene1_antro_dominated_0238.wav,1,antro_dominated,cow,door_wood_creaks,water_drops,0.006511765592135222,0.8634456412828316,0.13004259312503313
scene1_antro_dominated_0239.wav,1,antro_dominated,crow,clock_alarm,rain,0.11597906570257684,0.7932955653966285,0.09072536890079463
scene1_antro_dominated_0240.wav,1,antro_dominated,crow,car_horn,wind,0.05788066682510271,0.9107483348336937,0.03137099834120362
scene1_antro_dominated_0241.wav,1,antro_dominated,crying_baby,car_horn,rain,0.043568501378518455,0.6901487849975335,0.2662827136239481
scene1_antro_dominated_0242.wav,1,antro_dominated,laughing,footsteps,crackling_fire,0.006992934924158405,0.7152720442887468,0.27773502078709483
scene1_antro_dominated_0243.wav,1,antro_dominated,sheep,mouse_click,rain,0.07200279372153877,0.8387135319141914,0.08928367436426987
scene1_antro_dominated_0244.wav,1,antro_dominated,clapping,fireworks,thunderstorm,0.009453379565679626,0.9467173616981562,0.04382925873616422
scene1_antro_dominated_0245.wav,1,antro_dominated,snoring,brushing_teeth,rain,0.05186249862774086,0.8385799991219101,0.1095575022503492
scene1_antro_dominated_0246.wav,1,antro_dominated,crying_baby,brushing_teeth,wind,0.1891409575903448,0.7475026466311518,0.06335639577850334
scene1_antro_dominated_0247.wav,1,antro_dominated,clapping,hand_saw,sea_waves,0.0325043524875038,0.9435167603470921,0.02397888716540422
scene1_antro_dominated_0248.wav,1,antro_dominated,cat,clock_tick,water_drops,0.006585442170223149,0.9863437473122922,0.007070810517484619
scene1_antro_dominated_0249.wav,1,antro_dominated,clapping,church_bells,rain,0.008131131774833248,0.9263370799203963,0.06553178830477036
scene1_antro_dominated_0250.wav,1,antro_dominated,breathing,siren,crackling_fire,0.06812902798699294,0.8364342799785548,0.0954366920344522
scene1_antro_dominated_0251.wav,1,antro_dominated,crow,vacuum_cleaner,sea_waves,0.006106955236203728,0.8313329923613426,0.16256005240245375
scene1_antro_dominated_0252.wav,1,antro_dominated,snoring,toilet_flush,wind,0.07752482402385495,0.8039752970627841,0.11849987891336093
scene1_antro_dominated_0253.wav,1,antro_dominated,crying_baby,clock_tick,crackling_fire,0.12783150636018217,0.8459961332755526,0.026172360364265193
scene1_antro_dominated_0254.wav,1,antro_dominated,crying_baby,toilet_flush,wind,0.06480126875016694,0.757175023907942,0.17802370734189113
scene1_antro_dominated_0255.wav,1,antro_dominated,snoring,clock_tick,water_drops,0.02970183056842158,0.9644359579434735,0.005862211488104857
scene1_antro_dominated_0256.wav,1,antro_dominated,pig,engine,sea_waves,0.0621236251067085,0.8505910752833316,0.08728529960996
scene1_antro_dominated_0257.wav,1,antro_dominated,pig,chainsaw,water_drops,0.02268481896685017,0.9344258849391998,0.042889296093949945
scene1_antro_dominated_0258.wav,1,antro_dominated,crying_baby,chainsaw,water_drops,0.14546130314915973,0.8431906609810541,0.011348035869786213
scene1_antro_dominated_0259.wav,1,antro_dominated,cow,helicopter,water_drops,0.0896736779525127,0.8650382179665703,0.04528810408091701
scene1_antro_dominated_0260.wav,1,antro_dominated,cow,door_wood_creaks,sea_waves,0.022830290459682365,0.7253924084202723,0.2517773011200452
scene1_antro_dominated_0261.wav,1,antro_dominated,pig,can_opening,crackling_fire,0.013610802585465131,0.8854115910805087,0.10097760633402614
scene1_antro_dominated_0262.wav,1,antro_dominated,sneezing,door_wood_knock,rain,0.021006643854388243,0.7514415047993512,0.22755185134626058
scene1_antro_dominated_0263.wav,1,antro_dominated,cow,vacuum_cleaner,crackling_fire,0.10810300535306878,0.867318594859306,0.02457839978762513
scene1_antro_dominated_0264.wav,1,antro_dominated,cow,footsteps,rain,0.22705702948396533,0.7516979461647777,0.021245024351256917
scene1_antro_dominated_0265.wav,1,antro_dominated,breathing,pouring_water,sea_waves,0.06644261546032075,0.7491324765847515,0.18442490795492777
scene1_antro_dominated_0266.wav,1,antro_dominated,insects,can_opening,rain,0.09539330297722978,0.8981008116664811,0.006505885356289036
scene1_antro_dominated_0267.wav,1,antro_dominated,pig,engine,water_drops,0.29943234601115226,0.6177613812309746,0.08280627275787307
scene1_antro_dominated_0268.wav,1,antro_dominated,cow,pouring_water,thunderstorm,0.23092696129054635,0.7420990718397535,0.02697396686970015
scene1_antro_dominated_0269.wav,1,antro_dominated,sheep,can_opening,thunderstorm,0.023818141242540607,0.7908141269732833,0.18536773178417615
scene1_antro_dominated_0270.wav,1,antro_dominated,cat,toilet_flush,thunderstorm,0.02490906964157056,0.9009599932956432,0.07413093706278623
scene1_antro_dominated_0271.wav,1,antro_dominated,cat,train,water_drops,0.0631378907403603,0.9080309762246952,0.028831133034944403
scene1_antro_dominated_0272.wav,1,antro_dominated,crow,vacuum_cleaner,water_drops,0.28789083146626,0.681481204821989,0.030627963711751097
scene1_antro_dominated_0273.wav,1,antro_dominated,pig,toilet_flush,crackling_fire,0.047161448813039825,0.8269595879711267,0.1258789632158334
scene1_antro_dominated_0274.wav,1,antro_dominated,crying_baby,pouring_water,thunderstorm,0.055708758420939364,0.8670946834447211,0.07719655813433945
scene1_antro_dominated_0275.wav,1,antro_dominated,rooster,train,sea_waves,0.10952595614076825,0.875936341095605,0.014537702763626608
scene1_antro_dominated_0276.wav,1,antro_dominated,dog,hand_saw,crackling_fire,0.07307411061707626,0.8319008883087982,0.09502500107412551
scene1_antro_dominated_0277.wav,1,antro_dominated,rooster,can_opening,rain,0.06433578693840986,0.9316869813452757,0.003977231716314316
scene1_antro_dominated_0278.wav,1,antro_dominated,pig,mouse_click,wind,0.040273665686366214,0.8892227365024438,0.07050359781119005
scene1_antro_dominated_0279.wav,1,antro_dominated,rooster,drinking_sipping,rain,0.31231554167210496,0.6858057968263366,0.0018786615015583955
scene1_antro_dominated_0280.wav,1,antro_dominated,laughing,hand_saw,water_drops,0.05495541419187104,0.9096591080967918,0.03538547771133718
scene1_antro_dominated_0281.wav,1,antro_dominated,coughing,glass_breaking,water_drops,0.01857492356046958,0.9423168609719758,0.03910821546755466
scene1_antro_dominated_0282.wav,1,antro_dominated,snoring,siren,sea_waves,0.04772064912516909,0.922720445561004,0.029558905313826944
scene1_antro_dominated_0283.wav,1,antro_dominated,insects,train,sea_waves,0.09890046947918416,0.8592955813766859,0.04180394914413003
scene1_antro_dominated_0284.wav,1,antro_dominated,breathing,vacuum_cleaner,sea_waves,0.16881006454975872,0.723508017809571,0.10768191764067046
scene1_antro_dominated_0285.wav,1,antro_dominated,chirping_birds,fireworks,sea_waves,0.1211458674582778,0.7158432661257172,0.16301086641600487
scene1_antro_dominated_0286.wav,1,antro_dominated,pig,car_horn,wind,0.01792609363914501,0.9634321016589443,0.01864180470191064
scene1_antro_dominated_0287.wav,1,antro_dominated,rooster,train,water_drops,0.04066933579583593,0.5837571028735075,0.37557356133065667
scene1_antro_dominated_0288.wav,1,antro_dominated,sneezing,washing_machine,thunderstorm,0.02470610717459715,0.7714361777207412,0.20385771510466158
scene1_antro_dominated_0289.wav,1,antro_dominated,dog,glass_breaking,sea_waves,0.1117869119555182,0.8352101063168387,0.05300298172764324
scene1_antro_dominated_0290.wav,1,antro_dominated,crying_baby,glass_breaking,thunderstorm,0.053044653772263695,0.8924210642543104,0.054534281973425844
scene1_antro_dominated_0291.wav,1,antro_dominated,crying_baby,hand_saw,rain,0.018846847004780586,0.9170210364877512,0.0641321165074682
scene1_antro_dominated_0292.wav,1,antro_dominated,crickets,glass_breaking,sea_waves,0.0006150366126712166,0.9959063847372052,0.003478578650123655
scene1_antro_dominated_0293.wav,1,antro_dominated,coughing,washing_machine,sea_waves,0.30102562470890953,0.6650606312469409,0.03391374404414957
scene1_antro_dominated_0294.wav,1,antro_dominated,cat,chainsaw,wind,0.007576909653021057,0.990939612617363,0.0014834777296160698
scene1_antro_dominated_0295.wav,1,antro_dominated,pig,hand_saw,wind,0.01697005612034684,0.9764214960412378,0.006608447838415327
scene1_antro_dominated_0296.wav,1,antro_dominated,crow,door_wood_creaks,sea_waves,0.19305202755489304,0.7396172757974697,0.06733069664763727
scene1_antro_dominated_0297.wav,1,antro_dominated,cat,keyboard_typing,sea_waves,0.2936460061172104,0.6639961042218768,0.04235788966091271
scene1_antro_dominated_0298.wav,1,antro_dominated,laughing,vacuum_cleaner,wind,0.041940539968285666,0.6844266713948751,0.2736327886368391
scene1_antro_dominated_0299.wav,1,antro_dominated,crickets,mouse_click,wind,0.16503407171749265,0.7579703679193347,0.07699556036317268
scene1_antro_dominated_0300.wav,1,antro_dominated,breathing,clock_alarm,water_drops,0.004339824841383384,0.9541063767978081,0.04155379836080856
scene1_antro_dominated_0301.wav,1,antro_dominated,rooster,toilet_flush,crackling_fire,0.0886619356863596,0.890539811379815,0.02079825293382539
scene1_antro_dominated_0302.wav,1,antro_dominated,laughing,siren,water_drops,0.0970616488463247,0.6528956224535267,0.2500427287001485
scene1_antro_dominated_0303.wav,1,antro_dominated,breathing,brushing_teeth,rain,0.21224091960539498,0.7857773214146303,0.0019817589799746653
scene1_antro_dominated_0304.wav,1,antro_dominated,crying_baby,footsteps,wind,0.17440344014524709,0.7327928616673222,0.0928036981874309
scene1_antro_dominated_0305.wav,1,antro_dominated,frog,mouse_click,water_drops,0.09111489895594646,0.7505364863245014,0.15834861471955214
scene1_antro_dominated_0306.wav,1,antro_dominated,breathing,airplane,rain,0.06541902835774485,0.9310465214158312,0.003534450226423874
scene1_antro_dominated_0307.wav,1,antro_dominated,hen,engine,rain,0.009870401412516034,0.9288335129095546,0.061296085677929366
scene1_antro_dominated_0308.wav,1,antro_dominated,cow,train,sea_waves,0.09609171924819504,0.8645722378771037,0.039336042874701195
scene1_antro_dominated_0309.wav,1,antro_dominated,chirping_birds,car_horn,sea_waves,0.04442679324146747,0.7284017270089824,0.22717147974955015
scene1_antro_dominated_0310.wav,1,antro_dominated,hen,vacuum_cleaner,crackling_fire,0.07443121729836696,0.8369688152054915,0.08859996749614157
scene1_antro_dominated_0311.wav,1,antro_dominated,cat,clock_alarm,rain,0.04776328370850373,0.9403991036692527,0.01183761262224357
scene1_antro_dominated_0312.wav,1,antro_dominated,rooster,pouring_water,sea_waves,0.03472782329457782,0.9547338964873155,0.010538280218106771
scene1_antro_dominated_0313.wav,1,antro_dominated,dog,airplane,rain,0.00195688797031607,0.8740647261704086,0.1239783858592752
scene1_antro_dominated_0314.wav,1,antro_dominated,cow,footsteps,water_drops,0.17976790759969385,0.7035735975630809,0.11665849483722537
scene1_antro_dominated_0315.wav,1,antro_dominated,clapping,siren,crackling_fire,0.057539614892351695,0.8910506978598741,0.051409687247774116
scene1_antro_dominated_0316.wav,1,antro_dominated,dog,helicopter,thunderstorm,0.1394168506456821,0.754142968038279,0.10644018131603888
scene1_antro_dominated_0317.wav,1,antro_dominated,breathing,glass_breaking,sea_waves,0.003428786501692775,0.9836225119620916,0.012948701536215575
scene1_antro_dominated_0318.wav,1,antro_dominated,breathing,toilet_flush,wind,0.028003904955226814,0.9551518016576996,0.016844293387073557
scene1_antro_dominated_0319.wav,1,antro_dominated,clapping,hand_saw,sea_waves,0.016824592022522886,0.845453407339105,0.13772200063837212
scene1_antro_dominated_0320.wav,1,antro_dominated,clapping,train,crackling_fire,0.270485266854399,0.6301888753951828,0.09932585775041841
scene1_antro_dominated_0321.wav,1,antro_dominated,crickets,engine,water_drops,0.16683129690076143,0.7698101503420528,0.0633585527571857
scene1_antro_dominated_0322.wav,1,antro_dominated,rooster,clock_alarm,wind,0.01271390313921197,0.9809035415352342,0.006382555325553725
scene1_antro_dominated_0323.wav,1,antro_dominated,breathing,glass_breaking,thunderstorm,0.016072420975199977,0.9508272700134439,0.033100309011356153
scene1_antro_dominated_0324.wav,1,antro_dominated,crying_baby,church_bells,thunderstorm,0.0197610962468591,0.6943570630320968,0.285881840721044
scene1_antro_dominated_0325.wav,1,antro_dominated,rooster,door_wood_knock,sea_waves,0.0370960179295385,0.9552141061634067,0.007689875907054885
scene1_antro_dominated_0326.wav,1,antro_dominated,cow,glass_breaking,water_drops,0.08771145540665787,0.9061406623623703,0.0061478822309716805
scene1_antro_dominated_0327.wav,1,antro_dominated,cat,engine,wind,0.019360472810398877,0.9210021430675898,0.05963738412201131
scene1_antro_dominated_0328.wav,1,antro_dominated,insects,fireworks,sea_waves,0.15379252098363594,0.6658878354875031,0.18031964352886107
scene1_antro_dominated_0329.wav,1,antro_dominated,hen,pouring_water,rain,0.060186721773226634,0.8788306143671467,0.060982663859626696
scene1_antro_dominated_0330.wav,1,antro_dominated,sheep,hand_saw,wind,0.063702733518858,0.928179066209478,0.008118200271664178
scene1_antro_dominated_0331.wav,1,antro_dominated,coughing,brushing_teeth,water_drops,0.021475651850411445,0.8780407304545471,0.10048361769504163
scene1_antro_dominated_0332.wav,1,antro_dominated,hen,church_bells,rain,0.06604937472852694,0.8581565207638217,0.07579410450765152
scene1_antro_dominated_0333.wav,1,antro_dominated,snoring,can_opening,sea_waves,0.003826863059012794,0.8723175903660872,0.12385554657489985
scene1_antro_dominated_0334.wav,1,antro_dominated,laughing,clock_alarm,rain,0.2765504542074884,0.7066571002126469,0.016792445579864576
scene1_antro_dominated_0335.wav,1,antro_dominated,clapping,keyboard_typing,thunderstorm,0.012368731572237838,0.8658103095286209,0.12182095889914114
scene1_antro_dominated_0336.wav,1,antro_dominated,frog,vacuum_cleaner,sea_waves,0.18057509418904738,0.7847631585737799,0.0346617472371727
scene1_antro_dominated_0337.wav,1,antro_dominated,crow,keyboard_typing,crackling_fire,0.17888164772476103,0.7950122519990701,0.026106100276168907
scene1_antro_dominated_0338.wav,1,antro_dominated,insects,keyboard_typing,wind,0.028640404931953856,0.9026461479788458,0.06871344708920041
scene1_antro_dominated_0339.wav,1,antro_dominated,insects,siren,sea_waves,0.022786802020456052,0.9165877329832921,0.060625464996251884
scene1_antro_dominated_0340.wav,1,antro_dominated,breathing,hand_saw,water_drops,0.21423934743583903,0.6997936354246203,0.08596701713954064
scene1_antro_dominated_0341.wav,1,antro_dominated,clapping,toilet_flush,sea_waves,0.025173951930514818,0.9216850481100124,0.053140999959472794
scene1_antro_dominated_0342.wav,1,antro_dominated,breathing,drinking_sipping,crackling_fire,0.045819215386981145,0.758367960446748,0.19581282416627074
scene1_antro_dominated_0343.wav,1,antro_dominated,pig,keyboard_typing,crackling_fire,0.03517666399248705,0.7367572295738551,0.22806610643365763
scene1_antro_dominated_0344.wav,1,antro_dominated,rooster,pouring_water,wind,0.1450977830182782,0.728149169736719,0.1267530472450029
scene1_antro_dominated_0345.wav,1,antro_dominated,crickets,train,sea_waves,0.001025736510473487,0.9927685967604323,0.0062056667290942905
scene1_antro_dominated_0346.wav,1,antro_dominated,rooster,door_wood_creaks,wind,0.08183307503364962,0.8456157382654527,0.07255118670089779
scene1_antro_dominated_0347.wav,1,antro_dominated,rooster,can_opening,rain,0.16976885131200325,0.8195172275726241,0.01071392111537275
scene1_antro_dominated_0348.wav,1,antro_dominated,hen,mouse_click,water_drops,0.08176944018447922,0.8249681631551763,0.09326239666034447
scene1_antro_dominated_0349.wav,1,antro_dominated,crying_baby,can_opening,thunderstorm,0.000642283354372867,0.9067413118604992,0.09261640478512786
scene1_antro_dominated_0350.wav,1,antro_dominated,sheep,toilet_flush,crackling_fire,0.018903339797731334,0.9062621150310055,0.07483454517126305
scene1_antro_dominated_0351.wav,1,antro_dominated,crickets,pouring_water,water_drops,0.06458724647197642,0.9333228874294178,0.0020898660986057266
scene1_antro_dominated_0352.wav,1,antro_dominated,chirping_birds,toilet_flush,crackling_fire,0.40498661437443223,0.4990624674592918,0.09595091816627602
scene1_antro_dominated_0353.wav,1,antro_dominated,frog,clock_alarm,water_drops,0.11497219891048063,0.7701166543035057,0.11491114678601377
scene1_antro_dominated_0354.wav,1,antro_dominated,rooster,toilet_flush,rain,0.04673207300368707,0.8194090639131351,0.13385886308317782
scene1_antro_dominated_0355.wav,1,antro_dominated,chirping_birds,can_opening,crackling_fire,0.03483472222385226,0.95119049367042,0.013974784105727866
scene1_antro_dominated_0356.wav,1,antro_dominated,crying_baby,glass_breaking,rain,0.03904322661672906,0.8691124075602087,0.09184436582306227
scene1_antro_dominated_0357.wav,1,antro_dominated,crying_baby,mouse_click,water_drops,0.050938517184632874,0.8294680468604544,0.1195934359549126
scene1_antro_dominated_0358.wav,1,antro_dominated,rooster,train,sea_waves,0.3980861918565298,0.4598149278933,0.14209888025017017
scene1_antro_dominated_0359.wav,1,antro_dominated,crow,can_opening,crackling_fire,0.015356292509751459,0.9042812246068878,0.08036248288336074
scene1_antro_dominated_0360.wav,1,antro_dominated,clapping,engine,crackling_fire,0.02493591184326428,0.9500840168916435,0.02498007126509238
scene1_antro_dominated_0361.wav,1,antro_dominated,crow,door_wood_creaks,water_drops,0.006062141736236518,0.9495676212183385,0.04437023704542514
scene1_antro_dominated_0362.wav,1,antro_dominated,sheep,toilet_flush,wind,0.01687623429433433,0.8383722465806966,0.14475151912496917
scene1_antro_dominated_0363.wav,1,antro_dominated,crying_baby,chainsaw,water_drops,0.05584353886641144,0.8972099137073528,0.046946547426235705
scene1_antro_dominated_0364.wav,1,antro_dominated,breathing,engine,crackling_fire,0.006403153369044583,0.9593077911307308,0.03428905550022468
scene1_antro_dominated_0365.wav,1,antro_dominated,laughing,hand_saw,rain,0.08967723431783373,0.9092532729507965,0.001069492731369829
scene1_antro_dominated_0366.wav,1,antro_dominated,sneezing,washing_machine,thunderstorm,0.07587723660503617,0.9131139552715303,0.011008808123433512
scene1_antro_dominated_0367.wav,1,antro_dominated,sneezing,footsteps,sea_waves,0.035830674253840934,0.9375777684057303,0.026591557340428684
scene1_antro_dominated_0368.wav,1,antro_dominated,pig,door_wood_knock,crackling_fire,0.16921308681490893,0.623490945372764,0.20729596781232695
scene1_antro_dominated_0369.wav,1,antro_dominated,pig,brushing_teeth,crackling_fire,0.07494784010276402,0.66719067983587,0.2578614800613659
scene1_antro_dominated_0370.wav,1,antro_dominated,cat,helicopter,sea_waves,0.16823925478172277,0.7224746676905075,0.10928607752776984
scene1_antro_dominated_0371.wav,1,antro_dominated,hen,drinking_sipping,sea_waves,0.16296598630346032,0.7489090217380103,0.08812499195852933
scene1_antro_dominated_0372.wav,1,antro_dominated,crickets,vacuum_cleaner,rain,0.09112036743222052,0.8849551403753189,0.023924492192460723
scene1_antro_dominated_0373.wav,1,antro_dominated,coughing,hand_saw,sea_waves,0.147823684122993,0.8452047508309493,0.006971565046057762
scene1_antro_dominated_0374.wav,1,antro_dominated,sneezing,fireworks,sea_waves,0.0013117788161528022,0.9361541824243194,0.06253403875952777
scene1_antro_dominated_0375.wav,1,antro_dominated,crickets,airplane,rain,0.03616936518114866,0.9395904483398264,0.024240186479025014
scene1_antro_dominated_0376.wav,1,antro_dominated,sheep,fireworks,rain,0.20318381650314454,0.7941367922157047,0.0026793912811509594
scene1_antro_dominated_0377.wav,1,antro_dominated,hen,clock_tick,wind,0.03511092110842752,0.9570534769878778,0.007835601903694566
scene1_antro_dominated_0378.wav,1,antro_dominated,breathing,mouse_click,crackling_fire,0.14765975059398,0.8334129323137758,0.018927317092244017
scene1_antro_dominated_0379.wav,1,antro_dominated,dog,can_opening,water_drops,0.02089453837062005,0.9776894775762228,0.0014159840531570251
scene1_antro_dominated_0380.wav,1,antro_dominated,crying_baby,clock_alarm,water_drops,0.036432727951606104,0.8827914264170472,0.08077584563134645
scene1_antro_dominated_0381.wav,1,antro_dominated,sneezing,engine,thunderstorm,0.2283498597309733,0.5665107505621129,0.20513938970691387
scene1_antro_dominated_0382.wav,1,antro_dominated,pig,vacuum_cleaner,crackling_fire,0.06294489104036997,0.9305608393092827,0.0064942696503472825
scene1_antro_dominated_0383.wav,1,antro_dominated,coughing,church_bells,water_drops,0.02494852723601177,0.7331998152242142,0.24185165753977408
scene1_antro_dominated_0384.wav,1,antro_dominated,laughing,toilet_flush,crackling_fire,0.0634075801155947,0.918494066367676,0.01809835351672916
scene1_antro_dominated_0385.wav,1,antro_dominated,breathing,clock_tick,thunderstorm,0.08624836317270179,0.740474368767048,0.17327726806025037
scene1_antro_dominated_0386.wav,1,antro_dominated,laughing,mouse_click,water_drops,0.008279897825696814,0.8972348706243505,0.0944852315499527
scene1_antro_dominated_0387.wav,1,antro_dominated,crying_baby,car_horn,sea_waves,0.011757578331495698,0.8432078324981259,0.14503458917037845
scene1_antro_dominated_0388.wav,1,antro_dominated,cow,door_wood_knock,wind,0.009531835484529948,0.8696378748063811,0.12083028970908889
scene1_antro_dominated_0389.wav,1,antro_dominated,dog,siren,thunderstorm,0.04904833914764211,0.9438533113494779,0.007098349502879974
scene1_antro_dominated_0390.wav,1,antro_dominated,sheep,helicopter,rain,0.00461335368976549,0.9769225651581082,0.018464081152126385
scene1_antro_dominated_0391.wav,1,antro_dominated,coughing,toilet_flush,wind,0.20028403534024658,0.750500760542372,0.04921520411738146
scene1_antro_dominated_0392.wav,1,antro_dominated,sneezing,washing_machine,crackling_fire,0.020915269594185493,0.794068715388023,0.18501601501779155
scene1_antro_dominated_0393.wav,1,antro_dominated,coughing,fireworks,wind,0.09509761031107081,0.7849225936813968,0.11997979600753236
scene1_antro_dominated_0394.wav,1,antro_dominated,dog,hand_saw,water_drops,0.05886932161877154,0.8981028002740881,0.043027878107140406
scene1_antro_dominated_0395.wav,1,antro_dominated,sheep,glass_breaking,rain,0.0013609883498257754,0.9744770800524344,0.02416193159773993
scene1_antro_dominated_0396.wav,1,antro_dominated,laughing,can_opening,water_drops,0.08064295774633051,0.8296096173304169,0.08974742492325252
scene1_antro_dominated_0397.wav,1,antro_dominated,crying_baby,helicopter,water_drops,0.014586979956461948,0.8213966192242609,0.16401640081927713
scene1_antro_dominated_0398.wav,1,antro_dominated,hen,car_horn,water_drops,0.037162626588267814,0.8004153694721007,0.16242200393963147
scene1_antro_dominated_0399.wav,1,antro_dominated,hen,fireworks,sea_waves,0.01161256362136577,0.9744676264605939,0.013919809918040366
scene1_antro_dominated_0400.wav,1,antro_dominated,hen,airplane,water_drops,0.022046218866352687,0.8507474706171398,0.12720631051650746
scene1_antro_dominated_0401.wav,1,antro_dominated,crying_baby,drinking_sipping,rain,0.24446902569570453,0.6618344139691921,0.09369656033510335
scene1_antro_dominated_0402.wav,1,antro_dominated,frog,mouse_click,rain,0.2573620380473129,0.717609839937732,0.025028122014955315
scene1_antro_dominated_0403.wav,1,antro_dominated,chirping_birds,clock_alarm,water_drops,0.004578041441618129,0.9172278687702173,0.07819408978816436
scene1_antro_dominated_0404.wav,1,antro_dominated,hen,toilet_flush,thunderstorm,0.11764132272839677,0.8178149679957377,0.06454370927586542
scene1_antro_dominated_0405.wav,1,antro_dominated,clapping,glass_breaking,wind,0.05285492915844,0.8334471874032737,0.1136978834382862
scene1_antro_dominated_0406.wav,1,antro_dominated,insects,keyboard_typing,rain,0.0008737935082863223,0.9933485286765719,0.00577767781514185
scene1_antro_dominated_0407.wav,1,antro_dominated,sheep,brushing_teeth,thunderstorm,0.122117859205404,0.8630428543755524,0.014839286419043637
scene1_antro_dominated_0408.wav,1,antro_dominated,insects,drinking_sipping,rain,0.3098093773519436,0.5225902577981065,0.1676003648499498
scene1_antro_dominated_0409.wav,1,antro_dominated,frog,door_wood_knock,thunderstorm,0.08691267880677785,0.8591997259925676,0.05388759520065446
scene1_antro_dominated_0410.wav,1,antro_dominated,insects,vacuum_cleaner,rain,0.03632918483362702,0.9596116839100406,0.0040591312563323855
scene1_antro_dominated_0411.wav,1,antro_dominated,insects,chainsaw,rain,0.016675398875600413,0.8205479608806854,0.16277664024371402
scene1_antro_dominated_0412.wav,1,antro_dominated,crickets,fireworks,thunderstorm,0.029306890526302976,0.7099700133603274,0.26072309611336975
scene1_antro_dominated_0413.wav,1,antro_dominated,breathing,can_opening,wind,0.1655001234793147,0.7707473516791724,0.06375252484151296
scene1_antro_dominated_0414.wav,1,antro_dominated,sneezing,hand_saw,water_drops,0.025133447500927872,0.9238937760202687,0.05097277647880332
scene1_antro_dominated_0415.wav,1,antro_dominated,sneezing,brushing_teeth,crackling_fire,0.0376888428363742,0.8408424798412011,0.12146867732242472
scene1_antro_dominated_0416.wav,1,antro_dominated,hen,glass_breaking,wind,0.04421639054922822,0.8074223446236073,0.14836126482716447
scene1_antro_dominated_0417.wav,1,antro_dominated,clapping,chainsaw,rain,0.11435193155590942,0.7584164708026736,0.12723159764141698
scene1_antro_dominated_0418.wav,1,antro_dominated,hen,airplane,sea_waves,0.0066838789214769346,0.9468396444893094,0.046476476589213556
scene1_antro_dominated_0419.wav,1,antro_dominated,crow,fireworks,water_drops,0.0689079807055126,0.7762875752418265,0.154804444052661
scene1_antro_dominated_0420.wav,1,antro_dominated,dog,keyboard_typing,rain,0.009247145453470587,0.9703857760511894,0.02036707849534012
scene1_antro_dominated_0421.wav,1,antro_dominated,frog,glass_breaking,water_drops,0.0040291238744716495,0.9832505743454693,0.012720301780059085
scene1_antro_dominated_0422.wav,1,antro_dominated,pig,mouse_click,thunderstorm,0.16775562822505088,0.8149592210030059,0.017285150771943095
scene1_antro_dominated_0423.wav,1,antro_dominated,pig,toilet_flush,rain,0.08992628215233296,0.8028511051730421,0.10722261267462493
scene1_antro_dominated_0424.wav,1,antro_dominated,cat,keyboard_typing,sea_waves,0.06369875951620795,0.8346911535740199,0.10161008690977208
scene1_antro_dominated_0425.wav,1,antro_dominated,pig,washing_machine,wind,0.027971481575346784,0.9560011119261664,0.01602740649848696
scene1_antro_dominated_0426.wav,1,antro_dominated,breathing,vacuum_cleaner,thunderstorm,0.06132012354915215,0.9184889626138438,0.020190913837003995
scene1_antro_dominated_0427.wav,1,antro_dominated,crying_baby,fireworks,water_drops,0.10412180749166697,0.8790912471868241,0.016786945321508946
scene1_antro_dominated_0428.wav,1,antro_dominated,sheep,door_wood_knock,water_drops,0.002112560600009356,0.9953101859172993,0.002577253482691363
scene1_antro_dominated_0429.wav,1,antro_dominated,rooster,mouse_click,thunderstorm,0.02868204989574625,0.9168162281298624,0.054501721974391355
scene1_antro_dominated_0430.wav,1,antro_dominated,crying_baby,chainsaw,crackling_fire,0.05572648586708379,0.8971618151127689,0.04711169902014733
scene1_antro_dominated_0431.wav,1,antro_dominated,crow,clock_alarm,wind,0.18688849504511063,0.6959931004563543,0.11711840449853493
scene1_antro_dominated_0432.wav,1,antro_dominated,dog,brushing_teeth,crackling_fire,0.024829773187359457,0.9092523387989047,0.06591788801373566
scene1_antro_dominated_0433.wav,1,antro_dominated,chirping_birds,brushing_teeth,thunderstorm,0.07740334177892731,0.9016002395252247,0.020996418695848007
scene1_antro_dominated_0434.wav,1,antro_dominated,clapping,clock_tick,thunderstorm,0.177741183255355,0.8059820678159781,0.016276748928666773
scene1_antro_dominated_0435.wav,1,antro_dominated,cat,door_wood_knock,wind,0.016652698615857744,0.9275286664335753,0.055818634950566985
scene1_antro_dominated_0436.wav,1,antro_dominated,dog,glass_breaking,thunderstorm,0.01755618002083194,0.9598482881179575,0.022595531861210567
scene1_antro_dominated_0437.wav,1,antro_dominated,snoring,door_wood_creaks,rain,0.017322587517194257,0.8618566394701859,0.12082077301261995
scene1_antro_dominated_0438.wav,1,antro_dominated,clapping,washing_machine,rain,0.10665331647240534,0.8633366896025148,0.0300099939250798
scene1_antro_dominated_0439.wav,1,antro_dominated,frog,mouse_click,rain,0.11165550104315645,0.7568457053339969,0.13149879362284683
scene1_antro_dominated_0440.wav,1,antro_dominated,chirping_birds,can_opening,wind,0.0009957064025622605,0.7073879118343851,0.29161638176305266
scene1_antro_dominated_0441.wav,1,antro_dominated,crickets,hand_saw,wind,0.11417637447690816,0.8265362114981175,0.059287414024974304
scene1_antro_dominated_0442.wav,1,antro_dominated,laughing,pouring_water,crackling_fire,0.05900494534853831,0.9186992016109458,0.022295853040515828
scene1_antro_dominated_0443.wav,1,antro_dominated,sheep,airplane,thunderstorm,0.027785009786061767,0.9306024080390377,0.04161258217490072
scene1_antro_dominated_0444.wav,1,antro_dominated,cat,clock_tick,wind,0.03537555388146215,0.8537436330204664,0.11088081309807127
scene1_antro_dominated_0445.wav,1,antro_dominated,hen,car_horn,water_drops,0.00968616145231984,0.9701838963263105,0.02012994222136975
scene1_antro_dominated_0446.wav,1,antro_dominated,clapping,hand_saw,thunderstorm,0.1860632352797677,0.8049365285228455,0.009000236197386876
scene1_antro_dominated_0447.wav,1,antro_dominated,coughing,church_bells,sea_waves,0.1187067986183576,0.8157411194926526,0.0655520818889898
scene1_antro_dominated_0448.wav,1,antro_dominated,snoring,door_wood_creaks,rain,0.011121141168071244,0.9807293535120947,0.008149505319834188
scene1_antro_dominated_0449.wav,1,antro_dominated,laughing,clock_tick,crackling_fire,0.09610288596385919,0.5872240702728657,0.3166730437632753
scene1_antro_dominated_0450.wav,1,antro_dominated,hen,train,sea_waves,0.04249381314134135,0.8300437379269372,0.12746244893172148
scene1_antro_dominated_0451.wav,1,antro_dominated,coughing,clock_alarm,crackling_fire,0.06411279290423133,0.935322117422341,0.000565089673427717
scene1_antro_dominated_0452.wav,1,antro_dominated,cat,drinking_sipping,thunderstorm,0.0017930457814962029,0.9563465804973444,0.04186037372115937
scene1_antro_dominated_0453.wav,1,antro_dominated,crickets,church_bells,sea_waves,0.01656854492893768,0.9420874143695999,0.04134404070146256
scene1_antro_dominated_0454.wav,1,antro_dominated,crow,vacuum_cleaner,wind,0.06837208558503272,0.8813987587850693,0.05022915562989789
scene1_antro_dominated_0455.wav,1,antro_dominated,rooster,clock_tick,thunderstorm,0.034990567140560806,0.8991569625463605,0.06585247031307863
scene1_antro_dominated_0456.wav,1,antro_dominated,sheep,car_horn,sea_waves,0.05474408542674404,0.9417949102584864,0.003461004314769545
scene1_antro_dominated_0457.wav,1,antro_dominated,cat,helicopter,thunderstorm,0.1496430995469484,0.8121262644640683,0.038230635988983394
scene1_antro_dominated_0458.wav,1,antro_dominated,sneezing,airplane,thunderstorm,0.0019544536954244885,0.9692402773094203,0.028805268995155196
scene1_antro_dominated_0459.wav,1,antro_dominated,frog,glass_breaking,water_drops,0.2559820788672218,0.7214755842380377,0.022542336894740625
scene1_antro_dominated_0460.wav,1,antro_dominated,crow,hand_saw,water_drops,0.07767797510753331,0.7424009674621653,0.17992105743030146
scene1_antro_dominated_0461.wav,1,antro_dominated,cow,washing_machine,sea_waves,0.09021626012368364,0.7455972044770593,0.16418653539925693
scene1_antro_dominated_0462.wav,1,antro_dominated,hen,brushing_teeth,water_drops,0.04970073530278956,0.9310648476932297,0.019234417003980722
scene1_antro_dominated_0463.wav,1,antro_dominated,crow,helicopter,sea_waves,0.009538300288827637,0.9455118349180341,0.044949864793138256
scene1_antro_dominated_0464.wav,1,antro_dominated,rooster,car_horn,sea_waves,0.02854894697689998,0.8324529530133837,0.13899810000971627
scene1_antro_dominated_0465.wav,1,antro_dominated,clapping,train,thunderstorm,0.008586716317012433,0.921043529964486,0.07036975371850153
scene1_antro_dominated_0466.wav,1,antro_dominated,crying_baby,train,thunderstorm,0.05056003599184681,0.8559598631530403,0.09348010085511284
scene1_antro_dominated_0467.wav,1,antro_dominated,crickets,hand_saw,sea_waves,0.02610368882750403,0.9358570178401945,0.03803929333230157
scene1_antro_dominated_0468.wav,1,antro_dominated,snoring,car_horn,wind,0.0750669956832822,0.8143525608914255,0.11058044342529218
scene1_antro_dominated_0469.wav,1,antro_dominated,dog,keyboard_typing,sea_waves,0.0260232367781645,0.8667250346787454,0.10725172854309001
scene1_antro_dominated_0470.wav,1,antro_dominated,cow,toilet_flush,wind,0.06707596606902932,0.903804303878931,0.0291197300520397
scene1_antro_dominated_0471.wav,1,antro_dominated,insects,siren,water_drops,0.020437818018793224,0.962341940623791,0.017220241357415716
scene1_antro_dominated_0472.wav,1,antro_dominated,sneezing,clock_tick,thunderstorm,0.2928977565049929,0.7054977282505376,0.0016045152444696727
scene1_antro_dominated_0473.wav,1,antro_dominated,clapping,mouse_click,water_drops,0.12842783789439177,0.8247224232181571,0.04684973888745091
scene1_antro_dominated_0474.wav,1,antro_dominated,cat,vacuum_cleaner,water_drops,0.010733522902940551,0.9431068635727502,0.04615961352430925
scene1_antro_dominated_0475.wav,1,antro_dominated,cat,footsteps,crackling_fire,0.03994729666777256,0.8221385949691368,0.13791410836309068
scene1_antro_dominated_0476.wav,1,antro_dominated,chirping_birds,vacuum_cleaner,crackling_fire,0.05892800193732822,0.8513265385525635,0.08974545951010832
scene1_antro_dominated_0477.wav,1,antro_dominated,laughing,vacuum_cleaner,wind,0.09365342741448465,0.7865250143452784,0.1198215582402369
scene1_antro_dominated_0478.wav,1,antro_dominated,rooster,door_wood_creaks,thunderstorm,0.006638889214948005,0.9695190852690352,0.023842025516016815
scene1_antro_dominated_0479.wav,1,antro_dominated,dog,pouring_water,water_drops,0.14687721595751607,0.7520004287323613,0.10112235531012263
scene1_antro_dominated_0480.wav,1,antro_dominated,crying_baby,can_opening,thunderstorm,0.09359393038433603,0.857377213387287,0.049028856228376924
scene1_antro_dominated_0481.wav,1,antro_dominated,cow,fireworks,water_drops,0.014411571969268986,0.8925321741118186,0.09305625391891224
scene1_antro_dominated_0482.wav,1,antro_dominated,hen,toilet_flush,wind,0.002010903459336592,0.9806052536429332,0.017383842897730237
scene1_antro_dominated_0483.wav,1,antro_dominated,chirping_birds,church_bells,rain,0.009217483783303577,0.9372706439703653,0.053511872246331096
scene1_antro_dominated_0484.wav,1,antro_dominated,pig,siren,water_drops,0.14950807636301625,0.8029195194707821,0.047572404166201676
scene1_antro_dominated_0485.wav,1,antro_dominated,rooster,can_opening,sea_waves,0.021123690560971436,0.8615647992776868,0.11731151016134171
scene1_antro_dominated_0486.wav,1,antro_dominated,clapping,church_bells,rain,0.0131002222108898,0.8735086357149439,0.11339114207416634
scene1_antro_dominated_0487.wav,1,antro_dominated,cow,engine,sea_waves,0.012151514202348628,0.9200282727838761,0.06782021301377521
scene1_antro_dominated_0488.wav,1,antro_dominated,sneezing,fireworks,sea_waves,0.004037936485691911,0.9904128795558568,0.005549183958451175
scene1_antro_dominated_0489.wav,1,antro_dominated,pig,siren,sea_waves,0.024994077271100836,0.829590134870332,0.1454157878585672
scene1_antro_dominated_0490.wav,1,antro_dominated,clapping,drinking_sipping,sea_waves,0.030597873006002585,0.951814864196621,0.017587262797376425
scene1_antro_dominated_0491.wav,1,antro_dominated,pig,door_wood_creaks,water_drops,0.0001873621516834859,0.9917690688847656,0.008043568963550896
scene1_antro_dominated_0492.wav,1,antro_dominated,sheep,washing_machine,wind,0.14538659646831587,0.7719990647431438,0.08261433878854044
scene1_antro_dominated_0493.wav,1,antro_dominated,crickets,helicopter,rain,0.022963538744262997,0.944353771391748,0.032682689863989034
scene1_antro_dominated_0494.wav,1,antro_dominated,crow,footsteps,rain,0.0749366596817187,0.8927631871747387,0.03230015314354255
scene1_antro_dominated_0495.wav,1,antro_dominated,cow,brushing_teeth,wind,0.14454640969055024,0.8367294129554391,0.018724177354010867
scene1_antro_dominated_0496.wav,1,antro_dominated,crow,siren,wind,0.007603923359589553,0.8493006156103229,0.14309546103008758
scene1_antro_dominated_0497.wav,1,antro_dominated,hen,brushing_teeth,thunderstorm,0.06446981680839531,0.8892725608500406,0.04625762234156413
scene1_antro_dominated_0498.wav,1,antro_dominated,cow,clock_tick,sea_waves,0.019379693661309125,0.9769633374447037,0.0036569688939874266
scene1_antro_dominated_0499.wav,1,antro_dominated,cat,toilet_flush,wind,0.05674210994170341,0.8149092684499774,0.12834862160831914
scene2_geo_dominated_0000.wav,2,geo_dominated,coughing,drinking_sipping,thunderstorm,0.18394923686587708,0.009509637745555305,0.8065411253885677
scene2_geo_dominated_0001.wav,2,geo_dominated,laughing,vacuum_cleaner,wind,0.13684220532220615,0.17717581799767915,0.6859819766801147
scene2_geo_dominated_0002.wav,2,geo_dominated,insects,brushing_teeth,rain,0.08597341110466314,0.28105585894756346,0.6329707299477734
scene2_geo_dominated_0003.wav,2,geo_dominated,snoring,door_wood_creaks,rain,0.05607265431151227,0.10543933541300492,0.8384880102754828
scene2_geo_dominated_0004.wav,2,geo_dominated,sheep,train,crackling_fire,0.03429471603719218,0.11185781662330287,0.8538474673395051
scene2_geo_dominated_0005.wav,2,geo_dominated,crickets,keyboard_typing,thunderstorm,0.008022683761770715,0.009777471003051045,0.9821998452351781
scene2_geo_dominated_0006.wav,2,geo_dominated,pig,fireworks,thunderstorm,0.12814713476321624,0.016586520960915285,0.8552663442758685
scene2_geo_dominated_0007.wav,2,geo_dominated,crickets,brushing_teeth,wind,0.0336063798487002,0.07130451299033568,0.895089107160964
scene2_geo_dominated_0008.wav,2,geo_dominated,crickets,brushing_teeth,water_drops,0.11037004940713849,0.10597610299547099,0.7836538475973905
scene2_geo_dominated_0009.wav,2,geo_dominated,hen,clock_tick,water_drops,0.17575979361422675,0.05338449638460682,0.7708557100011664
scene2_geo_dominated_0010.wav,2,geo_dominated,cow,brushing_teeth,crackling_fire,0.160919243920268,0.019277213226846536,0.8198035428528854
scene2_geo_dominated_0011.wav,2,geo_dominated,coughing,chainsaw,wind,0.1144100507109834,0.25818340072936136,0.6274065485596553
scene2_geo_dominated_0012.wav,2,geo_dominated,insects,engine,crackling_fire,0.053669291956025565,0.11327618116822437,0.8330545268757502
scene2_geo_dominated_0013.wav,2,geo_dominated,frog,church_bells,sea_waves,0.0027809007654446983,0.121686100988534,0.8755329982460213
scene2_geo_dominated_0014.wav,2,geo_dominated,frog,helicopter,crackling_fire,0.005228664437555035,0.011754585228619309,0.9830167503338256
scene2_geo_dominated_0015.wav,2,geo_dominated,crickets,mouse_click,crackling_fire,0.19467627761599118,0.06132625803151247,0.7439974643524963
scene2_geo_dominated_0016.wav,2,geo_dominated,frog,door_wood_creaks,rain,0.055865686824330435,0.20893330692222714,0.7352010062534423
scene2_geo_dominated_0017.wav,2,geo_dominated,hen,chainsaw,wind,0.12327576627590676,0.05023190496773583,0.8264923287563575
scene2_geo_dominated_0018.wav,2,geo_dominated,crying_baby,washing_machine,wind,0.03214417530758582,0.1939344450718559,0.7739213796205583
scene2_geo_dominated_0019.wav,2,geo_dominated,cat,train,sea_waves,0.009460611380105849,0.17371108409311106,0.816828304526783
scene2_geo_dominated_0020.wav,2,geo_dominated,snoring,keyboard_typing,thunderstorm,0.11462671527181188,0.19924560952502532,0.6861276752031629
scene2_geo_dominated_0021.wav,2,geo_dominated,breathing,siren,crackling_fire,0.10772829628347566,0.058996570565367404,0.833275133151157
scene2_geo_dominated_0022.wav,2,geo_dominated,chirping_birds,footsteps,water_drops,0.04368617403219255,0.0219394682106273,0.9343743577571803
scene2_geo_dominated_0023.wav,2,geo_dominated,coughing,mouse_click,sea_waves,0.05067550065731968,0.03191427763085999,0.9174102217118204
scene2_geo_dominated_0024.wav,2,geo_dominated,crickets,clock_alarm,sea_waves,0.1421214528695137,0.12473774033455977,0.7331408067959266
scene2_geo_dominated_0025.wav,2,geo_dominated,snoring,pouring_water,rain,0.011082850757369936,0.0005013955949883559,0.9884157536476417
scene2_geo_dominated_0026.wav,2,geo_dominated,crying_baby,train,thunderstorm,0.03801910937315612,0.14848832234108017,0.8134925682857637
scene2_geo_dominated_0027.wav,2,geo_dominated,sheep,hand_saw,wind,0.02367144067031395,0.17257883012183867,0.8037497292078475
scene2_geo_dominated_0028.wav,2,geo_dominated,chirping_birds,hand_saw,wind,0.003403413931128917,0.10116888967785727,0.8954276963910139
scene2_geo_dominated_0029.wav,2,geo_dominated,rooster,chainsaw,water_drops,0.014440214583247636,0.033293070377919454,0.9522667150388329
scene2_geo_dominated_0030.wav,2,geo_dominated,snoring,drinking_sipping,thunderstorm,0.09207835090071005,0.003473936970989573,0.9044477121283006
scene2_geo_dominated_0031.wav,2,geo_dominated,rooster,drinking_sipping,wind,0.029085561227839937,0.27427221439001137,0.6966422243821486
scene2_geo_dominated_0032.wav,2,geo_dominated,insects,keyboard_typing,rain,0.007044186903361234,0.023946015806810134,0.9690097972898287
scene2_geo_dominated_0033.wav,2,geo_dominated,coughing,church_bells,rain,0.009007627980588987,0.023376029679062115,0.9676163423403488
scene2_geo_dominated_0034.wav,2,geo_dominated,hen,clock_tick,crackling_fire,0.37236704400686144,0.07336063110986872,0.55427232488327
scene2_geo_dominated_0035.wav,2,geo_dominated,cat,church_bells,sea_waves,0.018304278974558656,0.04834368944316552,0.9333520315822759
scene2_geo_dominated_0036.wav,2,geo_dominated,rooster,clock_alarm,crackling_fire,0.031192379070012165,0.062031599799393315,0.9067760211305945
scene2_geo_dominated_0037.wav,2,geo_dominated,cow,washing_machine,sea_waves,0.07847511465095192,0.26845160763801024,0.6530732777110377
scene2_geo_dominated_0038.wav,2,geo_dominated,frog,washing_machine,thunderstorm,0.15423936506979952,0.00643975128380268,0.8393208836463978
scene2_geo_dominated_0039.wav,2,geo_dominated,crow,can_opening,crackling_fire,0.1923304976301372,0.05842553421328354,0.7492439681565792
scene2_geo_dominated_0040.wav,2,geo_dominated,insects,vacuum_cleaner,wind,0.038600309728640314,0.03632333377741415,0.9250763564939454
scene2_geo_dominated_0041.wav,2,geo_dominated,clapping,clock_tick,sea_waves,0.04650029517098024,0.09262425782309328,0.8608754470059266
scene2_geo_dominated_0042.wav,2,geo_dominated,frog,hand_saw,water_drops,0.1008084946258021,0.019642634422756558,0.8795488709514413
scene2_geo_dominated_0043.wav,2,geo_dominated,cat,vacuum_cleaner,water_drops,0.05802598726908352,0.1317916146027834,0.8101823981281331
scene2_geo_dominated_0044.wav,2,geo_dominated,snoring,car_horn,thunderstorm,0.04173865834568099,0.10390617693579962,0.8543551647185194
scene2_geo_dominated_0045.wav,2,geo_dominated,hen,fireworks,rain,0.011097241078002234,0.009893170820484746,0.9790095881015131
scene2_geo_dominated_0046.wav,2,geo_dominated,dog,clock_alarm,rain,0.1892914364603479,0.11126578569037175,0.6994427778492803
scene2_geo_dominated_0047.wav,2,geo_dominated,frog,keyboard_typing,crackling_fire,0.1076908373528233,0.008099778748872993,0.8842093838983037
scene2_geo_dominated_0048.wav,2,geo_dominated,pig,pouring_water,sea_waves,0.1497574792008616,0.14525719587348213,0.7049853249256562
scene2_geo_dominated_0049.wav,2,geo_dominated,hen,can_opening,sea_waves,0.031445518119422526,0.010929483000870998,0.9576249988797064
scene2_geo_dominated_0050.wav,2,geo_dominated,laughing,footsteps,rain,0.13540702889944117,0.006712675654678138,0.8578802954458808
scene2_geo_dominated_0051.wav,2,geo_dominated,cow,airplane,sea_waves,0.028366254292155998,0.22796355629486725,0.7436701894129767
scene2_geo_dominated_0052.wav,2,geo_dominated,snoring,drinking_sipping,water_drops,0.19326109462758184,0.19827591063801914,0.6084629947343991
scene2_geo_dominated_0053.wav,2,geo_dominated,chirping_birds,vacuum_cleaner,thunderstorm,0.04020145449485756,0.0668415461766005,0.8929569993285419
scene2_geo_dominated_0054.wav,2,geo_dominated,cow,mouse_click,wind,0.00827392403777107,0.010615965028900007,0.981110110933329
scene2_geo_dominated_0055.wav,2,geo_dominated,crickets,church_bells,sea_waves,0.023082346017181014,0.06575251533204629,0.9111651386507726
scene2_geo_dominated_0056.wav,2,geo_dominated,chirping_birds,mouse_click,rain,0.14791777853777952,0.11642339675843287,0.7356588247037875
scene2_geo_dominated_0057.wav,2,geo_dominated,sheep,airplane,water_drops,0.12320180649725741,0.19417622743529594,0.6826219660674466
scene2_geo_dominated_0058.wav,2,geo_dominated,crickets,door_wood_creaks,wind,0.01130445997899178,0.12674854646782172,0.8619469935531866
scene2_geo_dominated_0059.wav,2,geo_dominated,hen,car_horn,water_drops,0.020552188966018587,0.17970673926634,0.7997410717676414
scene2_geo_dominated_0060.wav,2,geo_dominated,insects,toilet_flush,sea_waves,0.022676993240136716,0.07729087341025341,0.90003213334961
scene2_geo_dominated_0061.wav,2,geo_dominated,breathing,mouse_click,crackling_fire,0.06544230731085453,0.050567021961894755,0.8839906707272507
scene2_geo_dominated_0062.wav,2,geo_dominated,crow,hand_saw,sea_waves,0.0040783265671426,0.2039756308544517,0.7919460425784057
scene2_geo_dominated_0063.wav,2,geo_dominated,crow,airplane,water_drops,0.08106303542178664,0.071785130884726,0.8471518336934872
scene2_geo_dominated_0064.wav,2,geo_dominated,crying_baby,glass_breaking,rain,0.13015593968278172,0.07985711502115111,0.7899869452960674
scene2_geo_dominated_0065.wav,2,geo_dominated,coughing,washing_machine,rain,0.043387782235293396,0.041241610542203135,0.9153706072225034
scene2_geo_dominated_0066.wav,2,geo_dominated,insects,mouse_click,wind,0.05103191916612174,0.003803652742649869,0.9451644280912284
scene2_geo_dominated_0067.wav,2,geo_dominated,laughing,toilet_flush,sea_waves,0.04963076298291604,0.023417146533752552,0.9269520904833313
scene2_geo_dominated_0068.wav,2,geo_dominated,hen,engine,thunderstorm,0.0739381116317533,0.03550486059532768,0.8905570277729191
scene2_geo_dominated_0069.wav,2,geo_dominated,frog,door_wood_knock,wind,0.03094992790610941,0.08570088284544003,0.8833491892484506
scene2_geo_dominated_0070.wav,2,geo_dominated,cat,glass_breaking,water_drops,0.20861332621673784,0.17293255913462374,0.6184541146486385
scene2_geo_dominated_0071.wav,2,geo_dominated,chirping_birds,footsteps,rain,0.08783403323203187,0.04201544687043722,0.8701505198975309
scene2_geo_dominated_0072.wav,2,geo_dominated,insects,mouse_click,water_drops,0.03190395403454487,0.11296891454375092,0.8551271314217042
scene2_geo_dominated_0073.wav,2,geo_dominated,chirping_birds,clock_tick,thunderstorm,0.05732518581897685,0.02145337648725903,0.9212214376937641
scene2_geo_dominated_0074.wav,2,geo_dominated,snoring,toilet_flush,rain,0.02685839513006946,0.154194224815445,0.8189473800544855
scene2_geo_dominated_0075.wav,2,geo_dominated,insects,fireworks,water_drops,0.128332307956082,0.135645657671999,0.7360220343719189
scene2_geo_dominated_0076.wav,2,geo_dominated,coughing,siren,crackling_fire,0.008009361258355581,0.021745212235466604,0.9702454265061778
scene2_geo_dominated_0077.wav,2,geo_dominated,clapping,pouring_water,thunderstorm,0.05726036693828672,0.12018372355628926,0.8225559095054241
scene2_geo_dominated_0078.wav,2,geo_dominated,coughing,helicopter,thunderstorm,0.055206272857835775,0.24591984727319643,0.6988738798689678
scene2_geo_dominated_0079.wav,2,geo_dominated,clapping,door_wood_creaks,wind,0.0198012321415316,0.21093625829117482,0.7692625095672936
scene2_geo_dominated_0080.wav,2,geo_dominated,frog,pouring_water,crackling_fire,0.1765783364005503,0.06767947533168805,0.7557421882677617
scene2_geo_dominated_0081.wav,2,geo_dominated,clapping,washing_machine,sea_waves,0.02582776173523491,0.2645710361772708,0.7096012020874942
scene2_geo_dominated_0082.wav,2,geo_dominated,cow,door_wood_creaks,crackling_fire,0.045897515126539015,0.08951276871247472,0.8645897161609862
scene2_geo_dominated_0083.wav,2,geo_dominated,laughing,brushing_teeth,crackling_fire,0.04053281814519078,7.218685794366756e-05,0.9593949949968655
scene2_geo_dominated_0084.wav,2,geo_dominated,crickets,toilet_flush,crackling_fire,0.00020562981210360686,0.15861441959883535,0.841179950589061
scene2_geo_dominated_0085.wav,2,geo_dominated,snoring,helicopter,rain,0.12718921747093587,0.09280737309272133,0.7800034094363429
scene2_geo_dominated_0086.wav,2,geo_dominated,cow,airplane,wind,0.07876549895702696,0.0650793954912183,0.8561551055517548
scene2_geo_dominated_0087.wav,2,geo_dominated,cow,door_wood_creaks,crackling_fire,0.13905000924123392,0.14898089545092985,0.7119690953078363
scene2_geo_dominated_0088.wav,2,geo_dominated,dog,engine,crackling_fire,0.11753131746500206,0.046607586258141105,0.8358610962768569
scene2_geo_dominated_0089.wav,2,geo_dominated,hen,washing_machine,thunderstorm,0.16002541488511235,0.07428167943935136,0.7656929056755364
scene2_geo_dominated_0090.wav,2,geo_dominated,clapping,pouring_water,sea_waves,0.07251240996243229,0.018729473406143362,0.9087581166314244
scene2_geo_dominated_0091.wav,2,geo_dominated,cow,footsteps,wind,0.24406315362701925,0.05844525566060033,0.6974915907123805
scene2_geo_dominated_0092.wav,2,geo_dominated,snoring,door_wood_knock,water_drops,0.067685317505459,0.09659938688502721,0.8357152956095136
scene2_geo_dominated_0093.wav,2,geo_dominated,dog,pouring_water,wind,0.1514712105540392,0.240407524270123,0.6081212651758379
scene2_geo_dominated_0094.wav,2,geo_dominated,sheep,glass_breaking,water_drops,0.08484134128833822,0.03851701836426789,0.8766416403473938
scene2_geo_dominated_0095.wav,2,geo_dominated,insects,keyboard_typing,thunderstorm,0.019121317434262767,0.012723927417507417,0.9681547551482297
scene2_geo_dominated_0096.wav,2,geo_dominated,crying_baby,door_wood_knock,sea_waves,0.016749647014328878,0.22137723535119364,0.7618731176344776
scene2_geo_dominated_0097.wav,2,geo_dominated,hen,door_wood_knock,rain,0.058368033554871156,0.08519274375685608,0.8564392226882729
scene2_geo_dominated_0098.wav,2,geo_dominated,frog,airplane,wind,0.007785570723963232,0.1334313206641659,0.8587831086118709
scene2_geo_dominated_0099.wav,2,geo_dominated,insects,keyboard_typing,wind,0.07832993546933673,0.0689022619785997,0.8527678025520635
scene2_geo_dominated_0100.wav,2,geo_dominated,cat,hand_saw,wind,0.009998588514942364,0.14824169868967096,0.8417597127953865
scene2_geo_dominated_0101.wav,2,geo_dominated,cow,fireworks,sea_waves,0.00846355041741523,0.15579551953696616,0.8357409300456187
scene2_geo_dominated_0102.wav,2,geo_dominated,insects,siren,sea_waves,0.08144983714653532,0.044812456983677924,0.8737377058697868
scene2_geo_dominated_0103.wav,2,geo_dominated,crying_baby,door_wood_creaks,thunderstorm,0.13711148537698672,0.25453876994060787,0.6083497446824053
scene2_geo_dominated_0104.wav,2,geo_dominated,clapping,toilet_flush,rain,0.01975019045849667,0.10547231249249377,0.8747774970490095
scene2_geo_dominated_0105.wav,2,geo_dominated,cat,door_wood_knock,crackling_fire,0.2044457838821674,0.12250593391757794,0.6730482822002548
scene2_geo_dominated_0106.wav,2,geo_dominated,snoring,church_bells,water_drops,0.15482195970080592,0.06401613364401611,0.7811619066551778
scene2_geo_dominated_0107.wav,2,geo_dominated,cat,brushing_teeth,rain,0.20396770152664906,0.12021951237044902,0.6758127861029021
scene2_geo_dominated_0108.wav,2,geo_dominated,coughing,keyboard_typing,crackling_fire,0.201927704964361,0.06941814298973938,0.7286541520458996
scene2_geo_dominated_0109.wav,2,geo_dominated,frog,vacuum_cleaner,water_drops,0.13051103045712642,0.13813718657359556,0.731351782969278
scene2_geo_dominated_0110.wav,2,geo_dominated,pig,airplane,rain,0.09687911256270697,0.03722328024376805,0.8658976071935249
scene2_geo_dominated_0111.wav,2,geo_dominated,hen,glass_breaking,water_drops,0.09637851865309538,0.012044523159067086,0.8915769581878376
scene2_geo_dominated_0112.wav,2,geo_dominated,sneezing,door_wood_knock,wind,0.02311180804249333,0.06591331329754448,0.9109748786599621
scene2_geo_dominated_0113.wav,2,geo_dominated,hen,clock_alarm,water_drops,0.0027261963047977874,0.20411836003009076,0.7931554436651113
scene2_geo_dominated_0114.wav,2,geo_dominated,breathing,engine,water_drops,0.06678703750145064,0.2694817561821253,0.663731206316424
scene2_geo_dominated_0115.wav,2,geo_dominated,sheep,clock_tick,water_drops,0.02239853845056592,0.13993855802771382,0.8376629035217202
scene2_geo_dominated_0116.wav,2,geo_dominated,crow,church_bells,rain,0.020755427455455822,0.07611421057618475,0.9031303619683595
scene2_geo_dominated_0117.wav,2,geo_dominated,sheep,vacuum_cleaner,sea_waves,0.02380126318689117,0.02479346924683924,0.9514052675662695
scene2_geo_dominated_0118.wav,2,geo_dominated,laughing,car_horn,sea_waves,0.14110991065121592,0.057141279318865826,0.8017488100299184
scene2_geo_dominated_0119.wav,2,geo_dominated,clapping,clock_tick,sea_waves,0.08359247225947207,0.10105102469750579,0.8153565030430221
scene2_geo_dominated_0120.wav,2,geo_dominated,insects,brushing_teeth,thunderstorm,0.0890729651962221,0.019588231959494117,0.8913388028442837
scene2_geo_dominated_0121.wav,2,geo_dominated,breathing,airplane,crackling_fire,0.09314880419908984,0.006766024556441408,0.9000851712444689
scene2_geo_dominated_0122.wav,2,geo_dominated,cow,engine,thunderstorm,0.039083263347415347,0.05565302875709925,0.9052637078954853
scene2_geo_dominated_0123.wav,2,geo_dominated,clapping,engine,water_drops,0.16416539579575848,0.04282149171279258,0.7930131124914488
scene2_geo_dominated_0124.wav,2,geo_dominated,cow,clock_tick,rain,0.17055883589309542,0.05505569293648167,0.7743854711704229
scene2_geo_dominated_0125.wav,2,geo_dominated,breathing,clock_tick,rain,0.08373843291393396,0.003324494250034893,0.9129370728360312
scene2_geo_dominated_0126.wav,2,geo_dominated,cow,clock_tick,rain,0.18259355209019398,0.013751051979895056,0.803655395929911
scene2_geo_dominated_0127.wav,2,geo_dominated,cow,glass_breaking,rain,0.054521740669954105,0.0327083836757407,0.9127698756543051
scene2_geo_dominated_0128.wav,2,geo_dominated,cow,drinking_sipping,water_drops,0.06592938245791427,0.2016069809729361,0.7324636365691496
scene2_geo_dominated_0129.wav,2,geo_dominated,chirping_birds,helicopter,thunderstorm,0.02687702598753595,0.030496771103385244,0.9426262029090788
scene2_geo_dominated_0130.wav,2,geo_dominated,dog,door_wood_knock,water_drops,0.0008976242225689881,0.10712921949625434,0.8919731562811766
scene2_geo_dominated_0131.wav,2,geo_dominated,cow,clock_tick,water_drops,0.0331147925739663,0.1132495476236138,0.8536356598024198
scene2_geo_dominated_0132.wav,2,geo_dominated,cow,church_bells,water_drops,0.1459916316322949,0.05196193648202866,0.8020464318856764
scene2_geo_dominated_0133.wav,2,geo_dominated,coughing,keyboard_typing,water_drops,0.018315354105969617,0.017064119614584306,0.9646205262794461
scene2_geo_dominated_0134.wav,2,geo_dominated,chirping_birds,door_wood_knock,rain,0.032755266326568507,0.04603823957492124,0.9212064940985102
scene2_geo_dominated_0135.wav,2,geo_dominated,coughing,door_wood_knock,thunderstorm,0.14672548507135935,0.10071186198440081,0.7525626529442397
scene2_geo_dominated_0136.wav,2,geo_dominated,crow,train,sea_waves,0.172547846128125,0.2284210005702957,0.5990311533015792
scene2_geo_dominated_0137.wav,2,geo_dominated,insects,clock_tick,wind,0.13983574525385914,0.013609377341133795,0.846554877405007
scene2_geo_dominated_0138.wav,2,geo_dominated,snoring,fireworks,sea_waves,0.0008226008267261995,0.3510412186361338,0.6481361805371401
scene2_geo_dominated_0139.wav,2,geo_dominated,sneezing,drinking_sipping,crackling_fire,0.06796675998559469,0.04997624642799033,0.8820569935864149
scene2_geo_dominated_0140.wav,2,geo_dominated,sneezing,keyboard_typing,rain,0.11521378906997105,0.1808605994087695,0.7039256115212594
scene2_geo_dominated_0141.wav,2,geo_dominated,chirping_birds,pouring_water,rain,0.051613542054457964,0.0795248908781909,0.8688615670673511
scene2_geo_dominated_0142.wav,2,geo_dominated,pig,can_opening,rain,0.02189506780294899,0.05460406757899637,0.9235008646180547
scene2_geo_dominated_0143.wav,2,geo_dominated,insects,mouse_click,water_drops,0.14306458966546165,0.05045027295200557,0.8064851373825328
scene2_geo_dominated_0144.wav,2,geo_dominated,clapping,vacuum_cleaner,sea_waves,0.0027208284897905686,0.10398481473363383,0.8932943567765755
scene2_geo_dominated_0145.wav,2,geo_dominated,sheep,church_bells,thunderstorm,0.40670552415274186,0.02852787421877602,0.5647666016284821
scene2_geo_dominated_0146.wav,2,geo_dominated,pig,toilet_flush,water_drops,0.008703658464305451,0.16811930957128876,0.8231770319644057
scene2_geo_dominated_0147.wav,2,geo_dominated,crow,pouring_water,water_drops,0.08789850904008062,0.07997349327540955,0.8321279976845098
scene2_geo_dominated_0148.wav,2,geo_dominated,laughing,hand_saw,wind,0.019454220182418734,0.02830899762430216,0.952236782193279
scene2_geo_dominated_0149.wav,2,geo_dominated,snoring,car_horn,thunderstorm,0.07980936970015698,0.05670664082183379,0.8634839894780092
scene2_geo_dominated_0150.wav,2,geo_dominated,coughing,clock_alarm,sea_waves,0.04566787487444642,0.000578815803804818,0.9537533093217488
scene2_geo_dominated_0151.wav,2,geo_dominated,snoring,siren,thunderstorm,0.07048622592472124,0.13968769753477653,0.7898260765405022
scene2_geo_dominated_0152.wav,2,geo_dominated,clapping,keyboard_typing,crackling_fire,0.16845281174960985,0.042716687035103375,0.7888305012152869
scene2_geo_dominated_0153.wav,2,geo_dominated,chirping_birds,pouring_water,water_drops,0.17215275995860552,0.012848566899928382,0.814998673141466
scene2_geo_dominated_0154.wav,2,geo_dominated,cat,mouse_click,sea_waves,0.0255162099363058,0.10963649692713232,0.8648472931365617
scene2_geo_dominated_0155.wav,2,geo_dominated,breathing,clock_alarm,crackling_fire,0.06577774933053553,0.27808335994893413,0.6561388907205303
scene2_geo_dominated_0156.wav,2,geo_dominated,hen,airplane,sea_waves,0.06700988257385976,0.05103985570219297,0.8819502617239472
scene2_geo_dominated_0157.wav,2,geo_dominated,sneezing,chainsaw,rain,0.02332127148915992,0.04224450759917208,0.934434220911668
scene2_geo_dominated_0158.wav,2,geo_dominated,pig,toilet_flush,sea_waves,0.03680852822955716,0.020656819601547916,0.942534652168895
scene2_geo_dominated_0159.wav,2,geo_dominated,frog,siren,sea_waves,0.010840617596863387,0.03323007287814048,0.9559293095249962
scene2_geo_dominated_0160.wav,2,geo_dominated,chirping_birds,glass_breaking,crackling_fire,0.04464239534351652,0.04782786323206047,0.9075297414244229
scene2_geo_dominated_0161.wav,2,geo_dominated,frog,drinking_sipping,rain,0.11366249041336611,0.018539416203697187,0.8677980933829368
scene2_geo_dominated_0162.wav,2,geo_dominated,insects,airplane,water_drops,0.034330359311875565,0.016155217771477288,0.9495144229166471
scene2_geo_dominated_0163.wav,2,geo_dominated,sheep,door_wood_creaks,crackling_fire,0.023022874819431494,0.12147312521210576,0.8555039999684626
scene2_geo_dominated_0164.wav,2,geo_dominated,hen,clock_alarm,wind,0.018357260999561538,0.12908581259367116,0.8525569264067672
scene2_geo_dominated_0165.wav,2,geo_dominated,cow,airplane,crackling_fire,0.0710831861330942,0.10090912888270721,0.8280076849841985
scene2_geo_dominated_0166.wav,2,geo_dominated,hen,vacuum_cleaner,rain,0.12559601817227217,0.11214449895860484,0.762259482869123
scene2_geo_dominated_0167.wav,2,geo_dominated,coughing,pouring_water,crackling_fire,0.014277707848015552,0.04054364932571534,0.9451786428262691
scene2_geo_dominated_0168.wav,2,geo_dominated,crying_baby,drinking_sipping,water_drops,0.015911464301929107,0.0588895547144446,0.9251989809836263
scene2_geo_dominated_0169.wav,2,geo_dominated,crow,door_wood_creaks,rain,0.08647597387156827,0.03789155253613706,0.8756324735922947
scene2_geo_dominated_0170.wav,2,geo_dominated,cow,footsteps,wind,0.0675204418569273,0.0801386359528115,0.8523409221902611
scene2_geo_dominated_0171.wav,2,geo_dominated,crying_baby,airplane,thunderstorm,0.04743562885270705,0.020454185729154008,0.932110185418139
scene2_geo_dominated_0172.wav,2,geo_dominated,sneezing,glass_breaking,thunderstorm,0.00467442078003819,0.034183259493035224,0.9611423197269267
scene2_geo_dominated_0173.wav,2,geo_dominated,cow,door_wood_knock,rain,0.10955588661541263,0.01813318950655033,0.872310923878037
scene2_geo_dominated_0174.wav,2,geo_dominated,cow,door_wood_knock,wind,0.08257386224185649,0.09836769440906305,0.8190584433490804
scene2_geo_dominated_0175.wav,2,geo_dominated,snoring,car_horn,thunderstorm,0.07863857781878315,0.017706138288509417,0.9036552838927074
scene2_geo_dominated_0176.wav,2,geo_dominated,cow,clock_alarm,thunderstorm,0.12927787186533457,0.033784976458521083,0.8369371516761445
scene2_geo_dominated_0177.wav,2,geo_dominated,crow,clock_alarm,thunderstorm,0.07638090392044886,0.013733892948034593,0.9098852031315166
scene2_geo_dominated_0178.wav,2,geo_dominated,crying_baby,clock_alarm,rain,0.0963278543345735,0.05864787292394881,0.8450242727414776
scene2_geo_dominated_0179.wav,2,geo_dominated,cow,engine,water_drops,0.0721823681223874,0.09961285077946483,0.8282047810981478
scene2_geo_dominated_0180.wav,2,geo_dominated,cat,mouse_click,thunderstorm,0.14031441924485227,0.01138198912227174,0.8483035916328759
scene2_geo_dominated_0181.wav,2,geo_dominated,laughing,fireworks,crackling_fire,0.06503112142266684,0.012288017853691038,0.9226808607236421
scene2_geo_dominated_0182.wav,2,geo_dominated,hen,brushing_teeth,sea_waves,0.025595386576247655,0.005123307024659803,0.9692813063990925
scene2_geo_dominated_0183.wav,2,geo_dominated,cat,siren,rain,0.022280562454068443,0.12099338213943069,0.8567260554065009
scene2_geo_dominated_0184.wav,2,geo_dominated,crickets,door_wood_knock,water_drops,0.06643965762884334,0.17761653766776897,0.7559438047033877
scene2_geo_dominated_0185.wav,2,geo_dominated,insects,car_horn,thunderstorm,0.09362956933316527,0.022204152505038977,0.8841662781617958
scene2_geo_dominated_0186.wav,2,geo_dominated,hen,pouring_water,thunderstorm,0.20973993491689316,0.08584600865783881,0.7044140564252681
scene2_geo_dominated_0187.wav,2,geo_dominated,crying_baby,hand_saw,thunderstorm,0.025280429535049526,0.20236185838494383,0.7723577120800067
scene2_geo_dominated_0188.wav,2,geo_dominated,sheep,glass_breaking,thunderstorm,0.027290989887336824,0.013744504334720938,0.9589645057779421
scene2_geo_dominated_0189.wav,2,geo_dominated,coughing,footsteps,crackling_fire,0.2123215760420473,0.007484283705275438,0.7801941402526774
scene2_geo_dominated_0190.wav,2,geo_dominated,frog,clock_alarm,rain,0.021452159440577673,0.06188188905678151,0.9166659515026407
scene2_geo_dominated_0191.wav,2,geo_dominated,cat,pouring_water,rain,0.027656667965735154,0.16484060773313475,0.8075027243011301
scene2_geo_dominated_0192.wav,2,geo_dominated,crickets,keyboard_typing,sea_waves,0.03716550664786855,0.0720801478322344,0.890754345519897
scene2_geo_dominated_0193.wav,2,geo_dominated,clapping,helicopter,wind,0.040590493381369254,0.0029959581584788034,0.9564135484601519
scene2_geo_dominated_0194.wav,2,geo_dominated,coughing,clock_alarm,crackling_fire,0.0031362427913802487,0.08752458384324825,0.9093391733653716
scene2_geo_dominated_0195.wav,2,geo_dominated,crow,keyboard_typing,sea_waves,0.029480987224103146,0.004106770204395707,0.9664122425715012
scene2_geo_dominated_0196.wav,2,geo_dominated,frog,can_opening,wind,0.09270605311025033,0.04834124604215641,0.8589527008475931
scene2_geo_dominated_0197.wav,2,geo_dominated,sheep,church_bells,rain,0.06648442314556464,0.13042693937731317,0.8030886374771222
scene2_geo_dominated_0198.wav,2,geo_dominated,chirping_birds,brushing_teeth,wind,0.1852440986688856,0.03442973911352289,0.7803261622175915
scene2_geo_dominated_0199.wav,2,geo_dominated,chirping_birds,engine,thunderstorm,0.230465242720627,0.05104086991104168,0.7184938873683312
scene2_geo_dominated_0200.wav,2,geo_dominated,sneezing,helicopter,thunderstorm,0.006006574461223053,0.3025507107655389,0.6914427147732382
scene2_geo_dominated_0201.wav,2,geo_dominated,chirping_birds,toilet_flush,water_drops,0.08736998802313532,0.055527994561797245,0.8571020174150673
scene2_geo_dominated_0202.wav,2,geo_dominated,sheep,mouse_click,water_drops,0.1296263541559165,0.014013535070461255,0.8563601107736222
scene2_geo_dominated_0203.wav,2,geo_dominated,sneezing,helicopter,sea_waves,0.007173114871816251,0.10491065640791102,0.8879162287202728
scene2_geo_dominated_0204.wav,2,geo_dominated,chirping_birds,airplane,thunderstorm,0.026198714312030576,0.15415926306617322,0.8196420226217964
scene2_geo_dominated_0205.wav,2,geo_dominated,clapping,fireworks,wind,0.3557342863687048,0.013030645918356036,0.6312350677129392
scene2_geo_dominated_0206.wav,2,geo_dominated,insects,clock_alarm,wind,0.003802207669511089,0.14549063761753978,0.8507071547129491
scene2_geo_dominated_0207.wav,2,geo_dominated,crow,siren,thunderstorm,0.15532669430328838,0.05737318783863441,0.7873001178580771
scene2_geo_dominated_0208.wav,2,geo_dominated,dog,footsteps,wind,0.028713080804073147,0.01016775683372754,0.9611191623621994
scene2_geo_dominated_0209.wav,2,geo_dominated,sheep,siren,wind,0.005818482695625808,0.005088430357739275,0.9890930869466349
scene2_geo_dominated_0210.wav,2,geo_dominated,breathing,brushing_teeth,wind,0.05392898428882599,0.1516708373667797,0.7944001783443944
scene2_geo_dominated_0211.wav,2,geo_dominated,hen,footsteps,thunderstorm,0.08149194854992335,0.09153132251966535,0.8269767289304113
scene2_geo_dominated_0212.wav,2,geo_dominated,sneezing,pouring_water,thunderstorm,0.013850448274816395,0.19280929071980538,0.7933402610053781
scene2_geo_dominated_0213.wav,2,geo_dominated,pig,clock_tick,wind,0.07643519412985796,0.2545316799391128,0.6690331259310293
scene2_geo_dominated_0214.wav,2,geo_dominated,crying_baby,can_opening,water_drops,0.06804193737769287,0.04136363929812672,0.8905944233241804
scene2_geo_dominated_0215.wav,2,geo_dominated,insects,footsteps,sea_waves,0.0105181014825079,0.14399799677249678,0.8454839017449953
scene2_geo_dominated_0216.wav,2,geo_dominated,crickets,pouring_water,wind,0.20008020344184052,0.11650441450486815,0.6834153820532913
scene2_geo_dominated_0217.wav,2,geo_dominated,laughing,door_wood_creaks,wind,0.1021057293675558,0.17059830959544486,0.7272959610369993
scene2_geo_dominated_0218.wav,2,geo_dominated,cat,train,crackling_fire,0.03427715995942712,0.05042188022349911,0.9153009598170737
scene2_geo_dominated_0219.wav,2,geo_dominated,cow,door_wood_creaks,sea_waves,0.012311665379288518,0.07775317620542144,0.90993515841529
scene2_geo_dominated_0220.wav,2,geo_dominated,clapping,door_wood_creaks,thunderstorm,0.06581127833867419,0.046178168892331894,0.888010552768994
scene2_geo_dominated_0221.wav,2,geo_dominated,crying_baby,brushing_teeth,water_drops,0.020567568778977766,0.09833562814110203,0.8810968030799201
scene2_geo_dominated_0222.wav,2,geo_dominated,chirping_birds,chainsaw,crackling_fire,0.1502398153539603,0.05609158811930733,0.7936685965267325
scene2_geo_dominated_0223.wav,2,geo_dominated,frog,airplane,rain,0.03295136344010644,0.11439295262398502,0.8526556839359086
scene2_geo_dominated_0224.wav,2,geo_dominated,crying_baby,chainsaw,wind,0.05332409351031976,0.26559793369824347,0.6810779727914368
scene2_geo_dominated_0225.wav,2,geo_dominated,sneezing,fireworks,crackling_fire,0.12272860943149044,0.06344002329320358,0.8138313672753059
scene2_geo_dominated_0226.wav,2,geo_dominated,rooster,can_opening,sea_waves,0.13033673047434102,0.23600860098968482,0.6336546685359742
scene2_geo_dominated_0227.wav,2,geo_dominated,crow,church_bells,wind,0.05868177332144889,0.0008290330124710691,0.94048919366608
scene2_geo_dominated_0228.wav,2,geo_dominated,cow,fireworks,water_drops,0.012170326898820208,0.05811699581861009,0.9297126772825697
scene2_geo_dominated_0229.wav,2,geo_dominated,snoring,clock_alarm,rain,0.004491550823202519,0.28594426591352984,0.7095641832632676
scene2_geo_dominated_0230.wav,2,geo_dominated,crow,chainsaw,crackling_fire,0.20464446905761605,0.0011498111329293471,0.7942057198094546
scene2_geo_dominated_0231.wav,2,geo_dominated,cow,car_horn,wind,0.12605587219959102,0.24013901327130727,0.6338051145291017
scene2_geo_dominated_0232.wav,2,geo_dominated,rooster,brushing_teeth,thunderstorm,0.0022163644368401324,0.05842638893660366,0.9393572466265562
scene2_geo_dominated_0233.wav,2,geo_dominated,hen,helicopter,water_drops,0.24150393840232318,0.2020262514895461,0.5564698101081307
scene2_geo_dominated_0234.wav,2,geo_dominated,crying_baby,vacuum_cleaner,sea_waves,0.030514734225142233,0.1440085714836392,0.8254766942912185
scene2_geo_dominated_0235.wav,2,geo_dominated,frog,airplane,crackling_fire,0.02605615288892232,0.16853695406612734,0.8054068930449505
scene2_geo_dominated_0236.wav,2,geo_dominated,crying_baby,drinking_sipping,rain,0.17121840726281237,0.021014144016385863,0.8077674487208019
scene2_geo_dominated_0237.wav,2,geo_dominated,laughing,clock_alarm,crackling_fire,0.05670483672278815,0.1353589917793571,0.8079361714978547
scene2_geo_dominated_0238.wav,2,geo_dominated,crow,door_wood_knock,thunderstorm,0.030712110674659277,0.1181898854745638,0.8510980038507768
scene2_geo_dominated_0239.wav,2,geo_dominated,cow,airplane,thunderstorm,0.06898197757723637,0.06274652851518042,0.8682714939075832
scene2_geo_dominated_0240.wav,2,geo_dominated,cat,can_opening,wind,0.06929208868848181,0.1424172487400451,0.7882906625714732
scene2_geo_dominated_0241.wav,2,geo_dominated,dog,church_bells,water_drops,6.529377193679105e-05,0.002003527894991142,0.997931178333072
scene2_geo_dominated_0242.wav,2,geo_dominated,clapping,vacuum_cleaner,sea_waves,0.14157100335438932,0.013981041798340501,0.8444479548472702
scene2_geo_dominated_0243.wav,2,geo_dominated,chirping_birds,drinking_sipping,crackling_fire,0.019608740562965535,0.05098000448918166,0.9294112549478527
scene2_geo_dominated_0244.wav,2,geo_dominated,crickets,fireworks,rain,0.18075902796737056,0.04981758364063301,0.7694233883919963
scene2_geo_dominated_0245.wav,2,geo_dominated,cat,train,thunderstorm,0.1580551241654441,0.04780272574591908,0.7941421500886369
scene2_geo_dominated_0246.wav,2,geo_dominated,crickets,brushing_teeth,rain,0.024414290335480388,0.13144946291316228,0.8441362467513573
scene2_geo_dominated_0247.wav,2,geo_dominated,crickets,toilet_flush,rain,0.03355137774206175,0.016990429911911676,0.9494581923460266
scene2_geo_dominated_0248.wav,2,geo_dominated,breathing,hand_saw,wind,0.026897016162604877,0.02196768935736411,0.9511352944800309
scene2_geo_dominated_0249.wav,2,geo_dominated,crickets,church_bells,rain,0.15302600708375125,0.14831822261149338,0.6986557703047555
scene2_geo_dominated_0250.wav,2,geo_dominated,snoring,drinking_sipping,thunderstorm,0.05000990970937741,0.009310579289693127,0.9406795110009296
scene2_geo_dominated_0251.wav,2,geo_dominated,sneezing,keyboard_typing,thunderstorm,0.010363738241562817,0.04711931692703473,0.9425169448314026
scene2_geo_dominated_0252.wav,2,geo_dominated,laughing,washing_machine,thunderstorm,0.011228839073747764,0.04599934380200905,0.9427718171242432
scene2_geo_dominated_0253.wav,2,geo_dominated,crickets,helicopter,thunderstorm,0.1508055085116081,0.054963213652176914,0.794231277836215
scene2_geo_dominated_0254.wav,2,geo_dominated,chirping_birds,clock_tick,thunderstorm,0.13323009118327786,0.16006648258935263,0.7067034262273696
scene2_geo_dominated_0255.wav,2,geo_dominated,dog,glass_breaking,water_drops,0.19974510818164656,0.06577992558014456,0.7344749662382087
scene2_geo_dominated_0256.wav,2,geo_dominated,crickets,washing_machine,rain,0.1967207652955195,0.02405531174947335,0.7792239229550071
scene2_geo_dominated_0257.wav,2,geo_dominated,rooster,door_wood_creaks,rain,0.1771005050489395,0.2088667610203653,0.6140327339306951
scene2_geo_dominated_0258.wav,2,geo_dominated,rooster,door_wood_creaks,thunderstorm,0.03583823415750943,0.023382584198654827,0.9407791816438358
scene2_geo_dominated_0259.wav,2,geo_dominated,dog,door_wood_knock,wind,0.04474359523951175,0.010648338708591307,0.944608066051897
scene2_geo_dominated_0260.wav,2,geo_dominated,crickets,washing_machine,water_drops,0.024652042729173713,0.12554921877289876,0.8497987384979275
scene2_geo_dominated_0261.wav,2,geo_dominated,breathing,glass_breaking,water_drops,0.247464092903062,0.0032357565068251225,0.7493001505901128
scene2_geo_dominated_0262.wav,2,geo_dominated,rooster,airplane,sea_waves,0.05877398766468455,0.07279357108675505,0.8684324412485603
scene2_geo_dominated_0263.wav,2,geo_dominated,hen,church_bells,wind,0.019043089106283394,0.05052320008928005,0.9304337108044365
scene2_geo_dominated_0264.wav,2,geo_dominated,clapping,hand_saw,wind,0.04966054478982505,0.04631917995409693,0.9040202752560781
scene2_geo_dominated_0265.wav,2,geo_dominated,breathing,door_wood_creaks,sea_waves,0.10690940483713743,0.011778026224867524,0.881312568937995
scene2_geo_dominated_0266.wav,2,geo_dominated,crow,vacuum_cleaner,sea_waves,0.01944630100974175,0.035154218193540254,0.945399480796718
scene2_geo_dominated_0267.wav,2,geo_dominated,rooster,door_wood_knock,wind,0.007438289000001901,0.04312261107579268,0.9494390999242055
scene2_geo_dominated_0268.wav,2,geo_dominated,sneezing,fireworks,sea_waves,0.14970961906229593,0.18205571754680516,0.668234663390899
scene2_geo_dominated_0269.wav,2,geo_dominated,sheep,glass_breaking,thunderstorm,0.07952930462784034,0.07242242487975012,0.8480482704924096
scene2_geo_dominated_0270.wav,2,geo_dominated,sheep,door_wood_knock,wind,0.11781721766924107,0.13396449408424085,0.7482182882465181
scene2_geo_dominated_0271.wav,2,geo_dominated,cat,fireworks,crackling_fire,0.041065913641520645,0.10853353757792875,0.8504005487805507
scene2_geo_dominated_0272.wav,2,geo_dominated,dog,clock_tick,rain,0.03319540478474078,0.28331754099428735,0.683487054220972
scene2_geo_dominated_0273.wav,2,geo_dominated,frog,footsteps,thunderstorm,0.028400146823931004,0.3546560597809627,0.6169437933951064
scene2_geo_dominated_0274.wav,2,geo_dominated,sneezing,door_wood_knock,thunderstorm,0.054007043395348495,0.1763311524382742,0.7696618041663773
scene2_geo_dominated_0275.wav,2,geo_dominated,dog,chainsaw,thunderstorm,0.01945985530610591,0.03829483647779126,0.942245308216103
scene2_geo_dominated_0276.wav,2,geo_dominated,snoring,church_bells,crackling_fire,0.0910409534316907,0.16505188933462503,0.7439071572336843
scene2_geo_dominated_0277.wav,2,geo_dominated,cow,airplane,water_drops,0.03440661186969894,0.09440206577373303,0.8711913223565682
scene2_geo_dominated_0278.wav,2,geo_dominated,frog,toilet_flush,rain,0.050743106257613683,0.005575436371928612,0.9436814573704576
scene2_geo_dominated_0279.wav,2,geo_dominated,coughing,engine,sea_waves,0.07713002372985223,0.14542422663459997,0.7774457496355477
scene2_geo_dominated_0280.wav,2,geo_dominated,insects,chainsaw,wind,0.12565015523176432,0.0737900933246046,0.8005597514436311
scene2_geo_dominated_0281.wav,2,geo_dominated,chirping_birds,chainsaw,water_drops,0.02176895931279912,0.2380498709243822,0.7401811697628188
scene2_geo_dominated_0282.wav,2,geo_dominated,coughing,hand_saw,sea_waves,0.010965008625137582,0.1129288841739279,0.8761061072009344
scene2_geo_dominated_0283.wav,2,geo_dominated,cat,siren,rain,0.0036105456725378303,0.05483625107389294,0.9415532032535693
scene2_geo_dominated_0284.wav,2,geo_dominated,chirping_birds,car_horn,thunderstorm,0.018492643025094735,0.05899437957964455,0.9225129773952607
scene2_geo_dominated_0285.wav,2,geo_dominated,crow,siren,thunderstorm,0.09933577293134489,0.14827799717955562,0.7523862298890995
scene2_geo_dominated_0286.wav,2,geo_dominated,chirping_birds,washing_machine,rain,0.05869084290193411,0.06565295329299106,0.8756562038050748
scene2_geo_dominated_0287.wav,2,geo_dominated,sneezing,brushing_teeth,thunderstorm,0.06897008158925436,0.05018016101999597,0.8808497573907498
scene2_geo_dominated_0288.wav,2,geo_dominated,chirping_birds,chainsaw,wind,0.07298810761862194,0.09285760584694022,0.834154286534438
scene2_geo_dominated_0289.wav,2,geo_dominated,rooster,brushing_teeth,water_drops,0.005751656113920212,0.05609441374780202,0.9381539301382777
scene2_geo_dominated_0290.wav,2,geo_dominated,rooster,clock_alarm,wind,0.16293555047506658,0.2044909833823814,0.6325734661425522
scene2_geo_dominated_0291.wav,2,geo_dominated,chirping_birds,siren,water_drops,0.25580370906141997,0.06150439546139514,0.682691895477185
scene2_geo_dominated_0292.wav,2,geo_dominated,rooster,washing_machine,rain,0.025539468712298376,0.0647373927975585,0.9097231384901431
scene2_geo_dominated_0293.wav,2,geo_dominated,coughing,can_opening,thunderstorm,0.3504879879126458,0.04196543043631543,0.6075465816510388
scene2_geo_dominated_0294.wav,2,geo_dominated,cat,fireworks,sea_waves,0.142799720355017,0.061144949195104756,0.7960553304498783
scene2_geo_dominated_0295.wav,2,geo_dominated,sneezing,hand_saw,rain,0.0292289313150817,0.017852508110639348,0.9529185605742789
scene2_geo_dominated_0296.wav,2,geo_dominated,cow,glass_breaking,crackling_fire,0.16238955907251523,0.3302261533002519,0.507384287627233
scene2_geo_dominated_0297.wav,2,geo_dominated,cow,car_horn,sea_waves,0.012425027318330516,0.15929314939124442,0.828281823290425
scene2_geo_dominated_0298.wav,2,geo_dominated,crickets,footsteps,thunderstorm,0.1383952796107483,0.13551682241336607,0.7260878979758858
scene2_geo_dominated_0299.wav,2,geo_dominated,crickets,toilet_flush,sea_waves,0.07734947434130839,0.10133690443597648,0.8213136212227151
scene2_geo_dominated_0300.wav,2,geo_dominated,cow,washing_machine,wind,0.013788286740282988,0.08502853072445789,0.9011831825352591
scene2_geo_dominated_0301.wav,2,geo_dominated,rooster,helicopter,thunderstorm,0.36113571547572154,0.06377322238371334,0.5750910621405652
scene2_geo_dominated_0302.wav,2,geo_dominated,pig,glass_breaking,wind,0.061182905724146815,0.06201483066863494,0.8768022636072184
scene2_geo_dominated_0303.wav,2,geo_dominated,chirping_birds,church_bells,crackling_fire,0.18612992552997615,0.025342064495614873,0.7885280099744091
scene2_geo_dominated_0304.wav,2,geo_dominated,breathing,engine,thunderstorm,0.00204004482945724,0.17558957120313112,0.8223703839674117
scene2_geo_dominated_0305.wav,2,geo_dominated,rooster,footsteps,sea_waves,0.14624027223553807,0.023586240632577655,0.8301734871318842
scene2_geo_dominated_0306.wav,2,geo_dominated,laughing,engine,water_drops,0.0504788704989458,0.013715901621089186,0.935805227879965
scene2_geo_dominated_0307.wav,2,geo_dominated,sheep,engine,sea_waves,0.03287077775608219,0.29844617623233466,0.6686830460115831
scene2_geo_dominated_0308.wav,2,geo_dominated,coughing,clock_tick,rain,0.1572580012535474,0.05341791358669792,0.7893240851597547
scene2_geo_dominated_0309.wav,2,geo_dominated,frog,mouse_click,crackling_fire,0.10621928999189834,0.007548056223967529,0.8862326537841341
scene2_geo_dominated_0310.wav,2,geo_dominated,insects,clock_alarm,sea_waves,0.03425348718425151,0.06505308730397678,0.9006934255117717
scene2_geo_dominated_0311.wav,2,geo_dominated,laughing,fireworks,wind,0.12749037040084937,0.15170380132749403,0.7208058282716567
scene2_geo_dominated_0312.wav,2,geo_dominated,hen,train,wind,0.07575684763041118,0.0676345733399632,0.8566085790296257
scene2_geo_dominated_0313.wav,2,geo_dominated,coughing,church_bells,thunderstorm,0.07701686949130955,0.007829229576809045,0.9151539009318815
scene2_geo_dominated_0314.wav,2,geo_dominated,crow,mouse_click,wind,0.09516505757719672,0.1774736096894815,0.7273613327333217
scene2_geo_dominated_0315.wav,2,geo_dominated,crying_baby,drinking_sipping,sea_waves,0.010908133260164122,0.33364727454235543,0.6554445921974805
scene2_geo_dominated_0316.wav,2,geo_dominated,chirping_birds,hand_saw,rain,0.015342308980134682,0.1253346222542334,0.8593230687656319
scene2_geo_dominated_0317.wav,2,geo_dominated,chirping_birds,clock_alarm,sea_waves,0.0494488440423952,0.06651115149676197,0.8840400044608429
scene2_geo_dominated_0318.wav,2,geo_dominated,snoring,door_wood_knock,sea_waves,0.0027355400120532437,0.11472808021160029,0.8825363797763466
scene2_geo_dominated_0319.wav,2,geo_dominated,dog,hand_saw,sea_waves,0.09833070847923918,0.031759032753290534,0.8699102587674703
scene2_geo_dominated_0320.wav,2,geo_dominated,sheep,door_wood_knock,water_drops,0.1154359786466299,0.07762797219314359,0.8069360491602265
scene2_geo_dominated_0321.wav,2,geo_dominated,crying_baby,drinking_sipping,wind,0.08928100788694876,0.05180768536550217,0.8589113067475491
scene2_geo_dominated_0322.wav,2,geo_dominated,rooster,washing_machine,wind,0.09483682596710284,0.150109817827924,0.7550533562049733
scene2_geo_dominated_0323.wav,2,geo_dominated,cow,siren,crackling_fire,0.05357925314074073,0.12875249174627518,0.8176682551129839
scene2_geo_dominated_0324.wav,2,geo_dominated,sneezing,clock_alarm,thunderstorm,0.11398141624422166,0.06327260274103003,0.8227459810147484
scene2_geo_dominated_0325.wav,2,geo_dominated,sheep,pouring_water,crackling_fire,0.028565335560929005,0.12593545984512963,0.8454992045939413
scene2_geo_dominated_0326.wav,2,geo_dominated,frog,car_horn,rain,0.059440859712728965,0.07035896056118943,0.8702001797260817
scene2_geo_dominated_0327.wav,2,geo_dominated,sheep,washing_machine,wind,0.0608722072002378,0.1011327659883116,0.8379950268114504
scene2_geo_dominated_0328.wav,2,geo_dominated,sneezing,clock_alarm,water_drops,0.06550694732386632,0.020847951673049255,0.9136451010030844
scene2_geo_dominated_0329.wav,2,geo_dominated,dog,glass_breaking,sea_waves,0.0766296206393633,0.1335860513817981,0.7897843279788388
scene2_geo_dominated_0330.wav,2,geo_dominated,sheep,keyboard_typing,crackling_fire,0.034865782372846585,0.06632570333492475,0.8988085142922286
scene2_geo_dominated_0331.wav,2,geo_dominated,crying_baby,church_bells,wind,0.24097695470857314,0.10257270666504259,0.6564503386263842
scene2_geo_dominated_0332.wav,2,geo_dominated,coughing,siren,rain,0.04307323156476589,0.11406148182066683,0.8428652866145673
scene2_geo_dominated_0333.wav,2,geo_dominated,dog,drinking_sipping,wind,0.0502732144113865,0.020092156043302275,0.9296346295453112
scene2_geo_dominated_0334.wav,2,geo_dominated,snoring,mouse_click,sea_waves,0.046625219804102454,0.05248995840534449,0.9008848217905531
scene2_geo_dominated_0335.wav,2,geo_dominated,cat,vacuum_cleaner,wind,0.06387191886246817,0.201925407908052,0.7342026732294799
scene2_geo_dominated_0336.wav,2,geo_dominated,insects,airplane,rain,0.004553983803072859,0.008074175390226727,0.9873718408067005
scene2_geo_dominated_0337.wav,2,geo_dominated,cow,church_bells,wind,0.12667710816076058,0.03733267329047828,0.8359902185487611
scene2_geo_dominated_0338.wav,2,geo_dominated,clapping,footsteps,water_drops,0.22030401103386021,0.02981670968481727,0.7498792792813225
scene2_geo_dominated_0339.wav,2,geo_dominated,hen,car_horn,water_drops,0.038629539296545716,0.026255177158891554,0.9351152835445626
scene2_geo_dominated_0340.wav,2,geo_dominated,coughing,glass_breaking,thunderstorm,0.03215972303294152,0.00822414289688462,0.9596161340701739
scene2_geo_dominated_0341.wav,2,geo_dominated,snoring,door_wood_creaks,sea_waves,0.01136303987187535,0.09038233420426262,0.8982546259238621
scene2_geo_dominated_0342.wav,2,geo_dominated,dog,airplane,thunderstorm,0.09795263136728874,0.031244173128601033,0.8708031955041102
scene2_geo_dominated_0343.wav,2,geo_dominated,sheep,drinking_sipping,wind,0.2141789942311949,0.010344237059687917,0.7754767687091172
scene2_geo_dominated_0344.wav,2,geo_dominated,breathing,mouse_click,crackling_fire,0.06643104472825086,0.10542045660053857,0.8281484986712107
scene2_geo_dominated_0345.wav,2,geo_dominated,dog,siren,crackling_fire,0.09537219039537442,0.038703948985373784,0.8659238606192519
scene2_geo_dominated_0346.wav,2,geo_dominated,frog,hand_saw,water_drops,0.03171572486872119,0.01075022835655518,0.9575340467747235
scene2_geo_dominated_0347.wav,2,geo_dominated,sheep,can_opening,wind,0.027721987722511218,0.1521118530910088,0.8201661591864801
scene2_geo_dominated_0348.wav,2,geo_dominated,pig,pouring_water,wind,0.17775807530211457,0.034082245708724604,0.7881596789891608
scene2_geo_dominated_0349.wav,2,geo_dominated,pig,keyboard_typing,wind,0.03338181924061067,0.10835982139809887,0.8582583593612904
scene2_geo_dominated_0350.wav,2,geo_dominated,sheep,drinking_sipping,water_drops,0.007529831520361357,0.030958506526313937,0.9615116619533248
scene2_geo_dominated_0351.wav,2,geo_dominated,crow,can_opening,thunderstorm,0.2872163466746729,0.12709773986811573,0.5856859134572114
scene2_geo_dominated_0352.wav,2,geo_dominated,hen,brushing_teeth,wind,0.22174649447435815,0.006927132939654684,0.7713263725859871
scene2_geo_dominated_0353.wav,2,geo_dominated,cat,drinking_sipping,crackling_fire,0.013441823461230785,0.12344838233966884,0.8631097941991003
scene2_geo_dominated_0354.wav,2,geo_dominated,laughing,glass_breaking,wind,0.017650499979121624,0.19029583859987445,0.792053661421004
scene2_geo_dominated_0355.wav,2,geo_dominated,crow,train,thunderstorm,0.04957972402810839,0.013353845929312321,0.9370664300425794
scene2_geo_dominated_0356.wav,2,geo_dominated,breathing,glass_breaking,rain,0.009322311550088717,0.017041755205052852,0.9736359332448585
scene2_geo_dominated_0357.wav,2,geo_dominated,crying_baby,fireworks,rain,0.05200230258452701,0.20031535167985975,0.7476823457356132
scene2_geo_dominated_0358.wav,2,geo_dominated,sheep,washing_machine,crackling_fire,0.10949984546961189,0.003090924208564329,0.8874092303218237
scene2_geo_dominated_0359.wav,2,geo_dominated,crow,footsteps,wind,0.03664214336229429,0.05202895198856324,0.9113289046491424
scene2_geo_dominated_0360.wav,2,geo_dominated,dog,brushing_teeth,wind,0.008200839265993283,0.08809272264163452,0.9037064380923722
scene2_geo_dominated_0361.wav,2,geo_dominated,crow,brushing_teeth,sea_waves,0.012083927741324252,0.22740259228706805,0.7605134799716077
scene2_geo_dominated_0362.wav,2,geo_dominated,insects,mouse_click,sea_waves,0.024546840394598136,0.06927821631913528,0.9061749432862666
scene2_geo_dominated_0363.wav,2,geo_dominated,crow,airplane,sea_waves,0.0758574317349352,0.019190449286143982,0.9049521189789209
scene2_geo_dominated_0364.wav,2,geo_dominated,crying_baby,door_wood_creaks,sea_waves,0.10518736236168742,0.036270619144294046,0.8585420184940187
scene2_geo_dominated_0365.wav,2,geo_dominated,hen,clock_alarm,thunderstorm,0.038587980398821276,0.17006727880287142,0.7913447407983074
scene2_geo_dominated_0366.wav,2,geo_dominated,insects,keyboard_typing,thunderstorm,0.037377799095612486,0.16089024693466134,0.8017319539697262
scene2_geo_dominated_0367.wav,2,geo_dominated,breathing,toilet_flush,wind,0.12789953610914864,0.020829654994430388,0.8512708088964209
scene2_geo_dominated_0368.wav,2,geo_dominated,pig,engine,sea_waves,0.51964491661789,0.0009325448218603048,0.4794225385602496
scene2_geo_dominated_0369.wav,2,geo_dominated,crickets,glass_breaking,water_drops,0.059774421633023385,0.009619114450279895,0.9306064639166967
scene2_geo_dominated_0370.wav,2,geo_dominated,cow,door_wood_knock,crackling_fire,0.1808008521698805,0.13093337432749752,0.6882657735026221
scene2_geo_dominated_0371.wav,2,geo_dominated,sneezing,toilet_flush,sea_waves,0.01968786122389082,0.03707715762740672,0.9432349811487024
scene2_geo_dominated_0372.wav,2,geo_dominated,chirping_birds,can_opening,thunderstorm,0.0931943239728869,0.05023288642141949,0.8565727896056935
scene2_geo_dominated_0373.wav,2,geo_dominated,sheep,brushing_teeth,water_drops,0.10594306229178996,0.1170741049544419,0.7769828327537682
scene2_geo_dominated_0374.wav,2,geo_dominated,rooster,can_opening,water_drops,0.04383828619721553,0.009785633518684562,0.9463760802841
scene2_geo_dominated_0375.wav,2,geo_dominated,pig,car_horn,crackling_fire,0.05175316723569814,0.29607827535215575,0.6521685574121461
scene2_geo_dominated_0376.wav,2,geo_dominated,clapping,car_horn,sea_waves,0.056687794188183704,0.09501056262050012,0.8483016431913162
scene2_geo_dominated_0377.wav,2,geo_dominated,breathing,toilet_flush,sea_waves,0.09318257637837236,0.20725449489652972,0.6995629287250978
scene2_geo_dominated_0378.wav,2,geo_dominated,cat,door_wood_creaks,rain,0.023160864350838098,0.011095420053487778,0.9657437155956742
scene2_geo_dominated_0379.wav,2,geo_dominated,cat,clock_alarm,water_drops,0.23251465027290788,0.12918061828655883,0.6383047314405332
scene2_geo_dominated_0380.wav,2,geo_dominated,sheep,airplane,thunderstorm,0.06930615226862122,0.02149218635810359,0.9092016613732752
scene2_geo_dominated_0381.wav,2,geo_dominated,clapping,chainsaw,wind,0.08779675909963038,0.28074802786023334,0.6314552130401363
scene2_geo_dominated_0382.wav,2,geo_dominated,cow,keyboard_typing,water_drops,0.009351835920255642,0.003261387067560013,0.9873867770121844
scene2_geo_dominated_0383.wav,2,geo_dominated,laughing,clock_tick,water_drops,0.05446845155965597,0.032308145437645965,0.9132234030026981
scene2_geo_dominated_0384.wav,2,geo_dominated,laughing,hand_saw,thunderstorm,0.17833363295946472,0.0026823313674442023,0.818984035673091
scene2_geo_dominated_0385.wav,2,geo_dominated,hen,siren,rain,0.030380018872020204,0.010610207431550346,0.9590097736964295
scene2_geo_dominated_0386.wav,2,geo_dominated,insects,washing_machine,thunderstorm,0.02293808788145586,0.15591847207556858,0.8211434400429756
scene2_geo_dominated_0387.wav,2,geo_dominated,chirping_birds,clock_tick,crackling_fire,0.043623554437854074,0.07550460604909752,0.8808718395130484
scene2_geo_dominated_0388.wav,2,geo_dominated,pig,hand_saw,thunderstorm,0.009232808251205262,0.08446074990295363,0.906306441845841
scene2_geo_dominated_0389.wav,2,geo_dominated,breathing,hand_saw,rain,0.039363657022059094,0.07792895111108113,0.8827073918668599
scene2_geo_dominated_0390.wav,2,geo_dominated,crow,keyboard_typing,thunderstorm,0.14846465212026907,0.0082711507840969,0.8432641970956342
scene2_geo_dominated_0391.wav,2,geo_dominated,insects,washing_machine,rain,0.0456508748356581,0.08817405866459999,0.866175066499742
scene2_geo_dominated_0392.wav,2,geo_dominated,cat,fireworks,crackling_fire,0.022720187591085874,0.021456718910740035,0.9558230934981741
scene2_geo_dominated_0393.wav,2,geo_dominated,coughing,brushing_teeth,wind,0.0667782304146269,0.08871687494928117,0.844504894636092
scene2_geo_dominated_0394.wav,2,geo_dominated,coughing,hand_saw,crackling_fire,0.14945151694988146,0.15015337273586649,0.7003951103142521
scene2_geo_dominated_0395.wav,2,geo_dominated,cow,pouring_water,rain,0.11716016032110803,0.03283993976475918,0.8499998999141327
scene2_geo_dominated_0396.wav,2,geo_dominated,breathing,fireworks,sea_waves,0.02021200154151102,0.2724883210748463,0.7072996773836427
scene2_geo_dominated_0397.wav,2,geo_dominated,sheep,keyboard_typing,wind,0.003335738534312113,0.21893336401526464,0.7777308974504232
scene2_geo_dominated_0398.wav,2,geo_dominated,sneezing,fireworks,thunderstorm,0.06799357302187845,0.04536954177240016,0.8866368852057216
scene2_geo_dominated_0399.wav,2,geo_dominated,crying_baby,airplane,sea_waves,0.19699255050346395,0.08876557780560547,0.7142418716909306
scene2_geo_dominated_0400.wav,2,geo_dominated,dog,hand_saw,thunderstorm,0.10207660003901747,0.0009323692879344137,0.8969910306730482
scene2_geo_dominated_0401.wav,2,geo_dominated,cow,car_horn,water_drops,0.10404177870132013,0.05616658315011071,0.839791638148569
scene2_geo_dominated_0402.wav,2,geo_dominated,cat,engine,rain,0.1302777305982548,0.03172588933410713,0.8379963800676381
scene2_geo_dominated_0403.wav,2,geo_dominated,laughing,siren,sea_waves,0.028240030319246778,0.011868471351790975,0.9598914983289623
scene2_geo_dominated_0404.wav,2,geo_dominated,dog,helicopter,rain,0.09618993380772559,0.05552388501551292,0.8482861811767615
scene2_geo_dominated_0405.wav,2,geo_dominated,cow,hand_saw,thunderstorm,0.03217735928651504,0.010832993424014288,0.9569896472894708
scene2_geo_dominated_0406.wav,2,geo_dominated,rooster,footsteps,sea_waves,0.10524048862546463,0.0113131620157519,0.8834463493587835
scene2_geo_dominated_0407.wav,2,geo_dominated,pig,keyboard_typing,wind,0.06476121808817863,0.17789575777606814,0.7573430241357534
scene2_geo_dominated_0408.wav,2,geo_dominated,cat,airplane,sea_waves,0.268371811237876,0.022587401710577364,0.7090407870515467
scene2_geo_dominated_0409.wav,2,geo_dominated,breathing,drinking_sipping,crackling_fire,0.10157076795985455,0.05552912547092157,0.8429001065692239
scene2_geo_dominated_0410.wav,2,geo_dominated,pig,engine,rain,0.03158053967759941,0.03299791154630407,0.9354215487760965
scene2_geo_dominated_0411.wav,2,geo_dominated,pig,clock_alarm,rain,0.006623397498686075,0.13397847329044707,0.8593981292108669
scene2_geo_dominated_0412.wav,2,geo_dominated,chirping_birds,fireworks,wind,0.2882830885683648,0.021071391216977643,0.6906455202146575
scene2_geo_dominated_0413.wav,2,geo_dominated,crickets,brushing_teeth,water_drops,0.15648267061803628,0.06980418734305202,0.7737131420389117
scene2_geo_dominated_0414.wav,2,geo_dominated,sneezing,chainsaw,wind,0.18502366167620526,0.1758414030729931,0.6391349352508016
scene2_geo_dominated_0415.wav,2,geo_dominated,dog,washing_machine,wind,0.10594991054437926,0.06748832804708445,0.8265617614085363
scene2_geo_dominated_0416.wav,2,geo_dominated,crying_baby,helicopter,wind,0.1278608771421902,0.07825252541056799,0.7938865974472419
scene2_geo_dominated_0417.wav,2,geo_dominated,rooster,door_wood_creaks,thunderstorm,0.05058536166096977,0.08224842030975611,0.8671662180292742
scene2_geo_dominated_0418.wav,2,geo_dominated,chirping_birds,keyboard_typing,water_drops,0.07186723028133837,0.00017118249936965975,0.9279615872192919
scene2_geo_dominated_0419.wav,2,geo_dominated,sneezing,chainsaw,crackling_fire,0.03420577041986185,0.035637145113221746,0.9301570844669164
scene2_geo_dominated_0420.wav,2,geo_dominated,frog,airplane,wind,0.003737791439629729,0.04989092413503053,0.9463712844253397
scene2_geo_dominated_0421.wav,2,geo_dominated,pig,siren,thunderstorm,0.10177892504594009,0.2451850286631133,0.6530360462909466
scene2_geo_dominated_0422.wav,2,geo_dominated,hen,helicopter,rain,0.054314571513938856,0.15201457289251205,0.793670855593549
scene2_geo_dominated_0423.wav,2,geo_dominated,crickets,door_wood_knock,crackling_fire,0.3283735672027728,0.16737663200347938,0.5042498007937478
scene2_geo_dominated_0424.wav,2,geo_dominated,dog,door_wood_creaks,thunderstorm,0.06875317976088237,0.039180523212783716,0.8920662970263339
scene2_geo_dominated_0425.wav,2,geo_dominated,hen,fireworks,sea_waves,0.035859331685035106,0.10870102799653261,0.8554396403184322
scene2_geo_dominated_0426.wav,2,geo_dominated,cat,glass_breaking,rain,0.16479859610508202,0.07801667602972781,0.7571847278651902
scene2_geo_dominated_0427.wav,2,geo_dominated,insects,airplane,crackling_fire,0.15497492685602807,0.012909415533967634,0.8321156576100042
scene2_geo_dominated_0428.wav,2,geo_dominated,crow,door_wood_knock,crackling_fire,0.13388029871623008,0.02392644112550948,0.8421932601582605
scene2_geo_dominated_0429.wav,2,geo_dominated,breathing,engine,water_drops,0.0669330229378633,0.02134340481141853,0.9117235722507182
scene2_geo_dominated_0430.wav,2,geo_dominated,breathing,can_opening,crackling_fire,0.031832210427572706,0.03671271494893629,0.931455074623491
scene2_geo_dominated_0431.wav,2,geo_dominated,clapping,door_wood_knock,rain,0.04952942120914299,0.030013381389937373,0.9204571974009196
scene2_geo_dominated_0432.wav,2,geo_dominated,pig,washing_machine,water_drops,0.18939403887785258,0.08944491667378011,0.7211610444483674
scene2_geo_dominated_0433.wav,2,geo_dominated,crickets,helicopter,rain,0.16342393433750968,0.16596196551056772,0.6706141001519226
scene2_geo_dominated_0434.wav,2,geo_dominated,sheep,glass_breaking,wind,0.2040828659020048,0.06447665557914857,0.7314404785188466
scene2_geo_dominated_0435.wav,2,geo_dominated,breathing,engine,sea_waves,0.054282690819137704,0.2241508560975131,0.7215664530833492
scene2_geo_dominated_0436.wav,2,geo_dominated,hen,footsteps,thunderstorm,0.03255345244782901,0.15900650624797968,0.8084400413041913
scene2_geo_dominated_0437.wav,2,geo_dominated,sneezing,mouse_click,wind,0.024584245694991767,0.15810924484282582,0.8173065094621824
scene2_geo_dominated_0438.wav,2,geo_dominated,clapping,clock_tick,crackling_fire,0.16670818858713585,0.03214264745364871,0.8011491639592155
scene2_geo_dominated_0439.wav,2,geo_dominated,chirping_birds,siren,sea_waves,0.08835944642603787,0.22961567553560944,0.6820248780383527
scene2_geo_dominated_0440.wav,2,geo_dominated,cat,pouring_water,thunderstorm,0.12972377896668624,0.1179615699101615,0.7523146511231523
scene2_geo_dominated_0441.wav,2,geo_dominated,insects,clock_tick,thunderstorm,0.015578451215264515,0.2580166358735818,0.7264049129111536
scene2_geo_dominated_0442.wav,2,geo_dominated,hen,fireworks,sea_waves,0.009206778726380545,0.10503593777086788,0.8857572835027516
scene2_geo_dominated_0443.wav,2,geo_dominated,dog,chainsaw,wind,0.06417994550675292,0.001704695032113521,0.9341153594611336
scene2_geo_dominated_0444.wav,2,geo_dominated,dog,chainsaw,wind,0.012194405746430423,0.06786393739045256,0.919941656863117
scene2_geo_dominated_0445.wav,2,geo_dominated,hen,car_horn,crackling_fire,0.10391124066927591,0.04587270760529744,0.8502160517254266
scene2_geo_dominated_0446.wav,2,geo_dominated,cat,clock_alarm,rain,0.020960389693165583,0.20777000603574744,0.771269604271087
scene2_geo_dominated_0447.wav,2,geo_dominated,clapping,mouse_click,water_drops,0.019984019472750317,0.12311335823223495,0.8569026222950148
scene2_geo_dominated_0448.wav,2,geo_dominated,hen,engine,rain,0.10608911643469326,0.10595913228685395,0.7879517512784526
scene2_geo_dominated_0449.wav,2,geo_dominated,breathing,footsteps,thunderstorm,0.27446204106933725,0.10108120478889972,0.6244567541417632
scene2_geo_dominated_0450.wav,2,geo_dominated,coughing,siren,crackling_fire,0.041726811430625725,0.0008781710154639445,0.9573950175539103
scene2_geo_dominated_0451.wav,2,geo_dominated,dog,fireworks,water_drops,0.03183971214027373,0.084826434019694,0.8833338538400322
scene2_geo_dominated_0452.wav,2,geo_dominated,chirping_birds,chainsaw,sea_waves,0.07684146534750261,0.003848615562111058,0.9193099190903863
scene2_geo_dominated_0453.wav,2,geo_dominated,crickets,clock_tick,water_drops,0.087151126110492,0.03317493793733252,0.8796739359521755
scene2_geo_dominated_0454.wav,2,geo_dominated,laughing,hand_saw,thunderstorm,0.019925447230615047,0.2289526223316232,0.7511219304377618
scene2_geo_dominated_0455.wav,2,geo_dominated,crying_baby,brushing_teeth,wind,0.021324000059403554,0.020379928507763687,0.9582960714328328
scene2_geo_dominated_0456.wav,2,geo_dominated,laughing,siren,crackling_fire,0.08134151218993188,0.010350050715675164,0.9083084370943929
scene2_geo_dominated_0457.wav,2,geo_dominated,insects,church_bells,thunderstorm,0.09446369981202876,0.03603269833673026,0.869503601851241
scene2_geo_dominated_0458.wav,2,geo_dominated,dog,fireworks,wind,0.15179742656549305,0.09279865391413672,0.7554039195203702
scene2_geo_dominated_0459.wav,2,geo_dominated,dog,train,crackling_fire,0.13290388728919744,0.0019024038955398027,0.8651937088152628
scene2_geo_dominated_0460.wav,2,geo_dominated,rooster,siren,water_drops,0.15528360471634128,0.014320131723615343,0.8303962635600434
scene2_geo_dominated_0461.wav,2,geo_dominated,breathing,car_horn,water_drops,0.22249130209993478,0.028379553006830045,0.7491291448932352
scene2_geo_dominated_0462.wav,2,geo_dominated,sneezing,toilet_flush,water_drops,0.04351830093710849,0.1464055796285324,0.8100761194343592
scene2_geo_dominated_0463.wav,2,geo_dominated,hen,footsteps,water_drops,0.1791297989012461,0.0584866330130373,0.7623835680857166
scene2_geo_dominated_0464.wav,2,geo_dominated,breathing,glass_breaking,wind,0.17445360861960918,0.09335888208348819,0.7321875092969027
scene2_geo_dominated_0465.wav,2,geo_dominated,pig,vacuum_cleaner,crackling_fire,0.05974177994701699,0.14483762253832183,0.7954205975146613
scene2_geo_dominated_0466.wav,2,geo_dominated,coughing,pouring_water,rain,0.08011800983791145,0.24973120474611163,0.6701507854159768
scene2_geo_dominated_0467.wav,2,geo_dominated,crying_baby,toilet_flush,crackling_fire,0.027842791726055204,0.13674840766270177,0.835408800611243
scene2_geo_dominated_0468.wav,2,geo_dominated,dog,drinking_sipping,water_drops,0.016804950745662538,0.0034101417561618707,0.9797849074981756
scene2_geo_dominated_0469.wav,2,geo_dominated,clapping,helicopter,water_drops,0.05579748938211494,0.048592382631608644,0.8956101279862766
scene2_geo_dominated_0470.wav,2,geo_dominated,coughing,church_bells,wind,0.05933152514786643,0.13593516079594614,0.8047333140561874
scene2_geo_dominated_0471.wav,2,geo_dominated,pig,church_bells,thunderstorm,0.0685578961822856,0.037933036987561404,0.8935090668301529
scene2_geo_dominated_0472.wav,2,geo_dominated,snoring,pouring_water,crackling_fire,0.10201483860311471,0.03866880670133634,0.859316354695549
scene2_geo_dominated_0473.wav,2,geo_dominated,crying_baby,mouse_click,water_drops,0.058715649218626195,0.10091427264839369,0.8403700781329801
scene2_geo_dominated_0474.wav,2,geo_dominated,crying_baby,train,crackling_fire,0.042413596848365924,0.0338992420533315,0.9236871610983026
scene2_geo_dominated_0475.wav,2,geo_dominated,rooster,can_opening,thunderstorm,0.059878246765928476,0.050633408878327194,0.8894883443557443
scene2_geo_dominated_0476.wav,2,geo_dominated,clapping,drinking_sipping,sea_waves,0.363388006032031,0.13864988467610745,0.49796210929186147
scene2_geo_dominated_0477.wav,2,geo_dominated,sneezing,car_horn,wind,0.03545542838450304,0.04065986686213961,0.9238847047533573
scene2_geo_dominated_0478.wav,2,geo_dominated,dog,train,water_drops,0.24083610700704186,0.13480048328607835,0.6243634097068798
scene2_geo_dominated_0479.wav,2,geo_dominated,crow,mouse_click,thunderstorm,0.009272822008004975,0.019615333341387795,0.9711118446506071
scene2_geo_dominated_0480.wav,2,geo_dominated,sheep,helicopter,rain,0.06317674022319232,0.11378636497698147,0.8230368947998261
scene2_geo_dominated_0481.wav,2,geo_dominated,breathing,vacuum_cleaner,thunderstorm,0.07656325381804516,0.008177377302354419,0.9152593688796004
scene2_geo_dominated_0482.wav,2,geo_dominated,rooster,chainsaw,sea_waves,0.00016827584765290664,0.06279495823056006,0.9370367659217871
scene2_geo_dominated_0483.wav,2,geo_dominated,pig,airplane,water_drops,0.06519593269057276,0.004071058851570868,0.9307330084578563
scene2_geo_dominated_0484.wav,2,geo_dominated,clapping,toilet_flush,thunderstorm,0.05748433251444696,0.040890603567324,0.9016250639182289
scene2_geo_dominated_0485.wav,2,geo_dominated,cat,door_wood_knock,crackling_fire,0.08760320198169042,0.06642603411400148,0.8459707639043081
scene2_geo_dominated_0486.wav,2,geo_dominated,breathing,fireworks,water_drops,0.11060594594855426,0.08866074474255135,0.8007333093088943
scene2_geo_dominated_0487.wav,2,geo_dominated,coughing,pouring_water,rain,0.15053296208718892,0.07419297931200562,0.7752740586008054
scene2_geo_dominated_0488.wav,2,geo_dominated,snoring,clock_tick,water_drops,0.03160470405298005,0.28268915028529495,0.6857061456617249
scene2_geo_dominated_0489.wav,2,geo_dominated,snoring,clock_alarm,sea_waves,0.13027547323558736,0.13890931859663364,0.730815208167779
scene2_geo_dominated_0490.wav,2,geo_dominated,pig,toilet_flush,wind,0.08655067577063333,0.09196877433860447,0.8214805498907621
scene2_geo_dominated_0491.wav,2,geo_dominated,crying_baby,vacuum_cleaner,wind,0.05441139109976899,0.1744794468136968,0.7711091620865342
scene2_geo_dominated_0492.wav,2,geo_dominated,breathing,chainsaw,crackling_fire,0.01971283587378576,0.227282605308459,0.7530045588177552
scene2_geo_dominated_0493.wav,2,geo_dominated,coughing,hand_saw,wind,0.0267900717596271,0.28750201608697673,0.6857079121533962
scene2_geo_dominated_0494.wav,2,geo_dominated,breathing,car_horn,wind,0.028157609106578933,0.04781501326875494,0.924027377624666
scene2_geo_dominated_0495.wav,2,geo_dominated,rooster,engine,crackling_fire,0.005212531154186578,0.14369011697822512,0.8510973518675883
scene2_geo_dominated_0496.wav,2,geo_dominated,sheep,airplane,water_drops,0.13213640879128416,0.09987779247961998,0.7679857987290958
scene2_geo_dominated_0497.wav,2,geo_dominated,chirping_birds,door_wood_knock,water_drops,0.13678847099332148,0.14748053483663606,0.7157309941700424
scene2_geo_dominated_0498.wav,2,geo_dominated,dog,footsteps,water_drops,0.06948570644622681,0.2750089692596691,0.6555053242941039
scene2_geo_dominated_0499.wav,2,geo_dominated,laughing,washing_machine,sea_waves,0.008398023629265401,0.008325276361735355,0.9832767000089992
scene3_mixed_scene_0000.wav,3,mixed_scene,crying_baby,airplane,sea_waves,0.20456076656201516,0.33967659434319053,0.45576263909479436
scene3_mixed_scene_0001.wav,3,mixed_scene,snoring,clock_tick,crackling_fire,0.3889059965654348,0.15562164336819106,0.4554723600663742
scene3_mixed_scene_0002.wav,3,mixed_scene,crickets,church_bells,sea_waves,0.6285978063101776,0.1346387723697081,0.23676342132011427
scene3_mixed_scene_0003.wav,3,mixed_scene,sneezing,airplane,water_drops,0.5152508654858571,0.26794387749662524,0.21680525701751777
scene3_mixed_scene_0004.wav,3,mixed_scene,sheep,airplane,thunderstorm,0.3716058042355292,0.28301696831918793,0.3453772274452829
scene3_mixed_scene_0005.wav,3,mixed_scene,pig,fireworks,thunderstorm,0.5949511351331909,0.15106482071378002,0.25398404415302905
scene3_mixed_scene_0006.wav,3,mixed_scene,crying_baby,engine,water_drops,0.5546755249221887,0.34733151907832316,0.09799295599948814
scene3_mixed_scene_0007.wav,3,mixed_scene,dog,footsteps,wind,0.14033160031539188,0.6327436822594328,0.22692471742517528
scene3_mixed_scene_0008.wav,3,mixed_scene,rooster,fireworks,crackling_fire,0.03469608207390143,0.6291909338179071,0.33611298410819146
scene3_mixed_scene_0009.wav,3,mixed_scene,rooster,door_wood_creaks,rain,0.4344804191452079,0.1334078239734261,0.432111756881366
scene3_mixed_scene_0010.wav,3,mixed_scene,breathing,chainsaw,crackling_fire,0.5892266983878032,0.159175660009238,0.2515976416029589
scene3_mixed_scene_0011.wav,3,mixed_scene,sneezing,brushing_teeth,wind,0.17771203669014318,0.5131690109191509,0.3091189523907058
scene3_mixed_scene_0012.wav,3,mixed_scene,breathing,hand_saw,crackling_fire,0.7615638970100925,0.1339384004203334,0.10449770256957415
scene3_mixed_scene_0013.wav,3,mixed_scene,crickets,can_opening,rain,0.39869642141304434,0.36475277753609114,0.23655080105086462
scene3_mixed_scene_0014.wav,3,mixed_scene,sheep,brushing_teeth,sea_waves,0.4312861261088517,0.09812994297438146,0.4705839309167668
scene3_mixed_scene_0015.wav,3,mixed_scene,insects,fireworks,sea_waves,0.2722154650324567,0.5628880488308106,0.16489648613673275
scene3_mixed_scene_0016.wav,3,mixed_scene,coughing,brushing_teeth,water_drops,0.21048650729938861,0.33128509407721835,0.4582283986233931
scene3_mixed_scene_0017.wav,3,mixed_scene,breathing,hand_saw,water_drops,0.4792370854638224,0.10004627076739041,0.4207166437687871
scene3_mixed_scene_0018.wav,3,mixed_scene,dog,can_opening,crackling_fire,0.25878216974945933,0.4360908811076677,0.30512694914287297
scene3_mixed_scene_0019.wav,3,mixed_scene,sheep,door_wood_knock,water_drops,0.20169801363009027,0.46215784839505447,0.3361441379748553
scene3_mixed_scene_0020.wav,3,mixed_scene,cow,fireworks,thunderstorm,0.307162446556968,0.24393715714104788,0.44890039630198414
scene3_mixed_scene_0021.wav,3,mixed_scene,hen,hand_saw,rain,0.23017554175156285,0.3071362855920464,0.46268817265639084
scene3_mixed_scene_0022.wav,3,mixed_scene,rooster,door_wood_creaks,water_drops,0.32619260871099826,0.10677534309222965,0.5670320481967721
scene3_mixed_scene_0023.wav,3,mixed_scene,crow,church_bells,sea_waves,0.3051245687598934,0.5652141918358679,0.1296612394042388
scene3_mixed_scene_0024.wav,3,mixed_scene,sheep,drinking_sipping,rain,0.5796618618338247,0.08621582801601557,0.3341223101501597
scene3_mixed_scene_0025.wav,3,mixed_scene,laughing,glass_breaking,crackling_fire,0.2487298235945402,0.4284877847072198,0.3227823916982399
scene3_mixed_scene_0026.wav,3,mixed_scene,cow,church_bells,wind,0.32293272714639515,0.5048333059789273,0.17223396687467757
scene3_mixed_scene_0027.wav,3,mixed_scene,crying_baby,footsteps,wind,0.11849355033292588,0.21774763298698277,0.6637588166800913
scene3_mixed_scene_0028.wav,3,mixed_scene,frog,vacuum_cleaner,sea_waves,0.3407164061899267,0.2223219789668039,0.4369616148432695
scene3_mixed_scene_0029.wav,3,mixed_scene,clapping,hand_saw,wind,0.4386805857664638,0.08770472802344845,0.4736146862100878
scene3_mixed_scene_0030.wav,3,mixed_scene,laughing,clock_alarm,rain,0.2448838919828134,0.44254399996562216,0.3125721080515643
scene3_mixed_scene_0031.wav,3,mixed_scene,sheep,door_wood_knock,wind,0.09009285108915807,0.2563858458822711,0.6535213030285709
scene3_mixed_scene_0032.wav,3,mixed_scene,rooster,drinking_sipping,rain,0.43816886854998927,0.2975451035849303,0.2642860278650804
scene3_mixed_scene_0033.wav,3,mixed_scene,clapping,vacuum_cleaner,water_drops,0.19397576162570526,0.2739024578094327,0.532121780564862
scene3_mixed_scene_0034.wav,3,mixed_scene,cow,hand_saw,thunderstorm,0.3205041064676039,0.41966715486764544,0.25982873866475076
scene3_mixed_scene_0035.wav,3,mixed_scene,laughing,door_wood_knock,thunderstorm,0.5332344489389248,0.36165842149546273,0.1051071295656124
scene3_mixed_scene_0036.wav,3,mixed_scene,cat,airplane,water_drops,0.14698633687299661,0.1278687323165013,0.7251449308105021
scene3_mixed_scene_0037.wav,3,mixed_scene,insects,toilet_flush,water_drops,0.4269842971598337,0.1397344482872197,0.43328125455294664
scene3_mixed_scene_0038.wav,3,mixed_scene,insects,pouring_water,rain,0.39140478515670724,0.4732874181807278,0.1353077966625651
scene3_mixed_scene_0039.wav,3,mixed_scene,chirping_birds,door_wood_creaks,thunderstorm,0.6086919630233676,0.31110777825488767,0.08020025872174473
scene3_mixed_scene_0040.wav,3,mixed_scene,dog,fireworks,rain,0.24395889843509908,0.5392715961153118,0.21676950544958895
scene3_mixed_scene_0041.wav,3,mixed_scene,sneezing,brushing_teeth,rain,0.5359267728703312,0.17485964056565037,0.28921358656401847
scene3_mixed_scene_0042.wav,3,mixed_scene,crow,toilet_flush,thunderstorm,0.6583921377064077,0.12591088480125467,0.21569697749233765
scene3_mixed_scene_0043.wav,3,mixed_scene,clapping,keyboard_typing,rain,0.4251278597161764,0.14302185202450754,0.43185028825931604
scene3_mixed_scene_0044.wav,3,mixed_scene,clapping,engine,sea_waves,0.3104802606374698,0.2657809835298527,0.42373875583267756
scene3_mixed_scene_0045.wav,3,mixed_scene,breathing,fireworks,water_drops,0.2560787563593004,0.19985768833439632,0.5440635553063033
scene3_mixed_scene_0046.wav,3,mixed_scene,breathing,siren,thunderstorm,0.14628964815385123,0.2584717298758935,0.5952386219702553
scene3_mixed_scene_0047.wav,3,mixed_scene,crickets,car_horn,crackling_fire,0.44153931756105985,0.19060124009433177,0.3678594423446082
scene3_mixed_scene_0048.wav,3,mixed_scene,crickets,clock_alarm,wind,0.2765431308450012,0.5835081788963467,0.13994869025865225
scene3_mixed_scene_0049.wav,3,mixed_scene,insects,car_horn,wind,0.3253135658578856,0.4997822306333779,0.17490420350873664
scene3_mixed_scene_0050.wav,3,mixed_scene,dog,glass_breaking,crackling_fire,0.5087376811956565,0.20114392298378925,0.29011839582055415
scene3_mixed_scene_0051.wav,3,mixed_scene,dog,glass_breaking,rain,0.49337908828885235,0.22694839379414392,0.27967251791700376
scene3_mixed_scene_0052.wav,3,mixed_scene,hen,door_wood_creaks,crackling_fire,0.4135865769830013,0.5051861484791286,0.08122727453787021
scene3_mixed_scene_0053.wav,3,mixed_scene,pig,mouse_click,rain,0.4163908289944683,0.23545057086691865,0.3481586001386131
scene3_mixed_scene_0054.wav,3,mixed_scene,breathing,chainsaw,thunderstorm,0.2715486832593561,0.37484267719029485,0.353608639550349
scene3_mixed_scene_0055.wav,3,mixed_scene,crow,train,water_drops,0.26644630101969036,0.47350936342307837,0.2600443355572313
scene3_mixed_scene_0056.wav,3,mixed_scene,crickets,fireworks,water_drops,0.5865062009409038,0.20140085814243944,0.21209294091665679
scene3_mixed_scene_0057.wav,3,mixed_scene,laughing,vacuum_cleaner,crackling_fire,0.3892888599500227,0.22934693961445074,0.3813642004355266
scene3_mixed_scene_0058.wav,3,mixed_scene,crying_baby,car_horn,wind,0.15113107524175456,0.4340144828317665,0.41485444192647897
scene3_mixed_scene_0059.wav,3,mixed_scene,dog,church_bells,water_drops,0.428700661879108,0.26679626770492754,0.3045030704159644
scene3_mixed_scene_0060.wav,3,mixed_scene,sheep,footsteps,crackling_fire,0.1937435985320241,0.4906377637615298,0.31561863770644605
scene3_mixed_scene_0061.wav,3,mixed_scene,cat,engine,sea_waves,0.42293202441579064,0.43544205919755447,0.14162591638665492
scene3_mixed_scene_0062.wav,3,mixed_scene,cow,car_horn,water_drops,0.6938740687910561,0.08599288056245756,0.22013305064648628
scene3_mixed_scene_0063.wav,3,mixed_scene,dog,helicopter,rain,0.3706601892847728,0.3929851294117814,0.23635468130344583
scene3_mixed_scene_0064.wav,3,mixed_scene,snoring,hand_saw,crackling_fire,0.1522006440227734,0.4038663935262047,0.443932962451022
scene3_mixed_scene_0065.wav,3,mixed_scene,clapping,train,water_drops,0.06920101458804166,0.20161957469417793,0.7291794107177805
scene3_mixed_scene_0066.wav,3,mixed_scene,crickets,train,sea_waves,0.33632923373935936,0.19231532210286117,0.4713554441577794
scene3_mixed_scene_0067.wav,3,mixed_scene,laughing,mouse_click,rain,0.5639487815933618,0.12783202094287047,0.3082191974637677
scene3_mixed_scene_0068.wav,3,mixed_scene,crying_baby,toilet_flush,rain,0.07206579935536533,0.5392075280283927,0.38872667261624205
scene3_mixed_scene_0069.wav,3,mixed_scene,crying_baby,footsteps,wind,0.5285428976950601,0.19977310016718505,0.2716840021377549
scene3_mixed_scene_0070.wav,3,mixed_scene,crickets,siren,rain,0.2647493801930713,0.3485393079442581,0.3867113118626707
scene3_mixed_scene_0071.wav,3,mixed_scene,crickets,engine,crackling_fire,0.20664081113072746,0.5352474044761927,0.2581117843930798
scene3_mixed_scene_0072.wav,3,mixed_scene,rooster,helicopter,wind,0.48209730418016256,0.42174506389547617,0.0961576319243613
scene3_mixed_scene_0073.wav,3,mixed_scene,pig,siren,sea_waves,0.17404291431010527,0.15477527058540755,0.6711818151044873
scene3_mixed_scene_0074.wav,3,mixed_scene,snoring,engine,crackling_fire,0.3281025442491762,0.20605628344078658,0.4658411723100373
scene3_mixed_scene_0075.wav,3,mixed_scene,clapping,car_horn,thunderstorm,0.40186379153798224,0.1816019436788586,0.41653426478315914
scene3_mixed_scene_0076.wav,3,mixed_scene,cat,car_horn,water_drops,0.24049424993623963,0.24156245281537386,0.5179432972483866
scene3_mixed_scene_0077.wav,3,mixed_scene,coughing,drinking_sipping,thunderstorm,0.37316660202231305,0.2746985024951959,0.3521348954824911
scene3_mixed_scene_0078.wav,3,mixed_scene,snoring,helicopter,thunderstorm,0.41219418409606684,0.27451790636775414,0.31328790953617897
scene3_mixed_scene_0079.wav,3,mixed_scene,crying_baby,can_opening,sea_waves,0.3206950809300511,0.07529872391025766,0.6040061951596913
scene3_mixed_scene_0080.wav,3,mixed_scene,dog,glass_breaking,rain,0.45117550828568787,0.4140507316610942,0.1347737600532179
scene3_mixed_scene_0081.wav,3,mixed_scene,crow,helicopter,crackling_fire,0.1837821177026241,0.5451482119579653,0.2710696703394107
scene3_mixed_scene_0082.wav,3,mixed_scene,laughing,fireworks,water_drops,0.637175918160231,0.22823420027841304,0.13458988156135598
scene3_mixed_scene_0083.wav,3,mixed_scene,rooster,keyboard_typing,thunderstorm,0.3609165130102489,0.3005846137696646,0.3384988732200864
scene3_mixed_scene_0084.wav,3,mixed_scene,cow,hand_saw,thunderstorm,0.28863915401109314,0.18942087190187962,0.5219399740870272
scene3_mixed_scene_0085.wav,3,mixed_scene,insects,train,water_drops,0.15874454312851008,0.514034291547272,0.32722116532421786
scene3_mixed_scene_0086.wav,3,mixed_scene,rooster,engine,water_drops,0.18718776492714512,0.5265024480407786,0.28630978703207627
scene3_mixed_scene_0087.wav,3,mixed_scene,crying_baby,helicopter,water_drops,0.3147959417817346,0.12351262563809902,0.5616914325801665
scene3_mixed_scene_0088.wav,3,mixed_scene,cat,pouring_water,water_drops,0.4506942562516032,0.1556830909711572,0.39362265277723973
scene3_mixed_scene_0089.wav,3,mixed_scene,sneezing,chainsaw,rain,0.3708893700739694,0.3738724629117961,0.2552381670142344
scene3_mixed_scene_0090.wav,3,mixed_scene,cow,airplane,sea_waves,0.3034647063416136,0.3468162231659904,0.3497190704923959
scene3_mixed_scene_0091.wav,3,mixed_scene,cow,door_wood_creaks,thunderstorm,0.38823487774855786,0.19852714029644697,0.41323798195499517
scene3_mixed_scene_0092.wav,3,mixed_scene,insects,clock_alarm,thunderstorm,0.29215585795014376,0.3501790947720788,0.3576650472777775
scene3_mixed_scene_0093.wav,3,mixed_scene,cow,vacuum_cleaner,rain,0.228470547578412,0.3269419570903235,0.4445874953312644
scene3_mixed_scene_0094.wav,3,mixed_scene,crying_baby,fireworks,water_drops,0.41501518490197353,0.19499576405051308,0.3899890510475133
scene3_mixed_scene_0095.wav,3,mixed_scene,coughing,drinking_sipping,water_drops,0.24565572271884625,0.4685543015142746,0.2857899757668791
scene3_mixed_scene_0096.wav,3,mixed_scene,clapping,pouring_water,water_drops,0.36877997188343586,0.5296902397441853,0.10152978837237882
scene3_mixed_scene_0097.wav,3,mixed_scene,cat,washing_machine,rain,0.40194280716162184,0.4804947237039915,0.11756246913438671
scene3_mixed_scene_0098.wav,3,mixed_scene,coughing,clock_tick,wind,0.4610420880144294,0.3008629707456214,0.238094941239949
scene3_mixed_scene_0099.wav,3,mixed_scene,cow,washing_machine,rain,0.3547141484504357,0.36270906096290495,0.28257679058665947
scene3_mixed_scene_0100.wav,3,mixed_scene,snoring,drinking_sipping,sea_waves,0.3839482117459006,0.1859051416276669,0.43014664662643265
scene3_mixed_scene_0101.wav,3,mixed_scene,pig,drinking_sipping,rain,0.7309731636841534,0.12396073424809956,0.14506610206774706
scene3_mixed_scene_0102.wav,3,mixed_scene,cow,car_horn,water_drops,0.21678213432693863,0.5279311442545729,0.25528672141848857
scene3_mixed_scene_0103.wav,3,mixed_scene,dog,mouse_click,crackling_fire,0.5681713511226804,0.22033002426339776,0.21149862461392194
scene3_mixed_scene_0104.wav,3,mixed_scene,sheep,clock_alarm,water_drops,0.14734798049250375,0.732054562212876,0.12059745729462017
scene3_mixed_scene_0105.wav,3,mixed_scene,snoring,door_wood_knock,crackling_fire,0.40246262233203933,0.2540012333901082,0.34353614427785234
scene3_mixed_scene_0106.wav,3,mixed_scene,rooster,footsteps,wind,0.5342269942088466,0.19685954999438907,0.2689134557967643
scene3_mixed_scene_0107.wav,3,mixed_scene,sheep,door_wood_creaks,crackling_fire,0.3737055891080355,0.44371947295091374,0.18257493794105073
scene3_mixed_scene_0108.wav,3,mixed_scene,rooster,fireworks,thunderstorm,0.33309295923899135,0.1803889898824417,0.48651805087856687
scene3_mixed_scene_0109.wav,3,mixed_scene,dog,washing_machine,thunderstorm,0.30896988691275173,0.5105075409377221,0.18052257214952627
scene3_mixed_scene_0110.wav,3,mixed_scene,breathing,clock_tick,wind,0.4542204423743374,0.30041867194055144,0.24536088568511125
scene3_mixed_scene_0111.wav,3,mixed_scene,cow,pouring_water,wind,0.38154755436723503,0.30746102467808584,0.31099142095467913
scene3_mixed_scene_0112.wav,3,mixed_scene,frog,fireworks,water_drops,0.3159578883183659,0.25640669364376933,0.4276354180378648
scene3_mixed_scene_0113.wav,3,mixed_scene,frog,helicopter,crackling_fire,0.20642849777853195,0.10590053656780944,0.6876709656536586
scene3_mixed_scene_0114.wav,3,mixed_scene,crow,church_bells,wind,0.2696339278702028,0.3453581605463367,0.38500791158346054
scene3_mixed_scene_0115.wav,3,mixed_scene,insects,pouring_water,sea_waves,0.5274044124274994,0.20352877249944948,0.26906681507305125
scene3_mixed_scene_0116.wav,3,mixed_scene,sheep,door_wood_knock,thunderstorm,0.09050320062142775,0.299039235103262,0.6104575642753102
scene3_mixed_scene_0117.wav,3,mixed_scene,frog,chainsaw,crackling_fire,0.36559568539723886,0.29755625635378347,0.3368480582489778
scene3_mixed_scene_0118.wav,3,mixed_scene,snoring,chainsaw,wind,0.35165520215835194,0.3983649931979293,0.2499798046437189
scene3_mixed_scene_0119.wav,3,mixed_scene,clapping,vacuum_cleaner,water_drops,0.19905838923802746,0.32500115761189574,0.4759404531500768
scene3_mixed_scene_0120.wav,3,mixed_scene,frog,glass_breaking,rain,0.22844187776200528,0.5061720447678077,0.265386077470187
scene3_mixed_scene_0121.wav,3,mixed_scene,coughing,engine,crackling_fire,0.14923638709933107,0.7608681443212868,0.08989546857938212
scene3_mixed_scene_0122.wav,3,mixed_scene,insects,footsteps,wind,0.3790886593406556,0.14652852337582697,0.47438281728351733
scene3_mixed_scene_0123.wav,3,mixed_scene,coughing,clock_alarm,water_drops,0.21101891782288995,0.2393547799333149,0.5496263022437953
scene3_mixed_scene_0124.wav,3,mixed_scene,chirping_birds,can_opening,sea_waves,0.18306153318071408,0.497290495933445,0.31964797088584085
scene3_mixed_scene_0125.wav,3,mixed_scene,hen,engine,thunderstorm,0.6456106485773797,0.16148995126959906,0.19289940015302126
scene3_mixed_scene_0126.wav,3,mixed_scene,snoring,hand_saw,thunderstorm,0.3792620352306967,0.48807194148950556,0.13266602327979776
scene3_mixed_scene_0127.wav,3,mixed_scene,rooster,car_horn,water_drops,0.2542969029432805,0.17302521865458423,0.5726778784021354
scene3_mixed_scene_0128.wav,3,mixed_scene,crickets,toilet_flush,wind,0.31420372508467537,0.34006390476331255,0.34573237015201197
scene3_mixed_scene_0129.wav,3,mixed_scene,breathing,clock_alarm,rain,0.20167240088370497,0.5461253301823005,0.2522022689339945
scene3_mixed_scene_0130.wav,3,mixed_scene,crickets,fireworks,sea_waves,0.32106527097013443,0.20813493255536983,0.4707997964744958
scene3_mixed_scene_0131.wav,3,mixed_scene,laughing,mouse_click,water_drops,0.2577222521002475,0.2787798988968679,0.4634978490028846
scene3_mixed_scene_0132.wav,3,mixed_scene,crickets,church_bells,sea_waves,0.3121576935624377,0.3767579785027869,0.3110843279347752
scene3_mixed_scene_0133.wav,3,mixed_scene,clapping,chainsaw,water_drops,0.05588221684428203,0.4740603127506611,0.47005747040505697
scene3_mixed_scene_0134.wav,3,mixed_scene,dog,door_wood_creaks,thunderstorm,0.4426903200254944,0.3740376322923815,0.18327204768212402
scene3_mixed_scene_0135.wav,3,mixed_scene,laughing,brushing_teeth,rain,0.2144340879636317,0.2762785021825158,0.5092874098538525
scene3_mixed_scene_0136.wav,3,mixed_scene,frog,helicopter,wind,0.2945538899734941,0.2857359531555044,0.41971015687100155
scene3_mixed_scene_0137.wav,3,mixed_scene,pig,mouse_click,rain,0.20043013805882948,0.37876012871654413,0.42080973322462634
scene3_mixed_scene_0138.wav,3,mixed_scene,dog,vacuum_cleaner,sea_waves,0.08119861216314515,0.32718449668811495,0.5916168911487398
scene3_mixed_scene_0139.wav,3,mixed_scene,crickets,engine,crackling_fire,0.03902272651216437,0.36925124062977893,0.5917260328580566
scene3_mixed_scene_0140.wav,3,mixed_scene,cat,fireworks,wind,0.718676038240626,0.10842476920220778,0.1728991925571662
scene3_mixed_scene_0141.wav,3,mixed_scene,snoring,engine,rain,0.050379714278616504,0.4070792191407715,0.5425410665806119
scene3_mixed_scene_0142.wav,3,mixed_scene,dog,keyboard_typing,wind,0.4400560918899601,0.23432460136732516,0.32561930674271494
scene3_mixed_scene_0143.wav,3,mixed_scene,cow,airplane,water_drops,0.4620797792515143,0.12147842957781363,0.41644179117067204
scene3_mixed_scene_0144.wav,3,mixed_scene,clapping,clock_alarm,crackling_fire,0.4947588564998166,0.2971884700115686,0.20805267348861473
scene3_mixed_scene_0145.wav,3,mixed_scene,dog,helicopter,wind,0.508153551641525,0.3010422997631568,0.19080414859531822
scene3_mixed_scene_0146.wav,3,mixed_scene,snoring,helicopter,water_drops,0.44685853944926796,0.19519021196482023,0.35795124858591176
scene3_mixed_scene_0147.wav,3,mixed_scene,chirping_birds,airplane,water_drops,0.43274784905111624,0.17729304475039698,0.3899591061984867
scene3_mixed_scene_0148.wav,3,mixed_scene,cat,drinking_sipping,rain,0.5059078631404375,0.3811681875859823,0.11292394927358007
scene3_mixed_scene_0149.wav,3,mixed_scene,crow,pouring_water,rain,0.21021603628841598,0.24019992932320794,0.549584034388376
scene3_mixed_scene_0150.wav,3,mixed_scene,crying_baby,mouse_click,wind,0.6259649853134125,0.31875682386062093,0.055278190825966335
scene3_mixed_scene_0151.wav,3,mixed_scene,coughing,chainsaw,sea_waves,0.5520601498429926,0.20796625771424548,0.23997359244276198
scene3_mixed_scene_0152.wav,3,mixed_scene,insects,door_wood_creaks,wind,0.17196024175333224,0.34936080269817577,0.478678955548492
scene3_mixed_scene_0153.wav,3,mixed_scene,laughing,brushing_teeth,rain,0.24649302834973486,0.32546624036748567,0.42804073128277936
scene3_mixed_scene_0154.wav,3,mixed_scene,rooster,vacuum_cleaner,wind,0.30620258445194487,0.253958523996319,0.43983889155173617
scene3_mixed_scene_0155.wav,3,mixed_scene,insects,airplane,wind,0.3359446081737205,0.37145631773712773,0.2925990740891518
scene3_mixed_scene_0156.wav,3,mixed_scene,snoring,drinking_sipping,sea_waves,0.47440020816873635,0.05784892818812747,0.4677508636431361
scene3_mixed_scene_0157.wav,3,mixed_scene,sneezing,helicopter,crackling_fire,0.08744969621108342,0.38945218097224243,0.5230981228166742
scene3_mixed_scene_0158.wav,3,mixed_scene,crickets,vacuum_cleaner,sea_waves,0.5509711558436511,0.2832934189398915,0.16573542521645745
scene3_mixed_scene_0159.wav,3,mixed_scene,breathing,car_horn,rain,0.38732422369909125,0.45562638520434773,0.1570493910965609
scene3_mixed_scene_0160.wav,3,mixed_scene,chirping_birds,helicopter,thunderstorm,0.17106897827095952,0.5844307926070629,0.24450022912197766
scene3_mixed_scene_0161.wav,3,mixed_scene,coughing,pouring_water,thunderstorm,0.1372344897311821,0.3667146204215817,0.49605088984723616
scene3_mixed_scene_0162.wav,3,mixed_scene,dog,pouring_water,crackling_fire,0.3397776223673912,0.47472799650011127,0.1854943811324975
scene3_mixed_scene_0163.wav,3,mixed_scene,sneezing,clock_alarm,crackling_fire,0.5198394889804527,0.16784961778235252,0.31231089323719485
scene3_mixed_scene_0164.wav,3,mixed_scene,coughing,car_horn,thunderstorm,0.16109112371802375,0.4383172462910519,0.4005916299909241
scene3_mixed_scene_0165.wav,3,mixed_scene,insects,pouring_water,wind,0.5920172124357355,0.1722737124762769,0.23570907508798775
scene3_mixed_scene_0166.wav,3,mixed_scene,breathing,church_bells,water_drops,0.18381676428884522,0.4497769448149252,0.3664062908962296
scene3_mixed_scene_0167.wav,3,mixed_scene,crickets,clock_alarm,crackling_fire,0.39759219475521335,0.4713230468451798,0.13108475839960684
scene3_mixed_scene_0168.wav,3,mixed_scene,coughing,brushing_teeth,crackling_fire,0.4211685269988765,0.3446210303602804,0.2342104426408431
scene3_mixed_scene_0169.wav,3,mixed_scene,laughing,fireworks,water_drops,0.08861926444515077,0.30109671865059706,0.610284016904252
scene3_mixed_scene_0170.wav,3,mixed_scene,cat,engine,wind,0.24721679754391543,0.42533199632908675,0.32745120612699785
scene3_mixed_scene_0171.wav,3,mixed_scene,cat,chainsaw,sea_waves,0.33085181224665533,0.5652843818573278,0.10386380589601701
scene3_mixed_scene_0172.wav,3,mixed_scene,pig,keyboard_typing,water_drops,0.32071195664880087,0.11724225322498533,0.5620457901262138
scene3_mixed_scene_0173.wav,3,mixed_scene,chirping_birds,engine,sea_waves,0.30640770800418143,0.2502715254025322,0.44332076659328634
scene3_mixed_scene_0174.wav,3,mixed_scene,sneezing,mouse_click,crackling_fire,0.2862264823765413,0.453321747292592,0.2604517703308668
scene3_mixed_scene_0175.wav,3,mixed_scene,frog,mouse_click,rain,0.41342214506808894,0.45089836557229446,0.1356794893596166
scene3_mixed_scene_0176.wav,3,mixed_scene,crickets,car_horn,wind,0.07018780071939669,0.4190835382877967,0.5107286609928066
scene3_mixed_scene_0177.wav,3,mixed_scene,laughing,footsteps,rain,0.6037272732960896,0.3034899621335148,0.09278276457039566
scene3_mixed_scene_0178.wav,3,mixed_scene,crow,clock_tick,thunderstorm,0.2528756595452297,0.31434252551120107,0.43278181494356915
scene3_mixed_scene_0179.wav,3,mixed_scene,dog,door_wood_knock,water_drops,0.5203260025583566,0.1315484206033259,0.3481255768383176
scene3_mixed_scene_0180.wav,3,mixed_scene,snoring,clock_tick,wind,0.12038457163071604,0.43641475076658026,0.4432006776027037
scene3_mixed_scene_0181.wav,3,mixed_scene,dog,clock_alarm,water_drops,0.4052614365247084,0.29417978681517676,0.30055877666011466
scene3_mixed_scene_0182.wav,3,mixed_scene,hen,mouse_click,sea_waves,0.3753442564422556,0.35747573495129,0.2671800086064545
scene3_mixed_scene_0183.wav,3,mixed_scene,crying_baby,helicopter,rain,0.17564819707035634,0.2852575720404554,0.5390942308891884
scene3_mixed_scene_0184.wav,3,mixed_scene,pig,fireworks,rain,0.5479487552380462,0.17027079233893888,0.2817804524230149
scene3_mixed_scene_0185.wav,3,mixed_scene,rooster,fireworks,rain,0.45103764855409145,0.2507048231781603,0.2982575282677482
scene3_mixed_scene_0186.wav,3,mixed_scene,coughing,clock_alarm,thunderstorm,0.3404227640438106,0.379468507764843,0.28010872819134636
scene3_mixed_scene_0187.wav,3,mixed_scene,crickets,toilet_flush,water_drops,0.4512612960857508,0.33150796267195476,0.21723074124229458
scene3_mixed_scene_0188.wav,3,mixed_scene,crickets,car_horn,crackling_fire,0.8047608314300245,0.10033690071801056,0.0949022678519649
scene3_mixed_scene_0189.wav,3,mixed_scene,rooster,mouse_click,thunderstorm,0.16759849719088168,0.09758051298829558,0.7348209898208228
scene3_mixed_scene_0190.wav,3,mixed_scene,rooster,can_opening,wind,0.1388680976308318,0.4307276810732551,0.43040422129591316
scene3_mixed_scene_0191.wav,3,mixed_scene,frog,helicopter,sea_waves,0.561260844873232,0.15988376210134025,0.2788553930254277
scene3_mixed_scene_0192.wav,3,mixed_scene,coughing,washing_machine,wind,0.3952514510207931,0.19737017344917157,0.40737837553003536
scene3_mixed_scene_0193.wav,3,mixed_scene,cat,chainsaw,rain,0.28890747580607273,0.2188948264335971,0.49219769776033023
scene3_mixed_scene_0194.wav,3,mixed_scene,sheep,mouse_click,crackling_fire,0.25703577569734176,0.44583590125786565,0.2971283230447926
scene3_mixed_scene_0195.wav,3,mixed_scene,rooster,engine,rain,0.37973138007114854,0.1284760552819933,0.49179256464685817
scene3_mixed_scene_0196.wav,3,mixed_scene,clapping,toilet_flush,rain,0.17403925567025036,0.44781823839321727,0.3781425059365325
scene3_mixed_scene_0197.wav,3,mixed_scene,pig,door_wood_creaks,crackling_fire,0.28138306774536737,0.3599420116897989,0.3586749205648339
scene3_mixed_scene_0198.wav,3,mixed_scene,crying_baby,train,sea_waves,0.5149187413104707,0.07991253400597767,0.40516872468355153
scene3_mixed_scene_0199.wav,3,mixed_scene,dog,glass_breaking,thunderstorm,0.13317512081814015,0.16775195249866182,0.699072926683198
scene3_mixed_scene_0200.wav,3,mixed_scene,rooster,engine,wind,0.09789355882178451,0.3891137090016159,0.5129927321765996
scene3_mixed_scene_0201.wav,3,mixed_scene,chirping_birds,footsteps,sea_waves,0.28255935745908317,0.4672246267144906,0.25021601582642616
scene3_mixed_scene_0202.wav,3,mixed_scene,cow,hand_saw,water_drops,0.6285532488053169,0.18078676681548392,0.1906599843791992
scene3_mixed_scene_0203.wav,3,mixed_scene,chirping_birds,siren,water_drops,0.34537637904969054,0.2030891721861314,0.451534448764178
scene3_mixed_scene_0204.wav,3,mixed_scene,sneezing,door_wood_creaks,thunderstorm,0.419854661355318,0.4913900524747922,0.08875528616988981
scene3_mixed_scene_0205.wav,3,mixed_scene,crickets,airplane,sea_waves,0.4453351907890343,0.3306568255268825,0.22400798368408337
scene3_mixed_scene_0206.wav,3,mixed_scene,crow,siren,crackling_fire,0.3987853433137446,0.40388151914071607,0.19733313754553952
scene3_mixed_scene_0207.wav,3,mixed_scene,crickets,door_wood_creaks,crackling_fire,0.24290634829465158,0.5331339460709821,0.22395970563436654
scene3_mixed_scene_0208.wav,3,mixed_scene,coughing,mouse_click,water_drops,0.5827517513894336,0.286343102315603,0.13090514629496328
scene3_mixed_scene_0209.wav,3,mixed_scene,snoring,helicopter,wind,0.2199782181156018,0.4136292564959843,0.36639252538841377
scene3_mixed_scene_0210.wav,3,mixed_scene,hen,helicopter,wind,0.09564963081728683,0.27333070207195903,0.6310196671107541
scene3_mixed_scene_0211.wav,3,mixed_scene,pig,clock_alarm,sea_waves,0.38506600047669354,0.3513249207607289,0.2636090787625777
scene3_mixed_scene_0212.wav,3,mixed_scene,clapping,hand_saw,crackling_fire,0.4000822266322206,0.38817033283757113,0.21174744053020825
scene3_mixed_scene_0213.wav,3,mixed_scene,crow,engine,rain,0.38126622511711605,0.39942054664721716,0.21931322823566685
scene3_mixed_scene_0214.wav,3,mixed_scene,clapping,keyboard_typing,sea_waves,0.20167596524895667,0.3352170705899672,0.4631069641610762
scene3_mixed_scene_0215.wav,3,mixed_scene,coughing,brushing_teeth,crackling_fire,0.3961750963256808,0.2230679448917774,0.38075695878254184
scene3_mixed_scene_0216.wav,3,mixed_scene,laughing,pouring_water,rain,0.2158877798766753,0.35265318204550855,0.43145903807781605
scene3_mixed_scene_0217.wav,3,mixed_scene,laughing,keyboard_typing,wind,0.03442913877798481,0.5963436553550975,0.36922720586691776
scene3_mixed_scene_0218.wav,3,mixed_scene,sheep,clock_tick,water_drops,0.3624494565162817,0.32170124850290355,0.3158492949808148
scene3_mixed_scene_0219.wav,3,mixed_scene,snoring,pouring_water,water_drops,0.4546900115115369,0.27596941754180493,0.26934057094665825
scene3_mixed_scene_0220.wav,3,mixed_scene,crying_baby,airplane,crackling_fire,0.1695700515010996,0.3306774156439854,0.49975253285491505
scene3_mixed_scene_0221.wav,3,mixed_scene,coughing,chainsaw,rain,0.6737225396294253,0.19692069190827996,0.12935676846229469
scene3_mixed_scene_0222.wav,3,mixed_scene,chirping_birds,pouring_water,rain,0.4240734365851799,0.18860906864367033,0.38731749477114974
scene3_mixed_scene_0223.wav,3,mixed_scene,insects,airplane,sea_waves,0.16337947015027457,0.5401961873380441,0.2964243425116814
scene3_mixed_scene_0224.wav,3,mixed_scene,hen,church_bells,crackling_fire,0.33319863363449037,0.412420094094641,0.25438127227086876
scene3_mixed_scene_0225.wav,3,mixed_scene,frog,car_horn,sea_waves,0.09867896693011126,0.6921710216136807,0.20915001145620796
scene3_mixed_scene_0226.wav,3,mixed_scene,coughing,helicopter,wind,0.266662140492668,0.3048620977672261,0.42847576174010576
scene3_mixed_scene_0227.wav,3,mixed_scene,snoring,drinking_sipping,sea_waves,0.08028623504002079,0.546574891929067,0.3731388730309121
scene3_mixed_scene_0228.wav,3,mixed_scene,crickets,helicopter,crackling_fire,0.3831729305847362,0.1508512709681191,0.46597579844714476
scene3_mixed_scene_0229.wav,3,mixed_scene,rooster,washing_machine,thunderstorm,0.5132617485944136,0.1510983902705802,0.33563986113500605
scene3_mixed_scene_0230.wav,3,mixed_scene,pig,can_opening,water_drops,0.1225366992765998,0.6119120171056163,0.26555128361778396
scene3_mixed_scene_0231.wav,3,mixed_scene,sheep,engine,crackling_fire,0.08824790079598302,0.4506231884944534,0.46112891070956363
scene3_mixed_scene_0232.wav,3,mixed_scene,pig,chainsaw,water_drops,0.338359669432862,0.30475137975151584,0.3568889508156222
scene3_mixed_scene_0233.wav,3,mixed_scene,breathing,washing_machine,wind,0.48377744925057115,0.20728979713558626,0.3089327536138426
scene3_mixed_scene_0234.wav,3,mixed_scene,rooster,chainsaw,wind,0.3680245827193884,0.2508843439063927,0.3810910733742187
scene3_mixed_scene_0235.wav,3,mixed_scene,snoring,keyboard_typing,rain,0.5676490359765439,0.3740968810570012,0.05825408296645467
scene3_mixed_scene_0236.wav,3,mixed_scene,chirping_birds,toilet_flush,crackling_fire,0.34846032860869114,0.32827266211496825,0.3232670092763405
scene3_mixed_scene_0237.wav,3,mixed_scene,hen,hand_saw,rain,0.14734993890793552,0.3310580311752451,0.5215920299168193
scene3_mixed_scene_0238.wav,3,mixed_scene,hen,car_horn,rain,0.6643088660126354,0.05600464318812398,0.2796864907992407
scene3_mixed_scene_0239.wav,3,mixed_scene,crying_baby,keyboard_typing,crackling_fire,0.23707302457759905,0.1467939524377381,0.616133022984663
scene3_mixed_scene_0240.wav,3,mixed_scene,rooster,engine,wind,0.3474864336925105,0.2998151593460702,0.35269840696141924
scene3_mixed_scene_0241.wav,3,mixed_scene,snoring,vacuum_cleaner,thunderstorm,0.24610704791150853,0.45081204141908354,0.303080910669408
scene3_mixed_scene_0242.wav,3,mixed_scene,sheep,car_horn,thunderstorm,0.4173511088682614,0.3933667860203409,0.1892821051113977
scene3_mixed_scene_0243.wav,3,mixed_scene,dog,drinking_sipping,wind,0.36562033077825823,0.24851050214943887,0.3858691670723029
scene3_mixed_scene_0244.wav,3,mixed_scene,sneezing,airplane,sea_waves,0.5250936002680902,0.1914802829458947,0.28342611678601515
scene3_mixed_scene_0245.wav,3,mixed_scene,cat,train,rain,0.14906264630699137,0.12336484167403249,0.727572512018976
scene3_mixed_scene_0246.wav,3,mixed_scene,sheep,can_opening,rain,0.2617374456100777,0.4510761663705901,0.28718638801933216
scene3_mixed_scene_0247.wav,3,mixed_scene,crying_baby,clock_alarm,thunderstorm,0.2624340702368077,0.39508225373232264,0.34248367603086965
scene3_mixed_scene_0248.wav,3,mixed_scene,clapping,chainsaw,crackling_fire,0.3116078227314566,0.3420420078936633,0.34635016937488017
scene3_mixed_scene_0249.wav,3,mixed_scene,sneezing,chainsaw,thunderstorm,0.2131406156582657,0.36661335536925194,0.42024602897248237
scene3_mixed_scene_0250.wav,3,mixed_scene,crow,vacuum_cleaner,water_drops,0.2603403730134148,0.14918819467230793,0.5904714323142773
scene3_mixed_scene_0251.wav,3,mixed_scene,crickets,church_bells,thunderstorm,0.24242240608646443,0.4735285195800065,0.284049074333529
scene3_mixed_scene_0252.wav,3,mixed_scene,crickets,clock_alarm,wind,0.6219537361737271,0.2508052138051562,0.12724105002111685
scene3_mixed_scene_0253.wav,3,mixed_scene,insects,fireworks,crackling_fire,0.4217577341224048,0.23718289724300226,0.34105936863459285
scene3_mixed_scene_0254.wav,3,mixed_scene,breathing,chainsaw,thunderstorm,0.4996025802591562,0.3002755718187186,0.20012184792212523
scene3_mixed_scene_0255.wav,3,mixed_scene,chirping_birds,clock_alarm,thunderstorm,0.3546829262667546,0.4947965564135573,0.1505205173196881
scene3_mixed_scene_0256.wav,3,mixed_scene,dog,hand_saw,rain,0.41686716539276564,0.32885603777641254,0.25427679683082177
scene3_mixed_scene_0257.wav,3,mixed_scene,snoring,toilet_flush,crackling_fire,0.2903245578808185,0.4471178467750442,0.2625575953441374
scene3_mixed_scene_0258.wav,3,mixed_scene,snoring,airplane,thunderstorm,0.39665573488949935,0.25047191420234455,0.35287235090815605
scene3_mixed_scene_0259.wav,3,mixed_scene,cat,helicopter,water_drops,0.46314311925282725,0.24204196618701485,0.2948149145601578
scene3_mixed_scene_0260.wav,3,mixed_scene,insects,door_wood_knock,wind,0.18645972068707647,0.40708581833427837,0.4064544609786451
scene3_mixed_scene_0261.wav,3,mixed_scene,chirping_birds,chainsaw,crackling_fire,0.34379482566067887,0.10768643799398205,0.548518736345339
scene3_mixed_scene_0262.wav,3,mixed_scene,breathing,door_wood_creaks,sea_waves,0.3286173924540649,0.2404159200732425,0.43096668747269257
scene3_mixed_scene_0263.wav,3,mixed_scene,frog,washing_machine,wind,0.5874430009527937,0.2759326242811282,0.1366243747660782
scene3_mixed_scene_0264.wav,3,mixed_scene,dog,washing_machine,sea_waves,0.3409266969652968,0.34015440332942287,0.3189188997052804
scene3_mixed_scene_0265.wav,3,mixed_scene,coughing,car_horn,water_drops,0.12056565856423393,0.4942145982173251,0.385219743218441
scene3_mixed_scene_0266.wav,3,mixed_scene,pig,drinking_sipping,thunderstorm,0.4078393259254581,0.30473641799359885,0.28742425608094313
scene3_mixed_scene_0267.wav,3,mixed_scene,pig,car_horn,water_drops,0.39959637843142043,0.1645616404293305,0.43584198113924905
scene3_mixed_scene_0268.wav,3,mixed_scene,coughing,washing_machine,rain,0.48961319541477455,0.17762473102157153,0.33276207356365395
scene3_mixed_scene_0269.wav,3,mixed_scene,cow,washing_machine,sea_waves,0.4167407721546595,0.49010677447469436,0.0931524533706462
scene3_mixed_scene_0270.wav,3,mixed_scene,cat,chainsaw,crackling_fire,0.14442698997437348,0.47128819669223726,0.38428481333338926
scene3_mixed_scene_0271.wav,3,mixed_scene,frog,drinking_sipping,rain,0.37786451990295256,0.4414823647744416,0.18065311532260594
scene3_mixed_scene_0272.wav,3,mixed_scene,chirping_birds,glass_breaking,water_drops,0.11425880954600252,0.6357776931419931,0.24996349731200448
scene3_mixed_scene_0273.wav,3,mixed_scene,sneezing,siren,wind,0.13210255680218733,0.3745070864294654,0.49339035676834725
scene3_mixed_scene_0274.wav,3,mixed_scene,laughing,airplane,wind,0.3669272827359239,0.2702256444375428,0.36284707282653333
scene3_mixed_scene_0275.wav,3,mixed_scene,chirping_birds,helicopter,wind,0.2158834175792852,0.4121514315650271,0.37196515085568754
scene3_mixed_scene_0276.wav,3,mixed_scene,cat,fireworks,sea_waves,0.2915876996818132,0.3898704279981267,0.31854187232006015
scene3_mixed_scene_0277.wav,3,mixed_scene,breathing,chainsaw,water_drops,0.25083369782865866,0.5001414476818601,0.24902485448948117
scene3_mixed_scene_0278.wav,3,mixed_scene,crying_baby,fireworks,water_drops,0.2994690601467888,0.5350045945953439,0.1655263452578671
scene3_mixed_scene_0279.wav,3,mixed_scene,breathing,keyboard_typing,crackling_fire,0.6194498786814494,0.22531880779240798,0.15523131352614253
scene3_mixed_scene_0280.wav,3,mixed_scene,snoring,mouse_click,rain,0.34870161036188557,0.3957231540625833,0.25557523557553113
scene3_mixed_scene_0281.wav,3,mixed_scene,cat,vacuum_cleaner,sea_waves,0.26466186305780154,0.5677967315578896,0.1675414053843089
scene3_mixed_scene_0282.wav,3,mixed_scene,breathing,can_opening,wind,0.07308238639026668,0.44626754982988387,0.4806500637798495
scene3_mixed_scene_0283.wav,3,mixed_scene,sneezing,clock_alarm,sea_waves,0.37247138900238563,0.3548239706821977,0.2727046403154167
scene3_mixed_scene_0284.wav,3,mixed_scene,coughing,mouse_click,rain,0.38473398303895917,0.2295228190380389,0.38574319792300205
scene3_mixed_scene_0285.wav,3,mixed_scene,snoring,engine,thunderstorm,0.17746233800360886,0.5162924052771163,0.3062452567192749
scene3_mixed_scene_0286.wav,3,mixed_scene,clapping,vacuum_cleaner,rain,0.27128901382208087,0.3672316471583468,0.36147933901957247
scene3_mixed_scene_0287.wav,3,mixed_scene,cat,car_horn,rain,0.4757996424116712,0.3530866527627626,0.17111370482556632
scene3_mixed_scene_0288.wav,3,mixed_scene,cat,siren,thunderstorm,0.2545750467384572,0.5565164573267944,0.18890849593474845
scene3_mixed_scene_0289.wav,3,mixed_scene,frog,brushing_teeth,rain,0.5251465341302597,0.363050262550058,0.11180320331968224
scene3_mixed_scene_0290.wav,3,mixed_scene,sneezing,train,wind,0.28819783205255495,0.31473839826505495,0.39706376968239016
scene3_mixed_scene_0291.wav,3,mixed_scene,hen,engine,wind,0.24230075806433576,0.2652728699741464,0.49242637196151784
scene3_mixed_scene_0292.wav,3,mixed_scene,sheep,drinking_sipping,water_drops,0.09742357541872586,0.523995465595892,0.37858095898538213
scene3_mixed_scene_0293.wav,3,mixed_scene,insects,footsteps,water_drops,0.3472755815199133,0.5972177251781665,0.05550669330192013
scene3_mixed_scene_0294.wav,3,mixed_scene,coughing,pouring_water,water_drops,0.4151318295334791,0.2193408454583046,0.36552732500821633
scene3_mixed_scene_0295.wav,3,mixed_scene,laughing,washing_machine,crackling_fire,0.22756242074889785,0.3648712249777977,0.4075663542733045
scene3_mixed_scene_0296.wav,3,mixed_scene,rooster,fireworks,rain,0.22244699386176972,0.41350632337554866,0.3640466827626817
scene3_mixed_scene_0297.wav,3,mixed_scene,hen,pouring_water,rain,0.264556466571474,0.2664873549055079,0.468956178523018
scene3_mixed_scene_0298.wav,3,mixed_scene,crickets,airplane,sea_waves,0.3316307982226269,0.4149956245522433,0.2533735772251297
scene3_mixed_scene_0299.wav,3,mixed_scene,crow,car_horn,wind,0.34582082125584956,0.22495698035234968,0.4292221983918009
scene3_mixed_scene_0300.wav,3,mixed_scene,crying_baby,can_opening,water_drops,0.15089281979673366,0.45555563286987555,0.39355154733339065
scene3_mixed_scene_0301.wav,3,mixed_scene,coughing,washing_machine,crackling_fire,0.18402270624141462,0.5963170691002642,0.2196602246583212
scene3_mixed_scene_0302.wav,3,mixed_scene,hen,train,thunderstorm,0.2529912386148121,0.5494919781397758,0.19751678324541228
scene3_mixed_scene_0303.wav,3,mixed_scene,pig,clock_alarm,water_drops,0.4801472037101762,0.31670903500725184,0.203143761282572
scene3_mixed_scene_0304.wav,3,mixed_scene,sneezing,door_wood_knock,water_drops,0.2903824635922259,0.28255381727901147,0.4270637191287626
scene3_mixed_scene_0305.wav,3,mixed_scene,snoring,pouring_water,wind,0.19395108775982936,0.2768482115580082,0.5292007006821624
scene3_mixed_scene_0306.wav,3,mixed_scene,sneezing,church_bells,water_drops,0.3872906277156663,0.4554621569864396,0.15724721529789418
scene3_mixed_scene_0307.wav,3,mixed_scene,laughing,glass_breaking,thunderstorm,0.30248400101056644,0.3323211653663825,0.36519483362305094
scene3_mixed_scene_0308.wav,3,mixed_scene,snoring,vacuum_cleaner,water_drops,0.6191117970740204,0.057013647382942734,0.32387455554303685
scene3_mixed_scene_0309.wav,3,mixed_scene,rooster,brushing_teeth,rain,0.4357487069528984,0.46075564687284887,0.10349564617425269
scene3_mixed_scene_0310.wav,3,mixed_scene,insects,can_opening,thunderstorm,0.30135934950363474,0.36453548561623766,0.33410516488012754
scene3_mixed_scene_0311.wav,3,mixed_scene,pig,can_opening,water_drops,0.1431367059544837,0.3056667942804835,0.5511964997650328
scene3_mixed_scene_0312.wav,3,mixed_scene,sheep,keyboard_typing,crackling_fire,0.08681747552631756,0.7265513498894038,0.18663117458427844
scene3_mixed_scene_0313.wav,3,mixed_scene,breathing,helicopter,sea_waves,0.4037927863849326,0.25968528215119696,0.33652193146387044
scene3_mixed_scene_0314.wav,3,mixed_scene,cat,door_wood_knock,crackling_fire,0.31225940518351547,0.3939046882411753,0.2938359065753092
scene3_mixed_scene_0315.wav,3,mixed_scene,rooster,toilet_flush,wind,0.7026628170609192,0.08119095443310027,0.21614622850598073
scene3_mixed_scene_0316.wav,3,mixed_scene,hen,can_opening,rain,0.2863591513561486,0.38478335285716153,0.3288574957866899
scene3_mixed_scene_0317.wav,3,mixed_scene,crying_baby,footsteps,wind,0.1866653164046745,0.31277367564404834,0.500561007951277
scene3_mixed_scene_0318.wav,3,mixed_scene,crickets,airplane,sea_waves,0.3838955290720863,0.4472420225471606,0.16886244838075315
scene3_mixed_scene_0319.wav,3,mixed_scene,sneezing,engine,sea_waves,0.17199483238383562,0.43037020538264315,0.3976349622335212
scene3_mixed_scene_0320.wav,3,mixed_scene,chirping_birds,clock_tick,sea_waves,0.3961194153408618,0.20334549110435815,0.40053509355478
scene3_mixed_scene_0321.wav,3,mixed_scene,hen,washing_machine,water_drops,0.20567548199417507,0.3349489992456959,0.4593755187601291
scene3_mixed_scene_0322.wav,3,mixed_scene,crickets,glass_breaking,rain,0.2941120105999626,0.538581531380856,0.1673064580191813
scene3_mixed_scene_0323.wav,3,mixed_scene,crickets,door_wood_creaks,sea_waves,0.2052034442308591,0.3529711021412609,0.44182545362787995
scene3_mixed_scene_0324.wav,3,mixed_scene,crying_baby,helicopter,sea_waves,0.41552815844215873,0.22924112424922827,0.35523071730861294
scene3_mixed_scene_0325.wav,3,mixed_scene,insects,siren,rain,0.382098063738675,0.4334398084032357,0.18446212785808933
scene3_mixed_scene_0326.wav,3,mixed_scene,crickets,church_bells,sea_waves,0.4836736555864087,0.38941129321313656,0.12691505120045474
scene3_mixed_scene_0327.wav,3,mixed_scene,clapping,pouring_water,rain,0.18644177193693767,0.28881981177250693,0.5247384162905553
scene3_mixed_scene_0328.wav,3,mixed_scene,coughing,footsteps,thunderstorm,0.3162567116628493,0.3056977101182231,0.37804557821892765
scene3_mixed_scene_0329.wav,3,mixed_scene,cow,clock_tick,crackling_fire,0.2849073912351472,0.3219307620362652,0.3931618467285877
scene3_mixed_scene_0330.wav,3,mixed_scene,laughing,engine,sea_waves,0.3909035346307504,0.2580125619848714,0.3510839033843782
scene3_mixed_scene_0331.wav,3,mixed_scene,chirping_birds,toilet_flush,sea_waves,0.19789148454866828,0.4789445424481594,0.32316397300317246
scene3_mixed_scene_0332.wav,3,mixed_scene,breathing,fireworks,water_drops,0.1843914765518474,0.5112913414601694,0.30431718198798335
scene3_mixed_scene_0333.wav,3,mixed_scene,chirping_birds,train,sea_waves,0.4437953910449242,0.2314211063149651,0.3247835026401107
scene3_mixed_scene_0334.wav,3,mixed_scene,breathing,pouring_water,wind,0.22718463990551743,0.4601870651585176,0.312628294935965
scene3_mixed_scene_0335.wav,3,mixed_scene,hen,siren,sea_waves,0.056775882940522986,0.3945470714404905,0.5486770456189866
scene3_mixed_scene_0336.wav,3,mixed_scene,cat,airplane,rain,0.28382688231907716,0.4941467458331077,0.22202637184781504
scene3_mixed_scene_0337.wav,3,mixed_scene,dog,church_bells,rain,0.36231216571147334,0.40240811586075614,0.23527971842777057
scene3_mixed_scene_0338.wav,3,mixed_scene,laughing,door_wood_knock,sea_waves,0.1077909457289269,0.16344589765372916,0.728763156617344
scene3_mixed_scene_0339.wav,3,mixed_scene,dog,airplane,thunderstorm,0.20701904376015298,0.40947174249657825,0.38350921374326874
scene3_mixed_scene_0340.wav,3,mixed_scene,pig,pouring_water,water_drops,0.6731862885701978,0.16695388568545466,0.15985982574434757
scene3_mixed_scene_0341.wav,3,mixed_scene,crying_baby,church_bells,water_drops,0.30745833976784226,0.38812591545222297,0.30441574477993477
scene3_mixed_scene_0342.wav,3,mixed_scene,hen,brushing_teeth,water_drops,0.1333765039894919,0.37449044849903634,0.4921330475114718
scene3_mixed_scene_0343.wav,3,mixed_scene,sneezing,door_wood_creaks,thunderstorm,0.3605003940410191,0.29600862880753026,0.34349097715145066
scene3_mixed_scene_0344.wav,3,mixed_scene,crow,mouse_click,crackling_fire,0.36721412291989164,0.3063822140418439,0.3264036630382644
scene3_mixed_scene_0345.wav,3,mixed_scene,laughing,fireworks,rain,0.322103192842097,0.35153439379509505,0.3263624133628081
scene3_mixed_scene_0346.wav,3,mixed_scene,rooster,clock_tick,wind,0.4743698208730745,0.49703754339364753,0.02859263573327796
scene3_mixed_scene_0347.wav,3,mixed_scene,laughing,train,crackling_fire,0.1450577562707225,0.47958774877554294,0.3753544949537345
scene3_mixed_scene_0348.wav,3,mixed_scene,cat,door_wood_creaks,water_drops,0.30187361632996473,0.39030002140828346,0.30782636226175186
scene3_mixed_scene_0349.wav,3,mixed_scene,breathing,siren,sea_waves,0.2509382880048866,0.405712105782959,0.34334960621215443
scene3_mixed_scene_0350.wav,3,mixed_scene,snoring,drinking_sipping,water_drops,0.6891511736425108,0.19955928409648938,0.11128954226099999
scene3_mixed_scene_0351.wav,3,mixed_scene,crow,train,rain,0.3959496540090975,0.2846283396754414,0.31942200631546125
scene3_mixed_scene_0352.wav,3,mixed_scene,crickets,washing_machine,wind,0.2612234365210586,0.32974249077218115,0.40903407270676023
scene3_mixed_scene_0353.wav,3,mixed_scene,crying_baby,clock_tick,crackling_fire,0.3192861604121654,0.601221396405598,0.07949244318223661
scene3_mixed_scene_0354.wav,3,mixed_scene,cat,clock_tick,sea_waves,0.3155822875245263,0.244256365938439,0.44016134653703476
scene3_mixed_scene_0355.wav,3,mixed_scene,breathing,glass_breaking,water_drops,0.2429944910830797,0.5789488911680581,0.17805661774886208
scene3_mixed_scene_0356.wav,3,mixed_scene,chirping_birds,engine,sea_waves,0.42639041445922754,0.4211080113609834,0.1525015741797892
scene3_mixed_scene_0357.wav,3,mixed_scene,crickets,door_wood_knock,wind,0.24786709625795955,0.47171610835446365,0.2804167953875768
scene3_mixed_scene_0358.wav,3,mixed_scene,laughing,vacuum_cleaner,thunderstorm,0.4050753885860783,0.3488846648273866,0.24603994658653525
scene3_mixed_scene_0359.wav,3,mixed_scene,rooster,engine,rain,0.504893084098421,0.28329098460755997,0.21181593129401888
scene3_mixed_scene_0360.wav,3,mixed_scene,breathing,glass_breaking,water_drops,0.5053756884410551,0.22694711410450594,0.2676771974544389
scene3_mixed_scene_0361.wav,3,mixed_scene,crying_baby,footsteps,water_drops,0.45313202476385356,0.23623956264192808,0.31062841259421836
scene3_mixed_scene_0362.wav,3,mixed_scene,frog,drinking_sipping,sea_waves,0.5700507662626045,0.05562699141994282,0.37432224231745254
scene3_mixed_scene_0363.wav,3,mixed_scene,insects,airplane,wind,0.345044207523727,0.49191063340703384,0.16304515906923914
scene3_mixed_scene_0364.wav,3,mixed_scene,crickets,hand_saw,water_drops,0.3013260715543707,0.3137022571515896,0.3849716712940397
scene3_mixed_scene_0365.wav,3,mixed_scene,breathing,train,sea_waves,0.42505819356441193,0.24245903940664806,0.3324827670289398
scene3_mixed_scene_0366.wav,3,mixed_scene,cat,door_wood_knock,thunderstorm,0.6345358972001288,0.2510987618811296,0.11436534091874158
scene3_mixed_scene_0367.wav,3,mixed_scene,clapping,can_opening,crackling_fire,0.395474778007687,0.14891198670889666,0.4556132352834164
scene3_mixed_scene_0368.wav,3,mixed_scene,sneezing,siren,wind,0.24370509185498168,0.6079114112350433,0.1483834969099751
scene3_mixed_scene_0369.wav,3,mixed_scene,laughing,clock_alarm,rain,0.21084444280258618,0.546503969672005,0.24265158752540902
scene3_mixed_scene_0370.wav,3,mixed_scene,clapping,engine,thunderstorm,0.2352680854688121,0.25615452854745,0.5085773859837379
scene3_mixed_scene_0371.wav,3,mixed_scene,cow,can_opening,water_drops,0.36707467449316356,0.3050850292628644,0.327840296243972
scene3_mixed_scene_0372.wav,3,mixed_scene,crying_baby,siren,wind,0.33756599972314416,0.17081451287114086,0.49161948740571504
scene3_mixed_scene_0373.wav,3,mixed_scene,insects,glass_breaking,sea_waves,0.3265283066590799,0.4806009111839601,0.19287078215695985
scene3_mixed_scene_0374.wav,3,mixed_scene,crickets,fireworks,thunderstorm,0.19204609372520964,0.6944603057449699,0.11349360052982041
scene3_mixed_scene_0375.wav,3,mixed_scene,rooster,car_horn,crackling_fire,0.38613864663600467,0.4251778026586466,0.1886835507053487
scene3_mixed_scene_0376.wav,3,mixed_scene,frog,footsteps,sea_waves,0.13986789671392885,0.3344787151068814,0.5256533881791898
scene3_mixed_scene_0377.wav,3,mixed_scene,insects,washing_machine,crackling_fire,0.33741049088821196,0.14487645332056576,0.5177130557912223
scene3_mixed_scene_0378.wav,3,mixed_scene,laughing,brushing_teeth,sea_waves,0.6140989569850711,0.2626028855344076,0.1232981574805213
scene3_mixed_scene_0379.wav,3,mixed_scene,insects,footsteps,rain,0.3390994470439896,0.49656370416012346,0.1643368487958869
scene3_mixed_scene_0380.wav,3,mixed_scene,frog,train,rain,0.2125683853976049,0.4677979285346007,0.3196336860677943
scene3_mixed_scene_0381.wav,3,mixed_scene,crickets,car_horn,wind,0.5588664685591395,0.15156279863187794,0.2895707328089826
scene3_mixed_scene_0382.wav,3,mixed_scene,crow,door_wood_knock,crackling_fire,0.4362084182559185,0.3231138019188764,0.24067777982520508
scene3_mixed_scene_0383.wav,3,mixed_scene,breathing,can_opening,crackling_fire,0.25797773712792804,0.10719091028134525,0.6348313525907268
scene3_mixed_scene_0384.wav,3,mixed_scene,hen,can_opening,water_drops,0.25872262473075813,0.3671222314025744,0.37415514386666743
scene3_mixed_scene_0385.wav,3,mixed_scene,rooster,brushing_teeth,crackling_fire,0.22478147186092592,0.5642819314618069,0.21093659667726694
scene3_mixed_scene_0386.wav,3,mixed_scene,crow,engine,sea_waves,0.221946180709747,0.30097277255486765,0.4770810467353853
scene3_mixed_scene_0387.wav,3,mixed_scene,cow,pouring_water,crackling_fire,0.49025724646910596,0.16856039239893839,0.3411823611319557
scene3_mixed_scene_0388.wav,3,mixed_scene,clapping,helicopter,thunderstorm,0.2327732673228188,0.5007074169591355,0.2665193157180456
scene3_mixed_scene_0389.wav,3,mixed_scene,cow,hand_saw,wind,0.4429567133358865,0.3818204896582328,0.17522279700588073
scene3_mixed_scene_0390.wav,3,mixed_scene,insects,train,water_drops,0.4109890003964627,0.3577355878153492,0.231275411788188
scene3_mixed_scene_0391.wav,3,mixed_scene,chirping_birds,siren,crackling_fire,0.40698463194862944,0.2541643724160832,0.3388509956352873
scene3_mixed_scene_0392.wav,3,mixed_scene,hen,chainsaw,crackling_fire,0.13691852537463067,0.3349614895617235,0.5281199850636459
scene3_mixed_scene_0393.wav,3,mixed_scene,dog,chainsaw,crackling_fire,0.6155078482228099,0.09491614211619998,0.2895760096609901
scene3_mixed_scene_0394.wav,3,mixed_scene,crying_baby,vacuum_cleaner,crackling_fire,0.3098324503035547,0.1664556154308275,0.5237119342656178
scene3_mixed_scene_0395.wav,3,mixed_scene,dog,siren,wind,0.32045645395170325,0.5254070489143005,0.15413649713399635
scene3_mixed_scene_0396.wav,3,mixed_scene,clapping,church_bells,water_drops,0.2665612668973908,0.34259798569908134,0.39084074740352787
scene3_mixed_scene_0397.wav,3,mixed_scene,dog,pouring_water,crackling_fire,0.42292311938515675,0.2748815801601436,0.30219530045469967
scene3_mixed_scene_0398.wav,3,mixed_scene,rooster,clock_alarm,wind,0.49447958487605115,0.11710764681164025,0.38841276831230864
scene3_mixed_scene_0399.wav,3,mixed_scene,cat,footsteps,thunderstorm,0.45775213140307924,0.19004697788573174,0.35220089071118893
scene3_mixed_scene_0400.wav,3,mixed_scene,breathing,mouse_click,water_drops,0.2315070578484942,0.3788795285425655,0.38961341360894025
scene3_mixed_scene_0401.wav,3,mixed_scene,cat,siren,crackling_fire,0.2786828501667203,0.4791609544790524,0.24215619535422725
scene3_mixed_scene_0402.wav,3,mixed_scene,snoring,door_wood_knock,thunderstorm,0.3653141456276455,0.3684877891281428,0.2661980652442118
scene3_mixed_scene_0403.wav,3,mixed_scene,sheep,glass_breaking,water_drops,0.39305079620754313,0.3087119910243267,0.29823721276813026
scene3_mixed_scene_0404.wav,3,mixed_scene,breathing,siren,thunderstorm,0.2883947313122539,0.4033135440333398,0.3082917246544062
scene3_mixed_scene_0405.wav,3,mixed_scene,clapping,drinking_sipping,water_drops,0.27639323698648677,0.18163811330113766,0.5419686497123755
scene3_mixed_scene_0406.wav,3,mixed_scene,crickets,footsteps,rain,0.4319056577431703,0.16392905466905128,0.40416528758777837
scene3_mixed_scene_0407.wav,3,mixed_scene,hen,keyboard_typing,sea_waves,0.4839902525296927,0.0953296068980193,0.42068014057228803
scene3_mixed_scene_0408.wav,3,mixed_scene,chirping_birds,church_bells,rain,0.35901891652694745,0.39088450871043,0.25009657476262254
scene3_mixed_scene_0409.wav,3,mixed_scene,crow,airplane,rain,0.10798123147749912,0.2255075803585546,0.6665111881639464
scene3_mixed_scene_0410.wav,3,mixed_scene,sheep,door_wood_creaks,thunderstorm,0.3039438389069966,0.4461973387943932,0.24985882229860998
scene3_mixed_scene_0411.wav,3,mixed_scene,laughing,drinking_sipping,thunderstorm,0.6402809561279894,0.24988371277881127,0.10983533109319937
scene3_mixed_scene_0412.wav,3,mixed_scene,breathing,glass_breaking,crackling_fire,0.3344225489593506,0.3472351188114284,0.3183423322292209
scene3_mixed_scene_0413.wav,3,mixed_scene,crow,footsteps,rain,0.22507619168566734,0.45148817810237346,0.32343563021195926
scene3_mixed_scene_0414.wav,3,mixed_scene,breathing,siren,rain,0.2763572701940109,0.40233600703863215,0.3213067227673569
scene3_mixed_scene_0415.wav,3,mixed_scene,pig,door_wood_knock,thunderstorm,0.16544196689137045,0.4917113802868227,0.3428466528218068
scene3_mixed_scene_0416.wav,3,mixed_scene,frog,keyboard_typing,wind,0.1507061122718079,0.4856445976683298,0.3636492900598623
scene3_mixed_scene_0417.wav,3,mixed_scene,clapping,siren,rain,0.45987860335995007,0.430176776832447,0.10994461980760284
scene3_mixed_scene_0418.wav,3,mixed_scene,pig,drinking_sipping,rain,0.22442864725325903,0.48654648996411154,0.28902486278262934
scene3_mixed_scene_0419.wav,3,mixed_scene,laughing,footsteps,wind,0.3470410425443507,0.33499038276313636,0.3179685746925129
scene3_mixed_scene_0420.wav,3,mixed_scene,dog,clock_tick,sea_waves,0.28078384138900375,0.06153125103244913,0.657684907578547
scene3_mixed_scene_0421.wav,3,mixed_scene,cow,vacuum_cleaner,wind,0.4509022484143365,0.4406853753527509,0.10841237623291249
scene3_mixed_scene_0422.wav,3,mixed_scene,sneezing,engine,rain,0.3064260217897072,0.31964783512764783,0.3739261430826451
scene3_mixed_scene_0423.wav,3,mixed_scene,crying_baby,train,wind,0.19882597595587123,0.43440127357585556,0.3667727504682733
scene3_mixed_scene_0424.wav,3,mixed_scene,dog,pouring_water,water_drops,0.18281465271607333,0.4723855750011137,0.34479977228281294
scene3_mixed_scene_0425.wav,3,mixed_scene,coughing,church_bells,sea_waves,0.1334864251961342,0.5463927463075031,0.3201208284963627
scene3_mixed_scene_0426.wav,3,mixed_scene,hen,brushing_teeth,wind,0.2139437606924779,0.5460876808098531,0.23996855849766885
scene3_mixed_scene_0427.wav,3,mixed_scene,snoring,siren,thunderstorm,0.326292934303147,0.2939263149127831,0.3797807507840699
scene3_mixed_scene_0428.wav,3,mixed_scene,rooster,door_wood_creaks,rain,0.3488669050089476,0.17335101984439286,0.4777820751466596
scene3_mixed_scene_0429.wav,3,mixed_scene,pig,keyboard_typing,thunderstorm,0.4397418707204306,0.17030577116775847,0.389952358111811
scene3_mixed_scene_0430.wav,3,mixed_scene,snoring,glass_breaking,sea_waves,0.22384916813829137,0.15166307811706295,0.6244877537446457
scene3_mixed_scene_0431.wav,3,mixed_scene,clapping,can_opening,sea_waves,0.08629818587948358,0.22682275055365655,0.6868790635668599
scene3_mixed_scene_0432.wav,3,mixed_scene,pig,clock_alarm,wind,0.4206095092374611,0.17687856096062776,0.40251192980191125
scene3_mixed_scene_0433.wav,3,mixed_scene,sneezing,toilet_flush,crackling_fire,0.5255826132369801,0.29707990480043994,0.17733748196257995
scene3_mixed_scene_0434.wav,3,mixed_scene,crickets,car_horn,water_drops,0.30750279211792075,0.3257450591405912,0.366752148741488
scene3_mixed_scene_0435.wav,3,mixed_scene,snoring,chainsaw,crackling_fire,0.4118810793173511,0.19297202007926292,0.3951469006033859
scene3_mixed_scene_0436.wav,3,mixed_scene,rooster,mouse_click,wind,0.1002406999395697,0.5190028613499592,0.38075643871047116
scene3_mixed_scene_0437.wav,3,mixed_scene,dog,helicopter,sea_waves,0.18919027757640472,0.42463266302547203,0.38617705939812313
scene3_mixed_scene_0438.wav,3,mixed_scene,laughing,drinking_sipping,water_drops,0.24294579723550078,0.5143711070629258,0.24268309570157337
scene3_mixed_scene_0439.wav,3,mixed_scene,crickets,keyboard_typing,wind,0.3584688862278489,0.18763046184335094,0.4539006519288
scene3_mixed_scene_0440.wav,3,mixed_scene,frog,car_horn,rain,0.15051865503911524,0.5494666945209444,0.3000146504399403
scene3_mixed_scene_0441.wav,3,mixed_scene,sheep,brushing_teeth,wind,0.3327262027376021,0.17128216706767288,0.4959916301947251
scene3_mixed_scene_0442.wav,3,mixed_scene,breathing,clock_tick,thunderstorm,0.5160250136774475,0.13301167310196674,0.35096331322058594
scene3_mixed_scene_0443.wav,3,mixed_scene,hen,train,water_drops,0.11371681993281464,0.2310204836238174,0.6552626964433679
scene3_mixed_scene_0444.wav,3,mixed_scene,breathing,church_bells,rain,0.5008190166202721,0.23148395993290077,0.2676970234468272
scene3_mixed_scene_0445.wav,3,mixed_scene,chirping_birds,clock_tick,rain,0.160970114789857,0.5339308306439267,0.30509905456621633
scene3_mixed_scene_0446.wav,3,mixed_scene,dog,brushing_teeth,rain,0.38266945098315824,0.17891353114492267,0.438417017871919
scene3_mixed_scene_0447.wav,3,mixed_scene,snoring,brushing_teeth,water_drops,0.35600655977202117,0.3385851285537616,0.30540831167421717
scene3_mixed_scene_0448.wav,3,mixed_scene,pig,helicopter,wind,0.31821681377389693,0.27654548101127413,0.4052377052148288
scene3_mixed_scene_0449.wav,3,mixed_scene,crow,pouring_water,water_drops,0.3895257313623903,0.31748717293376455,0.2929870957038452
scene3_mixed_scene_0450.wav,3,mixed_scene,cat,chainsaw,water_drops,0.2633319545422909,0.6370719694914828,0.09959607596622619
scene3_mixed_scene_0451.wav,3,mixed_scene,snoring,hand_saw,rain,0.5991553767817865,0.2349524429746799,0.16589218024353355
scene3_mixed_scene_0452.wav,3,mixed_scene,hen,helicopter,thunderstorm,0.06409697295734545,0.674579044720685,0.2613239823219697
scene3_mixed_scene_0453.wav,3,mixed_scene,rooster,vacuum_cleaner,water_drops,0.23445053012932582,0.31595313832933586,0.44959633154133843
scene3_mixed_scene_0454.wav,3,mixed_scene,sneezing,clock_alarm,wind,0.21345048425504148,0.5294734077269666,0.257076108017992
scene3_mixed_scene_0455.wav,3,mixed_scene,dog,footsteps,sea_waves,0.28043781007532764,0.3093435875111233,0.410218602413549
scene3_mixed_scene_0456.wav,3,mixed_scene,snoring,door_wood_creaks,thunderstorm,0.20569198904084213,0.15253244890119685,0.641775562057961
scene3_mixed_scene_0457.wav,3,mixed_scene,pig,car_horn,water_drops,0.18991197256143122,0.624127211884175,0.1859608155543939
scene3_mixed_scene_0458.wav,3,mixed_scene,chirping_birds,footsteps,crackling_fire,0.33711340506366877,0.3666993153354779,0.29618727960085334
scene3_mixed_scene_0459.wav,3,mixed_scene,cow,clock_alarm,wind,0.5929993411119239,0.2967040053932657,0.11029665349481028
scene3_mixed_scene_0460.wav,3,mixed_scene,hen,pouring_water,thunderstorm,0.2426511754000694,0.13653870462836679,0.6208101199715638
scene3_mixed_scene_0461.wav,3,mixed_scene,sneezing,door_wood_knock,crackling_fire,0.3253537523591645,0.5536918994254448,0.1209543482153905
scene3_mixed_scene_0462.wav,3,mixed_scene,chirping_birds,door_wood_creaks,water_drops,0.2085393694171395,0.49557375792353053,0.2958868726593299
scene3_mixed_scene_0463.wav,3,mixed_scene,coughing,church_bells,rain,0.39060267965278045,0.3978148401336517,0.21158248021356776
scene3_mixed_scene_0464.wav,3,mixed_scene,coughing,mouse_click,water_drops,0.2750449484017374,0.33768203023095633,0.3872730213673063
scene3_mixed_scene_0465.wav,3,mixed_scene,laughing,train,water_drops,0.426670483073524,0.3300620464315375,0.24326747049493855
scene3_mixed_scene_0466.wav,3,mixed_scene,chirping_birds,helicopter,rain,0.19996372160667988,0.28697913355216526,0.5130571448411548
scene3_mixed_scene_0467.wav,3,mixed_scene,pig,car_horn,crackling_fire,0.16955242575698531,0.5947900158835986,0.23565755835941607
scene3_mixed_scene_0468.wav,3,mixed_scene,insects,vacuum_cleaner,wind,0.27591517371980767,0.25269974443900395,0.4713850818411883
scene3_mixed_scene_0469.wav,3,mixed_scene,pig,mouse_click,crackling_fire,0.3499108698839045,0.46934446479453024,0.18074466532156527
scene3_mixed_scene_0470.wav,3,mixed_scene,clapping,footsteps,sea_waves,0.17596258367760845,0.15541310941431888,0.6686243069080727
scene3_mixed_scene_0471.wav,3,mixed_scene,sheep,toilet_flush,water_drops,0.532053320151314,0.19801597247554534,0.2699307073731407
scene3_mixed_scene_0472.wav,3,mixed_scene,breathing,mouse_click,sea_waves,0.27210239921525026,0.2517197122734463,0.4761778885113035
scene3_mixed_scene_0473.wav,3,mixed_scene,hen,clock_tick,sea_waves,0.30281727184339635,0.11835110315599352,0.5788316250006101
scene3_mixed_scene_0474.wav,3,mixed_scene,cat,keyboard_typing,sea_waves,0.5160920815656395,0.1534234829330129,0.33048443550134776
scene3_mixed_scene_0475.wav,3,mixed_scene,dog,car_horn,crackling_fire,0.43432571887318094,0.34344110560344837,0.22223317552337085
scene3_mixed_scene_0476.wav,3,mixed_scene,coughing,pouring_water,crackling_fire,0.3149421328116964,0.11066650426742981,0.5743913629208739
scene3_mixed_scene_0477.wav,3,mixed_scene,crickets,clock_alarm,thunderstorm,0.2945669770583046,0.3722905976133761,0.33314242532831934
scene3_mixed_scene_0478.wav,3,mixed_scene,chirping_birds,toilet_flush,sea_waves,0.04634203903503895,0.5765747469072366,0.3770832140577242
scene3_mixed_scene_0479.wav,3,mixed_scene,laughing,helicopter,sea_waves,0.5996849385549878,0.15149967562673158,0.24881538581828064
scene3_mixed_scene_0480.wav,3,mixed_scene,cat,washing_machine,rain,0.5891927971618464,0.21736068045116247,0.19344652238699137
scene3_mixed_scene_0481.wav,3,mixed_scene,dog,footsteps,wind,0.3564608484553346,0.5769455364343483,0.066593615110317
scene3_mixed_scene_0482.wav,3,mixed_scene,cow,washing_machine,water_drops,0.26830301120985295,0.22750461611899264,0.5041923726711545
scene3_mixed_scene_0483.wav,3,mixed_scene,laughing,can_opening,crackling_fire,0.244984838319943,0.6037506493528458,0.15126451232721116
scene3_mixed_scene_0484.wav,3,mixed_scene,crickets,can_opening,thunderstorm,0.33160053338286727,0.16321030814768056,0.505189158469452
scene3_mixed_scene_0485.wav,3,mixed_scene,hen,brushing_teeth,water_drops,0.07586951294089152,0.4677922390791753,0.45633824797993316
scene3_mixed_scene_0486.wav,3,mixed_scene,snoring,chainsaw,crackling_fire,0.1940424933481625,0.20598496650220674,0.5999725401496308
scene3_mixed_scene_0487.wav,3,mixed_scene,rooster,engine,wind,0.316615497291403,0.3032576328464116,0.38012686986218536
scene3_mixed_scene_0488.wav,3,mixed_scene,chirping_birds,helicopter,thunderstorm,0.5960052247412373,0.09998193632235679,0.3040128389364058
scene3_mixed_scene_0489.wav,3,mixed_scene,sneezing,door_wood_creaks,thunderstorm,0.5566836956245682,0.20684221518117676,0.23647408919425503
scene3_mixed_scene_0490.wav,3,mixed_scene,sheep,church_bells,water_drops,0.13872891755287145,0.30807728284213926,0.5531937996049893
scene3_mixed_scene_0491.wav,3,mixed_scene,sheep,car_horn,wind,0.5129372379311062,0.21482320757909407,0.27223955448979975
scene3_mixed_scene_0492.wav,3,mixed_scene,breathing,door_wood_creaks,water_drops,0.22481332322560754,0.6005772583542077,0.1746094184201846
scene3_mixed_scene_0493.wav,3,mixed_scene,insects,helicopter,wind,0.22810243272120825,0.23513871704591088,0.5367588502328807
scene3_mixed_scene_0494.wav,3,mixed_scene,crickets,church_bells,water_drops,0.10021868307277916,0.21952749455798368,0.6802538223692371
scene3_mixed_scene_0495.wav,3,mixed_scene,sneezing,clock_tick,sea_waves,0.34046564318975303,0.44745348532134216,0.2120808714889048
scene3_mixed_scene_0496.wav,3,mixed_scene,cow,glass_breaking,thunderstorm,0.45102194896609354,0.363213586415193,0.18576446461871352
scene3_mixed_scene_0497.wav,3,mixed_scene,clapping,fireworks,crackling_fire,0.21130170391473227,0.3681404057673583,0.4205578903179095
scene3_mixed_scene_0498.wav,3,mixed_scene,hen,drinking_sipping,water_drops,0.21676104606785934,0.5541021492017674,0.22913680473037334
scene3_mixed_scene_0499.wav,3,mixed_scene,sheep,pouring_water,crackling_fire,0.28572118036061106,0.35417725841011877,0.3601015612292701
