filename,scene_label,bio_prop,antro_prop,geo_prop
curated_bio_0000.wav,0,0.6433518157209671,0.17832409213951644,0.17832409213951644
curated_bio_0001.wav,0,0.6680580582340163,0.16597097088299184,0.16597097088299184
curated_bio_0002.wav,0,0.8059200883852174,0.09703995580739128,0.09703995580739128
curated_bio_0003.wav,0,0.8220421951734506,0.08897890241327472,0.08897890241327472
curated_bio_0004.wav,0,0.626029469725454,0.18698526513727298,0.18698526513727298
curated_bio_0005.wav,0,0.676713884336335,0.16164305783183253,0.16164305783183253
curated_bio_0006.wav,0,0.7129431441456879,0.14352842792715603,0.14352842792715603
curated_bio_0007.wav,0,0.6385957084796294,0.18070214576018528,0.18070214576018528
curated_bio_0008.wav,0,0.7250909888840038,0.1374545055579981,0.1374545055579981
curated_bio_0009.wav,0,0.6691499020966445,0.16542504895167776,0.16542504895167776
curated_bio_0010.wav,0,0.7184268841887422,0.14078655790562888,0.14078655790562888
curated_bio_0011.wav,0,0.8437340414352299,0.07813297928238505,0.07813297928238505
curated_bio_0012.wav,0,0.7689214749908587,0.11553926250457064,0.11553926250457064
curated_bio_0013.wav,0,0.8771153764622551,0.06144231176887244,0.06144231176887244
curated_bio_0014.wav,0,0.857659121300806,0.07117043934959699,0.07117043934959699
curated_bio_0015.wav,0,0.7028976868873483,0.14855115655632584,0.14855115655632584
curated_bio_0016.wav,0,0.6371598645385984,0.1814200677307008,0.1814200677307008
curated_bio_0017.wav,0,0.848196243822485,0.07590187808875748,0.07590187808875748
curated_bio_0018.wav,0,0.7816311692887378,0.10918441535563111,0.10918441535563111
curated_bio_0019.wav,0,0.7313583699071169,0.13432081504644156,0.13432081504644156
curated_bio_0020.wav,0,0.6329991108969137,0.18350044455154313,0.18350044455154313
curated_bio_0021.wav,0,0.7464760384173271,0.12676198079133644,0.12676198079133644
curated_bio_0022.wav,0,0.6163525663268067,0.19182371683659666,0.19182371683659666
curated_bio_0023.wav,0,0.8248592449183212,0.0875703775408394,0.0875703775408394
curated_bio_0024.wav,0,0.8488133567511236,0.07559332162443821,0.07559332162443821
curated_bio_0025.wav,0,0.6349306743598935,0.18253466282005326,0.18253466282005326
curated_bio_0026.wav,0,0.7889830474785015,0.10550847626074927,0.10550847626074927
curated_bio_0027.wav,0,0.8439777377051673,0.07801113114741637,0.07801113114741637
curated_bio_0028.wav,0,0.688755936317449,0.1556220318412755,0.1556220318412755
curated_bio_0029.wav,0,0.7258235785852989,0.13708821070735056,0.13708821070735056
curated_bio_0030.wav,0,0.6749465697733888,0.16252671511330558,0.16252671511330558
curated_bio_0031.wav,0,0.7112259001630985,0.14438704991845075,0.14438704991845075
curated_bio_0032.wav,0,0.8567660364634608,0.07161698176826958,0.07161698176826958
curated_bio_0033.wav,0,0.7311665020673481,0.13441674896632594,0.13441674896632594
curated_bio_0034.wav,0,0.8056058456621885,0.09719707716890574,0.09719707716890574
curated_bio_0035.wav,0,0.7478754348290866,0.1260622825854567,0.1260622825854567
curated_bio_0036.wav,0,0.6372602636355397,0.18136986818223017,0.18136986818223017
curated_bio_0037.wav,0,0.785948476094522,0.107025761952739,0.107025761952739
curated_bio_0038.wav,0,0.7874845851421575,0.10625770742892127,0.10625770742892127
curated_bio_0039.wav,0,0.8017503706700414,0.0991248146649793,0.0991248146649793
curated_bio_0040.wav,0,0.8362044375932327,0.08189778120338365,0.08189778120338365
curated_bio_0041.wav,0,0.7790887467461473,0.11045562662692637,0.11045562662692637
curated_bio_0042.wav,0,0.8732328645207912,0.06338356773960441,0.06338356773960441
curated_bio_0043.wav,0,0.6421945373713213,0.17890273131433937,0.17890273131433937
curated_bio_0044.wav,0,0.6329680422729771,0.18351597886351145,0.18351597886351145
curated_bio_0045.wav,0,0.75452920248512,0.12273539875744,0.12273539875744
curated_bio_0046.wav,0,0.7972349431742296,0.1013825284128852,0.1013825284128852
curated_bio_0047.wav,0,0.7384857373340008,0.1307571313329996,0.1307571313329996
curated_bio_0048.wav,0,0.6438436620228607,0.17807816898856965,0.17807816898856965
curated_bio_0049.wav,0,0.7956236931141605,0.10218815344291976,0.10218815344291976
curated_bio_0050.wav,0,0.7963298213894714,0.1018350893052643,0.1018350893052643
curated_bio_0051.wav,0,0.7014812206753931,0.14925938966230345,0.14925938966230345
curated_bio_0052.wav,0,0.7507167714975479,0.12464161425122605,0.12464161425122605
curated_bio_0053.wav,0,0.8424878202121736,0.0787560898939132,0.0787560898939132
curated_bio_0054.wav,0,0.6239161732229184,0.18804191338854082,0.18804191338854082
curated_bio_0055.wav,0,0.8154651600913446,0.09226741995432769,0.09226741995432769
curated_bio_0056.wav,0,0.6787480074429251,0.16062599627853746,0.16062599627853746
curated_bio_0057.wav,0,0.8826948804777573,0.058652559761121326,0.058652559761121326
curated_bio_0058.wav,0,0.6557025728050132,0.1721487135974934,0.1721487135974934
curated_bio_0059.wav,0,0.6861633369297645,0.15691833153511775,0.15691833153511775
curated_bio_0060.wav,0,0.7532580598073937,0.12337097009630316,0.12337097009630316
curated_bio_0061.wav,0,0.8767236823230002,0.06163815883849988,0.06163815883849988
curated_bio_0062.wav,0,0.8020822828182057,0.09895885859089715,0.09895885859089715
curated_bio_0063.wav,0,0.8426557309989632,0.07867213450051841,0.07867213450051841
curated_bio_0064.wav,0,0.8015135453867702,0.09924322730661489,0.09924322730661489
curated_bio_0065.wav,0,0.6856790193446065,0.15716049032769674,0.15716049032769674
curated_bio_0066.wav,0,0.8588905254562837,0.07055473727185813,0.07055473727185813
curated_bio_0067.wav,0,0.8094267014393018,0.09528664928034908,0.09528664928034908
curated_bio_0068.wav,0,0.7775115754981532,0.1112442122509234,0.1112442122509234
curated_bio_0069.wav,0,0.7913764244489517,0.10431178777552413,0.10431178777552413
curated_bio_0070.wav,0,0.6420363038390798,0.17898184808046008,0.17898184808046008
curated_bio_0071.wav,0,0.6070217541043292,0.19648912294783538,0.19648912294783538
curated_bio_0072.wav,0,0.8252005299354223,0.08739973503228887,0.08739973503228887
curated_bio_0073.wav,0,0.6816665372758999,0.15916673136205006,0.15916673136205006
curated_bio_0074.wav,0,0.6108845351264957,0.19455773243675217,0.19455773243675217
curated_bio_0075.wav,0,0.8965711348159822,0.05171443259200892,0.05171443259200892
curated_bio_0076.wav,0,0.7595400766941622,0.12022996165291888,0.12022996165291888
curated_bio_0077.wav,0,0.6317772735479242,0.18411136322603788,0.18411136322603788
curated_bio_0078.wav,0,0.7684947470940018,0.11575262645299911,0.11575262645299911
curated_bio_0079.wav,0,0.6010688546942684,0.1994655726528658,0.1994655726528658
curated_bio_0080.wav,0,0.72212500118385,0.13893749940807498,0.13893749940807498
curated_bio_0081.wav,0,0.6184777970525085,0.19076110147374575,0.19076110147374575
curated_bio_0082.wav,0,0.6530500169070377,0.17347499154648116,0.17347499154648116
curated_bio_0083.wav,0,0.8153623506649607,0.09231882466751967,0.09231882466751967
curated_bio_0084.wav,0,0.84785619631575,0.07607190184212498,0.07607190184212498
curated_bio_0085.wav,0,0.8802384761614653,0.059880761919267333,0.059880761919267333
curated_bio_0086.wav,0,0.7357395498909546,0.1321302250545227,0.1321302250545227
curated_bio_0087.wav,0,0.6403050252540217,0.17984748737298917,0.17984748737298917
curated_bio_0088.wav,0,0.6735255627849673,0.16323721860751633,0.16323721860751633
curated_bio_0089.wav,0,0.8451589088179992,0.07742054559100042,0.07742054559100042
curated_bio_0090.wav,0,0.8447606830803251,0.07761965845983743,0.07761965845983743
curated_bio_0091.wav,0,0.8926699372055948,0.05366503139720258,0.05366503139720258
curated_bio_0092.wav,0,0.6579094814981636,0.17104525925091818,0.17104525925091818
curated_bio_0093.wav,0,0.6281713778285467,0.18591431108572665,0.18591431108572665
curated_bio_0094.wav,0,0.8333906457048804,0.08330467714755979,0.08330467714755979
curated_bio_0095.wav,0,0.6428306207783551,0.17858468961082247,0.17858468961082247
curated_bio_0096.wav,0,0.7857335594759715,0.10713322026201427,0.10713322026201427
curated_bio_0097.wav,0,0.8551402756264375,0.07242986218678127,0.07242986218678127
curated_bio_0098.wav,0,0.6297522840425025,0.18512385797874875,0.18512385797874875
curated_bio_0099.wav,0,0.6065822073822604,0.19670889630886979,0.19670889630886979
curated_bio_0100.wav,0,0.6852566243333762,0.1573716878333119,0.1573716878333119
curated_bio_0101.wav,0,0.8730675914629653,0.06346620426851735,0.06346620426851735
curated_bio_0102.wav,0,0.6460413094097771,0.17697934529511145,0.17697934529511145
curated_bio_0103.wav,0,0.694787468798346,0.15260626560082702,0.15260626560082702
curated_bio_0104.wav,0,0.8188551924730361,0.09057240376348197,0.09057240376348197
curated_bio_0105.wav,0,0.6125224837393863,0.19373875813030683,0.19373875813030683
curated_bio_0106.wav,0,0.8799105814773793,0.060044709261310336,0.060044709261310336
curated_bio_0107.wav,0,0.6965068795239404,0.1517465602380298,0.1517465602380298
curated_bio_0108.wav,0,0.8966105393356156,0.051694730332192185,0.051694730332192185
curated_bio_0109.wav,0,0.8274428943647124,0.0862785528176438,0.0862785528176438
curated_bio_0110.wav,0,0.8180268669292251,0.09098656653538745,0.09098656653538745
curated_bio_0111.wav,0,0.7436899452719605,0.12815502736401974,0.12815502736401974
curated_bio_0112.wav,0,0.7470964152310288,0.12645179238448562,0.12645179238448562
curated_bio_0113.wav,0,0.8557492014229272,0.0721253992885364,0.0721253992885364
curated_bio_0114.wav,0,0.7780990003953849,0.11095049980230753,0.11095049980230753
curated_bio_0115.wav,0,0.722834067771272,0.138582966114364,0.138582966114364
curated_bio_0116.wav,0,0.815796357040255,0.0921018214798725,0.0921018214798725
curated_bio_0117.wav,0,0.7051422309385946,0.1474288845307027,0.1474288845307027
curated_bio_0118.wav,0,0.684409465204736,0.157795267397632,0.157795267397632
curated_bio_0119.wav,0,0.7201342765144627,0.13993286174276864,0.13993286174276864
curated_bio_0120.wav,0,0.8864734784386434,0.05676326078067828,0.05676326078067828
curated_bio_0121.wav,0,0.852204447608911,0.0738977761955445,0.0738977761955445
curated_bio_0122.wav,0,0.7899097452227378,0.10504512738863109,0.10504512738863109
curated_bio_0123.wav,0,0.784634314533346,0.10768284273332701,0.10768284273332701
curated_bio_0124.wav,0,0.7800583677269535,0.10997081613652326,0.10997081613652326
curated_bio_0125.wav,0,0.7427442097596798,0.1286278951201601,0.1286278951201601
curated_bio_0126.wav,0,0.7961857173351338,0.10190714133243312,0.10190714133243312
curated_bio_0127.wav,0,0.6852659835726618,0.1573670082136691,0.1573670082136691
curated_bio_0128.wav,0,0.8630477656361267,0.06847611718193664,0.06847611718193664
curated_bio_0129.wav,0,0.8698500074532065,0.06507499627339675,0.06507499627339675
curated_bio_0130.wav,0,0.891815383696219,0.05409230815189048,0.05409230815189048
curated_bio_0131.wav,0,0.8923688278237307,0.05381558608813464,0.05381558608813464
curated_bio_0132.wav,0,0.8076062795484897,0.09619686022575513,0.09619686022575513
curated_bio_0133.wav,0,0.8676329164798229,0.06618354176008856,0.06618354176008856
curated_bio_0134.wav,0,0.867509965929672,0.066245017035164,0.066245017035164
curated_bio_0135.wav,0,0.621283977443141,0.1893580112784295,0.1893580112784295
curated_bio_0136.wav,0,0.7847763392849447,0.10761183035752764,0.10761183035752764
curated_bio_0137.wav,0,0.8249947504873787,0.08750262475631065,0.08750262475631065
curated_bio_0138.wav,0,0.612959475704577,0.1935202621477115,0.1935202621477115
curated_bio_0139.wav,0,0.7907605279711886,0.10461973601440572,0.10461973601440572
curated_bio_0140.wav,0,0.7448538507170852,0.1275730746414574,0.1275730746414574
curated_bio_0141.wav,0,0.7872564811392302,0.1063717594303849,0.1063717594303849
curated_bio_0142.wav,0,0.8874584727775994,0.056270763611200314,0.056270763611200314
curated_bio_0143.wav,0,0.615284259343005,0.1923578703284975,0.1923578703284975
curated_bio_0144.wav,0,0.8663735003822728,0.0668132498088636,0.0668132498088636
curated_bio_0145.wav,0,0.8930732711742078,0.05346336441289612,0.05346336441289612
curated_bio_0146.wav,0,0.8428549832475304,0.0785725083762348,0.0785725083762348
curated_bio_0147.wav,0,0.8945824468938488,0.0527087765530756,0.0527087765530756
curated_bio_0148.wav,0,0.8528748334364358,0.07356258328178211,0.07356258328178211
curated_bio_0149.wav,0,0.7921766761602661,0.10391166191986695,0.10391166191986695
curated_bio_0150.wav,0,0.8221806534553115,0.08890967327234423,0.08890967327234423
curated_bio_0151.wav,0,0.6847576518973357,0.15762117405133214,0.15762117405133214
curated_bio_0152.wav,0,0.7466242573455356,0.1266878713272322,0.1266878713272322
curated_bio_0153.wav,0,0.7506272086392789,0.12468639568036055,0.12468639568036055
curated_bio_0154.wav,0,0.6846269392856733,0.15768653035716335,0.15768653035716335
curated_bio_0155.wav,0,0.7296530063686666,0.1351734968156667,0.1351734968156667
curated_bio_0156.wav,0,0.6980939163232678,0.1509530418383661,0.1509530418383661
curated_bio_0157.wav,0,0.8382976700155064,0.08085116499224682,0.08085116499224682
curated_bio_0158.wav,0,0.8605879410192208,0.06970602949038962,0.06970602949038962
curated_bio_0159.wav,0,0.71544900055306,0.14227549972346998,0.14227549972346998
curated_bio_0160.wav,0,0.7541869525496577,0.12290652372517114,0.12290652372517114
curated_bio_0161.wav,0,0.8183750905076208,0.0908124547461896,0.0908124547461896
curated_bio_0162.wav,0,0.8293248943012732,0.0853375528493634,0.0853375528493634
curated_bio_0163.wav,0,0.8121839359983483,0.09390803200082587,0.09390803200082587
curated_bio_0164.wav,0,0.6545131059827721,0.17274344700861394,0.17274344700861394
curated_bio_0165.wav,0,0.7406543063616525,0.12967284681917374,0.12967284681917374
curated_bio_0166.wav,0,0.6715534070898855,0.16422329645505723,0.16422329645505723
curated_bio_0167.wav,0,0.8367941612193224,0.08160291939033881,0.08160291939033881
curated_bio_0168.wav,0,0.6542188529212221,0.17289057353938897,0.17289057353938897
curated_bio_0169.wav,0,0.8708037768265724,0.0645981115867138,0.0645981115867138
curated_bio_0170.wav,0,0.7166546713168651,0.14167266434156744,0.14167266434156744
curated_bio_0171.wav,0,0.7148393563039657,0.14258032184801717,0.14258032184801717
curated_bio_0172.wav,0,0.8930226793836452,0.053488660308177394,0.053488660308177394
curated_bio_0173.wav,0,0.86201856355274,0.06899071822363001,0.06899071822363001
curated_bio_0174.wav,0,0.6155333394176065,0.19223333029119677,0.19223333029119677
curated_bio_0175.wav,0,0.7033060813617125,0.14834695931914377,0.14834695931914377
curated_bio_0176.wav,0,0.730608646194481,0.13469567690275952,0.13469567690275952
curated_bio_0177.wav,0,0.6107745562398403,0.19461272188007983,0.19461272188007983
curated_bio_0178.wav,0,0.8873294724714341,0.05633526376428294,0.05633526376428294
curated_bio_0179.wav,0,0.879235746095707,0.06038212695214651,0.06038212695214651
curated_bio_0180.wav,0,0.6507705817688022,0.1746147091155989,0.1746147091155989
curated_bio_0181.wav,0,0.867031119229372,0.06648444038531398,0.06648444038531398
curated_bio_0182.wav,0,0.7461867406229075,0.12690662968854627,0.12690662968854627
curated_bio_0183.wav,0,0.8322891854825556,0.0838554072587222,0.0838554072587222
curated_bio_0184.wav,0,0.6197024946901912,0.19014875265490438,0.19014875265490438
curated_bio_0185.wav,0,0.618584943075215,0.19070752846239247,0.19070752846239247
curated_bio_0186.wav,0,0.6307585779326409,0.18462071103367955,0.18462071103367955
curated_bio_0187.wav,0,0.8776489227556421,0.06117553862217895,0.06117553862217895
curated_bio_0188.wav,0,0.6602240419637289,0.16988797901813557,0.16988797901813557
curated_bio_0189.wav,0,0.7604927344194938,0.11975363279025308,0.11975363279025308
curated_bio_0190.wav,0,0.769853588486997,0.11507320575650148,0.11507320575650148
curated_bio_0191.wav,0,0.663525062069338,0.16823746896533098,0.16823746896533098
curated_bio_0192.wav,0,0.6537021399457922,0.1731489300271039,0.1731489300271039
curated_bio_0193.wav,0,0.6713350621469848,0.1643324689265076,0.1643324689265076
curated_bio_0194.wav,0,0.6167669874570896,0.1916165062714552,0.1916165062714552
curated_bio_0195.wav,0,0.8092202077756149,0.09538989611219256,0.09538989611219256
curated_bio_0196.wav,0,0.6382543816134747,0.18087280919326265,0.18087280919326265
curated_bio_0197.wav,0,0.8607223579369725,0.06963882103151375,0.06963882103151375
curated_bio_0198.wav,0,0.6601222845166023,0.16993885774169887,0.16993885774169887
curated_bio_0199.wav,0,0.6526777204533389,0.17366113977333053,0.17366113977333053
curated_bio_0200.wav,0,0.6115039382115861,0.19424803089420695,0.19424803089420695
curated_bio_0201.wav,0,0.7337200315558637,0.13313998422206813,0.13313998422206813
curated_bio_0202.wav,0,0.6849126833901482,0.1575436583049259,0.1575436583049259
curated_bio_0203.wav,0,0.6945823171919813,0.15270884140400937,0.15270884140400937
curated_bio_0204.wav,0,0.83804316131809,0.08097841934095501,0.08097841934095501
curated_bio_0205.wav,0,0.8766730990512912,0.0616634504743544,0.0616634504743544
curated_bio_0206.wav,0,0.6912312636561262,0.1543843681719369,0.1543843681719369
curated_bio_0207.wav,0,0.739757126966796,0.13012143651660202,0.13012143651660202
curated_bio_0208.wav,0,0.6809231872779231,0.15953840636103844,0.15953840636103844
curated_bio_0209.wav,0,0.7796452327178863,0.11017738364105684,0.11017738364105684
curated_bio_0210.wav,0,0.8088108077347081,0.09559459613264593,0.09559459613264593
curated_bio_0211.wav,0,0.779119602975527,0.11044019851223652,0.11044019851223652
curated_bio_0212.wav,0,0.7071159805674231,0.14644200971628846,0.14644200971628846
curated_bio_0213.wav,0,0.6334273057454513,0.18328634712727437,0.18328634712727437
curated_bio_0214.wav,0,0.8597870120784417,0.07010649396077917,0.07010649396077917
curated_bio_0215.wav,0,0.6957590769819035,0.15212046150904823,0.15212046150904823
curated_bio_0216.wav,0,0.8498009824251669,0.07509950878741656,0.07509950878741656
curated_bio_0217.wav,0,0.6364116460083016,0.1817941769958492,0.1817941769958492
curated_bio_0218.wav,0,0.6756562956427763,0.16217185217861185,0.16217185217861185
curated_bio_0219.wav,0,0.8857798445668671,0.057110077716566454,0.057110077716566454
curated_bio_0220.wav,0,0.7589295532787353,0.12053522336063233,0.12053522336063233
curated_bio_0221.wav,0,0.7115208591873442,0.1442395704063279,0.1442395704063279
curated_bio_0222.wav,0,0.8349754232253319,0.08251228838733404,0.08251228838733404
curated_bio_0223.wav,0,0.8261271272867754,0.0869364363566123,0.0869364363566123
curated_bio_0224.wav,0,0.795935852892252,0.102032073553874,0.102032073553874
curated_bio_0225.wav,0,0.8705415235313285,0.06472923823433574,0.06472923823433574
curated_bio_0226.wav,0,0.7787697303846507,0.11061513480767465,0.11061513480767465
curated_bio_0227.wav,0,0.8054755049840956,0.0972622475079522,0.0972622475079522
curated_bio_0228.wav,0,0.7121209349158355,0.14393953254208225,0.14393953254208225
curated_bio_0229.wav,0,0.8691301854366789,0.06543490728166057,0.06543490728166057
curated_bio_0230.wav,0,0.7257301922036472,0.1371349038981764,0.1371349038981764
curated_bio_0231.wav,0,0.602481727032267,0.1987591364838665,0.1987591364838665
curated_bio_0232.wav,0,0.6378737539375612,0.1810631230312194,0.1810631230312194
curated_bio_0233.wav,0,0.7031198274291337,0.14844008628543315,0.14844008628543315
curated_bio_0234.wav,0,0.6050639619460079,0.19746801902699607,0.19746801902699607
curated_bio_0235.wav,0,0.8187561075310198,0.0906219462344901,0.0906219462344901
curated_bio_0236.wav,0,0.7834058930032173,0.10829705349839136,0.10829705349839136
curated_bio_0237.wav,0,0.6642088552083147,0.16789557239584263,0.16789557239584263
curated_bio_0238.wav,0,0.8268768216801838,0.08656158915990808,0.08656158915990808
curated_bio_0239.wav,0,0.6915663236382259,0.15421683818088705,0.15421683818088705
curated_bio_0240.wav,0,0.7919753623997194,0.10401231880014028,0.10401231880014028
curated_bio_0241.wav,0,0.8743882976888671,0.06280585115556647,0.06280585115556647
curated_bio_0242.wav,0,0.8801137168497294,0.059943141575135306,0.059943141575135306
curated_bio_0243.wav,0,0.838198793200333,0.08090060339983352,0.08090060339983352
curated_bio_0244.wav,0,0.8860396620926032,0.056980168953698396,0.056980168953698396
curated_bio_0245.wav,0,0.7834505627257718,0.10827471863711408,0.10827471863711408
curated_bio_0246.wav,0,0.8715282330275798,0.06423588348621012,0.06423588348621012
curated_bio_0247.wav,0,0.8320376997609927,0.08398115011950363,0.08398115011950363
curated_bio_0248.wav,0,0.8535984501634523,0.07320077491827387,0.07320077491827387
curated_bio_0249.wav,0,0.7245721767751347,0.13771391161243263,0.13771391161243263
curated_bio_0250.wav,0,0.7497321170454867,0.12513394147725665,0.12513394147725665
curated_bio_0251.wav,0,0.7763595202903694,0.11182023985481532,0.11182023985481532
curated_bio_0252.wav,0,0.834315268089162,0.082842365955419,0.082842365955419
curated_bio_0253.wav,0,0.6021728816429778,0.1989135591785111,0.1989135591785111
curated_bio_0254.wav,0,0.6003011067470337,0.19984944662648313,0.19984944662648313
curated_bio_0255.wav,0,0.8077424892475745,0.09612875537621274,0.09612875537621274
curated_bio_0256.wav,0,0.7681424147442303,0.11592879262788486,0.11592879262788486
curated_bio_0257.wav,0,0.8179327855455298,0.09103360722723508,0.09103360722723508
curated_bio_0258.wav,0,0.6942188961502205,0.15289055192488976,0.15289055192488976
curated_bio_0259.wav,0,0.6382669459855951,0.18086652700720246,0.18086652700720246
curated_bio_0260.wav,0,0.7610368890880828,0.11948155545595862,0.11948155545595862
curated_bio_0261.wav,0,0.8570538048017468,0.07147309759912662,0.07147309759912662
curated_bio_0262.wav,0,0.72032691384513,0.13983654307743498,0.13983654307743498
curated_bio_0263.wav,0,0.6070651867572562,0.1964674066213719,0.1964674066213719
curated_bio_0264.wav,0,0.7950299272234902,0.1024850363882549,0.1024850363882549
curated_bio_0265.wav,0,0.8456427428412847,0.07717862857935764,0.07717862857935764
curated_bio_0266.wav,0,0.698900783760569,0.15054960811971552,0.15054960811971552
curated_bio_0267.wav,0,0.6236624929242337,0.18816875353788315,0.18816875353788315
curated_bio_0268.wav,0,0.7090655307789618,0.14546723461051908,0.14546723461051908
curated_bio_0269.wav,0,0.6812764291057819,0.15936178544710905,0.15936178544710905
curated_bio_0270.wav,0,0.7376960759647029,0.13115196201764856,0.13115196201764856
curated_bio_0271.wav,0,0.6835614661331745,0.15821926693341276,0.15821926693341276
curated_bio_0272.wav,0,0.8221048885569707,0.08894755572151464,0.08894755572151464
curated_bio_0273.wav,0,0.7127340257427046,0.1436329871286477,0.1436329871286477
curated_bio_0274.wav,0,0.8475123521819259,0.07624382390903706,0.07624382390903706
curated_bio_0275.wav,0,0.6610650268602613,0.16946748656986937,0.16946748656986937
curated_bio_0276.wav,0,0.8423105728679943,0.07884471356600287,0.07884471356600287
curated_bio_0277.wav,0,0.7648075333554241,0.11759623332228797,0.11759623332228797
curated_bio_0278.wav,0,0.6471703833893857,0.17641480830530715,0.17641480830530715
curated_bio_0279.wav,0,0.8527821837576128,0.07360890812119358,0.07360890812119358
curated_bio_0280.wav,0,0.6142528600543259,0.19287356997283706,0.19287356997283706
curated_bio_0281.wav,0,0.6727553502216445,0.16362232488917777,0.16362232488917777
curated_bio_0282.wav,0,0.7567823855945138,0.12160880720274309,0.12160880720274309
curated_bio_0283.wav,0,0.6980802913906823,0.15095985430465886,0.15095985430465886
curated_bio_0284.wav,0,0.7297460827937272,0.1351269586031364,0.1351269586031364
curated_bio_0285.wav,0,0.83234895825291,0.083825520873545,0.083825520873545
curated_bio_0286.wav,0,0.8467320877653566,0.07663395611732171,0.07663395611732171
curated_bio_0287.wav,0,0.8422730234851988,0.07886348825740058,0.07886348825740058
curated_bio_0288.wav,0,0.6724638514521823,0.16376807427390883,0.16376807427390883
curated_bio_0289.wav,0,0.8549340023106156,0.07253299884469222,0.07253299884469222
curated_bio_0290.wav,0,0.7871397680062824,0.10643011599685881,0.10643011599685881
curated_bio_0291.wav,0,0.7262148410529068,0.1368925794735466,0.1368925794735466
curated_bio_0292.wav,0,0.843793817848151,0.0781030910759245,0.0781030910759245
curated_bio_0293.wav,0,0.6414821098571238,0.17925894507143808,0.17925894507143808
curated_bio_0294.wav,0,0.7296478398017313,0.13517608009913434,0.13517608009913434
curated_bio_0295.wav,0,0.8690301077483797,0.06548494612581013,0.06548494612581013
curated_bio_0296.wav,0,0.6908249679496083,0.15458751602519583,0.15458751602519583
curated_bio_0297.wav,0,0.7738012637365639,0.11309936813171806,0.11309936813171806
curated_bio_0298.wav,0,0.7356088639302312,0.13219556803488441,0.13219556803488441
curated_bio_0299.wav,0,0.7327851614945816,0.1336074192527092,0.1336074192527092
curated_bio_0300.wav,0,0.611999758152466,0.194000120923767,0.194000120923767
curated_bio_0301.wav,0,0.8421684096227554,0.0789157951886223,0.0789157951886223
curated_bio_0302.wav,0,0.7679083694735442,0.11604581526322788,0.11604581526322788
curated_bio_0303.wav,0,0.8834582298447231,0.058270885077638446,0.058270885077638446
curated_bio_0304.wav,0,0.8214463769655451,0.08927681151722744,0.08927681151722744
curated_bio_0305.wav,0,0.8864904994625344,0.05675475026873278,0.05675475026873278
curated_bio_0306.wav,0,0.7605100266282943,0.11974498668585287,0.11974498668585287
curated_bio_0307.wav,0,0.8655291244096577,0.06723543779517116,0.06723543779517116
curated_bio_0308.wav,0,0.8392122927721456,0.0803938536139272,0.0803938536139272
curated_bio_0309.wav,0,0.675693952144451,0.16215302392777448,0.16215302392777448
curated_bio_0310.wav,0,0.8115767505193452,0.0942116247403274,0.0942116247403274
curated_bio_0311.wav,0,0.7027577201913303,0.14862113990433484,0.14862113990433484
curated_bio_0312.wav,0,0.6442128024112265,0.17789359879438676,0.17789359879438676
curated_bio_0313.wav,0,0.7550816456172867,0.12245917719135663,0.12245917719135663
curated_bio_0314.wav,0,0.886503873570828,0.056748063214585975,0.056748063214585975
curated_bio_0315.wav,0,0.796819155197822,0.10159042240108901,0.10159042240108901
curated_bio_0316.wav,0,0.7332052801111071,0.13339735994444646,0.13339735994444646
curated_bio_0317.wav,0,0.7640827061699138,0.1179586469150431,0.1179586469150431
curated_bio_0318.wav,0,0.6158608215114648,0.1920695892442676,0.1920695892442676
curated_bio_0319.wav,0,0.7679477620242914,0.11602611898785431,0.11602611898785431
curated_bio_0320.wav,0,0.8666735837264117,0.06666320813679416,0.06666320813679416
curated_bio_0321.wav,0,0.7287708677818396,0.13561456610908018,0.13561456610908018
curated_bio_0322.wav,0,0.6516169748045304,0.1741915125977348,0.1741915125977348
curated_bio_0323.wav,0,0.8413243275666871,0.07933783621665647,0.07933783621665647
curated_bio_0324.wav,0,0.6672573860116666,0.1663713069941667,0.1663713069941667
curated_bio_0325.wav,0,0.8413795543303582,0.07931022283482092,0.07931022283482092
curated_bio_0326.wav,0,0.7794505142983073,0.11027474285084637,0.11027474285084637
curated_bio_0327.wav,0,0.6744685794624905,0.16276571026875475,0.16276571026875475
curated_bio_0328.wav,0,0.6786576865192253,0.16067115674038734,0.16067115674038734
curated_bio_0329.wav,0,0.6655623161164683,0.16721884194176584,0.16721884194176584
curated_bio_0330.wav,0,0.69385533956128,0.15307233021936,0.15307233021936
curated_bio_0331.wav,0,0.6997071823110154,0.15014640884449232,0.15014640884449232
curated_bio_0332.wav,0,0.7883451214777301,0.10582743926113497,0.10582743926113497
curated_bio_0333.wav,0,0.8584613448334725,0.07076932758326376,0.07076932758326376
curated_bio_0334.wav,0,0.7412847684591509,0.12935761577042454,0.12935761577042454
curated_bio_0335.wav,0,0.6289347913721091,0.18553260431394547,0.18553260431394547
curated_bio_0336.wav,0,0.6475421483065946,0.1762289258467027,0.1762289258467027
curated_bio_0337.wav,0,0.7026563539321001,0.14867182303394993,0.14867182303394993
curated_bio_0338.wav,0,0.6611522342277135,0.16942388288614324,0.16942388288614324
curated_bio_0339.wav,0,0.8110433132828161,0.09447834335859195,0.09447834335859195
curated_bio_0340.wav,0,0.8987258559383977,0.050637072030801145,0.050637072030801145
curated_bio_0341.wav,0,0.6847571411045464,0.15762142944772678,0.15762142944772678
curated_bio_0342.wav,0,0.6921381133083913,0.15393094334580437,0.15393094334580437
curated_bio_0343.wav,0,0.7102205423934695,0.14488972880326523,0.14488972880326523
curated_bio_0344.wav,0,0.8643881156206572,0.0678059421896714,0.0678059421896714
curated_bio_0345.wav,0,0.6439393428231546,0.17803032858842271,0.17803032858842271
curated_bio_0346.wav,0,0.8078928345100037,0.09605358274499814,0.09605358274499814
curated_bio_0347.wav,0,0.8791133246315348,0.0604433376842326,0.0604433376842326
curated_bio_0348.wav,0,0.7604888156157001,0.11975559219214993,0.11975559219214993
curated_bio_0349.wav,0,0.8778302944525259,0.06108485277373704,0.06108485277373704
curated_bio_0350.wav,0,0.8189104504576907,0.09054477477115463,0.09054477477115463
curated_bio_0351.wav,0,0.6082820557531501,0.19585897212342496,0.19585897212342496
curated_bio_0352.wav,0,0.7364354870104591,0.13178225649477043,0.13178225649477043
curated_bio_0353.wav,0,0.8161586878170102,0.09192065609149491,0.09192065609149491
curated_bio_0354.wav,0,0.6556856854755794,0.17215715726221031,0.17215715726221031
curated_bio_0355.wav,0,0.7425829744588976,0.12870851277055118,0.12870851277055118
curated_bio_0356.wav,0,0.7296701230476226,0.1351649384761887,0.1351649384761887
curated_bio_0357.wav,0,0.7303909858714325,0.13480450706428376,0.13480450706428376
curated_bio_0358.wav,0,0.8284913198639405,0.08575434006802973,0.08575434006802973
curated_bio_0359.wav,0,0.6285580639361942,0.1857209680319029,0.1857209680319029
curated_bio_0360.wav,0,0.7010929055778566,0.14945354721107168,0.14945354721107168
curated_bio_0361.wav,0,0.8295136177854553,0.08524319110727235,0.08524319110727235
curated_bio_0362.wav,0,0.668376757704067,0.1658116211479665,0.1658116211479665
curated_bio_0363.wav,0,0.6512929678680163,0.17435351606599186,0.17435351606599186
curated_bio_0364.wav,0,0.7441678087304584,0.1279160956347708,0.1279160956347708
curated_bio_0365.wav,0,0.7522015626592392,0.1238992186703804,0.1238992186703804
curated_bio_0366.wav,0,0.8949387568986628,0.05253062155066862,0.05253062155066862
curated_bio_0367.wav,0,0.6690715150360695,0.16546424248196523,0.16546424248196523
curated_bio_0368.wav,0,0.7366651113301272,0.13166744433493638,0.13166744433493638
curated_bio_0369.wav,0,0.7284451230008098,0.13577743849959512,0.13577743849959512
curated_bio_0370.wav,0,0.7041490008267335,0.14792549958663326,0.14792549958663326
curated_bio_0371.wav,0,0.7611048814358117,0.11944755928209416,0.11944755928209416
curated_bio_0372.wav,0,0.605547410350518,0.19722629482474102,0.19722629482474102
curated_bio_0373.wav,0,0.6226335944048743,0.18868320279756284,0.18868320279756284
curated_bio_0374.wav,0,0.7811816093582226,0.10940919532088872,0.10940919532088872
curated_bio_0375.wav,0,0.8004014096973051,0.09979929515134744,0.09979929515134744
curated_bio_0376.wav,0,0.749550972471867,0.12522451376406651,0.12522451376406651
curated_bio_0377.wav,0,0.8997165487467376,0.05014172562663122,0.05014172562663122
curated_bio_0378.wav,0,0.7783383855076762,0.1108308072461619,0.1108308072461619
curated_bio_0379.wav,0,0.7039886928019696,0.14800565359901519,0.14800565359901519
curated_bio_0380.wav,0,0.8768664338935619,0.061566783053219054,0.061566783053219054
curated_bio_0381.wav,0,0.748452684876938,0.12577365756153103,0.12577365756153103
curated_bio_0382.wav,0,0.7573337466731839,0.12133312666340806,0.12133312666340806
curated_bio_0383.wav,0,0.8186661149896483,0.09066694250517587,0.09066694250517587
curated_bio_0384.wav,0,0.6828628258039229,0.15856858709803856,0.15856858709803856
curated_bio_0385.wav,0,0.8815005021496514,0.05924974892517432,0.05924974892517432
curated_bio_0386.wav,0,0.8326584675448434,0.0836707662275783,0.0836707662275783
curated_bio_0387.wav,0,0.6476536758759084,0.1761731620620458,0.1761731620620458
curated_bio_0388.wav,0,0.7418660801070917,0.12906695994645417,0.12906695994645417
curated_bio_0389.wav,0,0.726649915256036,0.13667504237198203,0.13667504237198203
curated_bio_0390.wav,0,0.7949397492799268,0.10253012536003658,0.10253012536003658
curated_bio_0391.wav,0,0.7833196333089048,0.10834018334554762,0.10834018334554762
curated_bio_0392.wav,0,0.7534033853017412,0.12329830734912939,0.12329830734912939
curated_bio_0393.wav,0,0.6359473221042947,0.18202633894785264,0.18202633894785264
curated_bio_0394.wav,0,0.670349553081044,0.16482522345947798,0.16482522345947798
curated_bio_0395.wav,0,0.6093474212028844,0.19532628939855778,0.19532628939855778
curated_bio_0396.wav,0,0.6032662886328525,0.19836685568357376,0.19836685568357376
curated_bio_0397.wav,0,0.7289662008850075,0.13551689955749624,0.13551689955749624
curated_bio_0398.wav,0,0.820989771508895,0.08950511424555252,0.08950511424555252
curated_bio_0399.wav,0,0.7511080181498946,0.12444599092505271,0.12444599092505271
curated_bio_0400.wav,0,0.6357864395600773,0.18210678021996135,0.18210678021996135
curated_bio_0401.wav,0,0.6811592894908206,0.1594203552545897,0.1594203552545897
curated_bio_0402.wav,0,0.8968005507065617,0.051599724646719136,0.051599724646719136
curated_bio_0403.wav,0,0.6251797789861051,0.18741011050694745,0.18741011050694745
curated_bio_0404.wav,0,0.6112516810495071,0.19437415947524644,0.19437415947524644
curated_bio_0405.wav,0,0.7406964549951996,0.12965177250240018,0.12965177250240018
curated_bio_0406.wav,0,0.8682755791300166,0.06586221043499169,0.06586221043499169
curated_bio_0407.wav,0,0.7691906505722444,0.11540467471387778,0.11540467471387778
curated_bio_0408.wav,0,0.8474169290345422,0.07629153548272888,0.07629153548272888
curated_bio_0409.wav,0,0.8548845752156076,0.07255771239219622,0.07255771239219622
curated_bio_0410.wav,0,0.8784075971020591,0.060796201448970466,0.060796201448970466
curated_bio_0411.wav,0,0.6696122747907703,0.16519386260461483,0.16519386260461483
curated_bio_0412.wav,0,0.8570196151182142,0.07149019244089289,0.07149019244089289
curated_bio_0413.wav,0,0.7189555768673492,0.14052221156632538,0.14052221156632538
curated_bio_0414.wav,0,0.7411866222038579,0.12940668889807105,0.12940668889807105
curated_bio_0415.wav,0,0.6953113623884115,0.15234431880579424,0.15234431880579424
curated_bio_0416.wav,0,0.7651440488136134,0.11742797559319329,0.11742797559319329
curated_bio_0417.wav,0,0.8598108605460606,0.0700945697269697,0.0700945697269697
curated_bio_0418.wav,0,0.7337927567390741,0.13310362163046296,0.13310362163046296
curated_bio_0419.wav,0,0.6626262735512435,0.16868686322437826,0.16868686322437826
curated_bio_0420.wav,0,0.8251373714906877,0.08743131425465617,0.08743131425465617
curated_bio_0421.wav,0,0.8076274379254664,0.09618628103726679,0.09618628103726679
curated_bio_0422.wav,0,0.7570050925037928,0.12149745374810361,0.12149745374810361
curated_bio_0423.wav,0,0.8109650877736639,0.09451745611316803,0.09451745611316803
curated_bio_0424.wav,0,0.8876310193470521,0.056184490326473935,0.056184490326473935
curated_bio_0425.wav,0,0.7150058809133963,0.14249705954330183,0.14249705954330183
curated_bio_0426.wav,0,0.6764756082026566,0.1617621958986717,0.1617621958986717
curated_bio_0427.wav,0,0.847021068918021,0.07648946554098951,0.07648946554098951
curated_bio_0428.wav,0,0.6683752838168795,0.16581235809156025,0.16581235809156025
curated_bio_0429.wav,0,0.8884684014122723,0.05576579929386383,0.05576579929386383
curated_bio_0430.wav,0,0.8516315861179917,0.07418420694100414,0.07418420694100414
curated_bio_0431.wav,0,0.6961738682541084,0.15191306587294579,0.15191306587294579
curated_bio_0432.wav,0,0.6518822450664047,0.17405887746679766,0.17405887746679766
curated_bio_0433.wav,0,0.629481321819361,0.1852593390903195,0.1852593390903195
curated_bio_0434.wav,0,0.84263901413945,0.07868049293027501,0.07868049293027501
curated_bio_0435.wav,0,0.8297771096225144,0.08511144518874281,0.08511144518874281
curated_bio_0436.wav,0,0.6308968937597552,0.1845515531201224,0.1845515531201224
curated_bio_0437.wav,0,0.6293376741575697,0.18533116292121515,0.18533116292121515
curated_bio_0438.wav,0,0.7554392101654062,0.12228039491729692,0.12228039491729692
curated_bio_0439.wav,0,0.6977707085921013,0.15111464570394934,0.15111464570394934
curated_bio_0440.wav,0,0.8805992904773856,0.059700354761307195,0.059700354761307195
curated_bio_0441.wav,0,0.6628920186770391,0.16855399066148047,0.16855399066148047
curated_bio_0442.wav,0,0.8799945515189271,0.06000272424053643,0.06000272424053643
curated_bio_0443.wav,0,0.8847119986569616,0.0576440006715192,0.0576440006715192
curated_bio_0444.wav,0,0.6497172933935531,0.17514135330322345,0.17514135330322345
curated_bio_0445.wav,0,0.6396251708853786,0.1801874145573107,0.1801874145573107
curated_bio_0446.wav,0,0.7451260145916793,0.12743699270416037,0.12743699270416037
curated_bio_0447.wav,0,0.7499868681843872,0.1250065659078064,0.1250065659078064
curated_bio_0448.wav,0,0.7503311261564802,0.12483443692175988,0.12483443692175988
curated_bio_0449.wav,0,0.6623336308640644,0.1688331845679678,0.1688331845679678
curated_bio_0450.wav,0,0.8276156202044367,0.08619218989778166,0.08619218989778166
curated_bio_0451.wav,0,0.6537612669760121,0.17311936651199394,0.17311936651199394
curated_bio_0452.wav,0,0.8289927778061328,0.08550361109693361,0.08550361109693361
curated_bio_0453.wav,0,0.6638801819938644,0.16805990900306778,0.16805990900306778
curated_bio_0454.wav,0,0.8952343951403965,0.052382802429801756,0.052382802429801756
curated_bio_0455.wav,0,0.8314986005137335,0.08425069974313326,0.08425069974313326
curated_bio_0456.wav,0,0.6381589999444728,0.1809205000277636,0.1809205000277636
curated_bio_0457.wav,0,0.658606781707096,0.17069660914645202,0.17069660914645202
curated_bio_0458.wav,0,0.8275629682586646,0.0862185158706677,0.0862185158706677
curated_bio_0459.wav,0,0.8837779484067312,0.05811102579663441,0.05811102579663441
curated_bio_0460.wav,0,0.7944174048963989,0.10279129755180055,0.10279129755180055
curated_bio_0461.wav,0,0.8475635739686209,0.07621821301568954,0.07621821301568954
curated_bio_0462.wav,0,0.6651137695633831,0.16744311521830846,0.16744311521830846
curated_bio_0463.wav,0,0.6286446022202395,0.18567769888988023,0.18567769888988023
curated_bio_0464.wav,0,0.6972607681533177,0.15136961592334114,0.15136961592334114
curated_bio_0465.wav,0,0.8620070632813723,0.06899646835931383,0.06899646835931383
curated_bio_0466.wav,0,0.6550461270378637,0.17247693648106815,0.17247693648106815
curated_bio_0467.wav,0,0.8577639077587949,0.07111804612060257,0.07111804612060257
curated_bio_0468.wav,0,0.7250336128120326,0.1374831935939837,0.1374831935939837
curated_bio_0469.wav,0,0.7443753964889521,0.12781230175552394,0.12781230175552394
curated_bio_0470.wav,0,0.714404849646971,0.14279757517651448,0.14279757517651448
curated_bio_0471.wav,0,0.6091793333603052,0.19541033331984742,0.19541033331984742
curated_bio_0472.wav,0,0.6239168409409689,0.18804157952951556,0.18804157952951556
curated_bio_0473.wav,0,0.7458872342797103,0.12705638286014487,0.12705638286014487
curated_bio_0474.wav,0,0.6229249622093727,0.18853751889531367,0.18853751889531367
curated_bio_0475.wav,0,0.6891768168289528,0.1554115915855236,0.1554115915855236
curated_bio_0476.wav,0,0.6983394658273829,0.15083026708630853,0.15083026708630853
curated_bio_0477.wav,0,0.874978871695816,0.062510564152092,0.062510564152092
curated_bio_0478.wav,0,0.7073464190994028,0.14632679045029862,0.14632679045029862
curated_bio_0479.wav,0,0.6764311909411342,0.16178440452943288,0.16178440452943288
curated_bio_0480.wav,0,0.7523116487084258,0.12384417564578709,0.12384417564578709
curated_bio_0481.wav,0,0.7101748847228285,0.14491255763858574,0.14491255763858574
curated_bio_0482.wav,0,0.8423104199554599,0.07884479002227007,0.07884479002227007
curated_bio_0483.wav,0,0.8057219244861982,0.09713903775690091,0.09713903775690091
curated_bio_0484.wav,0,0.6922678083254725,0.15386609583726374,0.15386609583726374
curated_bio_0485.wav,0,0.7908831255221492,0.10455843723892538,0.10455843723892538
curated_bio_0486.wav,0,0.6286565002802278,0.1856717498598861,0.1856717498598861
curated_bio_0487.wav,0,0.8106862399729247,0.09465688001353767,0.09465688001353767
curated_bio_0488.wav,0,0.7819652996050798,0.10901735019746012,0.10901735019746012
curated_bio_0489.wav,0,0.6515199424158687,0.17424002879206563,0.17424002879206563
curated_bio_0490.wav,0,0.6505673633218528,0.17471631833907358,0.17471631833907358
curated_bio_0491.wav,0,0.609310888199401,0.19534455590029948,0.19534455590029948
curated_bio_0492.wav,0,0.7875734923046609,0.10621325384766955,0.10621325384766955
curated_bio_0493.wav,0,0.8449046867847522,0.07754765660762392,0.07754765660762392
curated_bio_0494.wav,0,0.8803274698528218,0.05983626507358908,0.05983626507358908
curated_bio_0495.wav,0,0.6572339318785878,0.1713830340607061,0.1713830340607061
curated_bio_0496.wav,0,0.762926355694806,0.11853682215259698,0.11853682215259698
curated_bio_0497.wav,0,0.7941637768835429,0.10291811155822855,0.10291811155822855
curated_bio_0498.wav,0,0.8782664216524552,0.06086678917377242,0.06086678917377242
curated_bio_0499.wav,0,0.8014596912249283,0.09927015438753584,0.09927015438753584
curated_bio_0500.wav,0,0.8681306741259309,0.06593466293703454,0.06593466293703454
curated_bio_0501.wav,0,0.8977451616404024,0.051127419179798794,0.051127419179798794
curated_bio_0502.wav,0,0.6943818729485945,0.15280906352570273,0.15280906352570273
curated_bio_0503.wav,0,0.8672749392931842,0.06636253035340789,0.06636253035340789
curated_bio_0504.wav,0,0.7915672835300842,0.1042163582349579,0.1042163582349579
curated_bio_0505.wav,0,0.6355714094038843,0.18221429529805783,0.18221429529805783
curated_bio_0506.wav,0,0.6797826559271545,0.16010867203642276,0.16010867203642276
curated_bio_0507.wav,0,0.8139672189244922,0.0930163905377539,0.0930163905377539
curated_bio_0508.wav,0,0.7130659299553296,0.1434670350223352,0.1434670350223352
curated_bio_0509.wav,0,0.7049857722674386,0.14750711386628068,0.14750711386628068
curated_bio_0510.wav,0,0.8439620583623473,0.07801897081882636,0.07801897081882636
curated_bio_0511.wav,0,0.7503997570154852,0.12480012149225739,0.12480012149225739
curated_bio_0512.wav,0,0.8422593831503126,0.07887030842484372,0.07887030842484372
curated_bio_0513.wav,0,0.7008746821111694,0.14956265894441528,0.14956265894441528
curated_bio_0514.wav,0,0.8576766841210689,0.07116165793946555,0.07116165793946555
curated_bio_0515.wav,0,0.8740886934663696,0.06295565326681518,0.06295565326681518
curated_bio_0516.wav,0,0.8687266215141121,0.06563668924294397,0.06563668924294397
curated_bio_0517.wav,0,0.8979005929925965,0.05104970350370175,0.05104970350370175
curated_bio_0518.wav,0,0.7812467071445557,0.10937664642772216,0.10937664642772216
curated_bio_0519.wav,0,0.634550594894015,0.1827247025529925,0.1827247025529925
curated_bio_0520.wav,0,0.6704293031468,0.16478534842659998,0.16478534842659998
curated_bio_0521.wav,0,0.6437389232241892,0.17813053838790538,0.17813053838790538
curated_bio_0522.wav,0,0.7452521086522281,0.12737394567388594,0.12737394567388594
curated_bio_0523.wav,0,0.8997566962657739,0.05012165186711304,0.05012165186711304
curated_bio_0524.wav,0,0.7785918216188995,0.11070408919055025,0.11070408919055025
curated_bio_0525.wav,0,0.7477509552912067,0.12612452235439664,0.12612452235439664
curated_bio_0526.wav,0,0.6271805064796349,0.18640974676018257,0.18640974676018257
curated_bio_0527.wav,0,0.613263544854917,0.19336822757254152,0.19336822757254152
curated_bio_0528.wav,0,0.675000136793666,0.162499931603167,0.162499931603167
curated_bio_0529.wav,0,0.7286709847127756,0.1356645076436122,0.1356645076436122
curated_bio_0530.wav,0,0.6755419718783844,0.1622290140608078,0.1622290140608078
curated_bio_0531.wav,0,0.6129226978950625,0.19353865105246876,0.19353865105246876
curated_bio_0532.wav,0,0.8543778931127022,0.07281105344364891,0.07281105344364891
curated_bio_0533.wav,0,0.6768286948458707,0.16158565257706464,0.16158565257706464
curated_bio_0534.wav,0,0.8807999690461433,0.059600015476928336,0.059600015476928336
curated_bio_0535.wav,0,0.6897522453790867,0.15512387731045663,0.15512387731045663
curated_bio_0536.wav,0,0.8754726600621237,0.06226366996893817,0.06226366996893817
curated_bio_0537.wav,0,0.8528647052844611,0.07356764735776944,0.07356764735776944
curated_bio_0538.wav,0,0.8632959519528136,0.0683520240235932,0.0683520240235932
curated_bio_0539.wav,0,0.7859638629686544,0.1070180685156728,0.1070180685156728
curated_bio_0540.wav,0,0.8297393336520059,0.08513033317399704,0.08513033317399704
curated_bio_0541.wav,0,0.8105334721104323,0.09473326394478387,0.09473326394478387
curated_bio_0542.wav,0,0.7876028411246738,0.10619857943766309,0.10619857943766309
curated_bio_0543.wav,0,0.7408128279030491,0.12959358604847543,0.12959358604847543
curated_bio_0544.wav,0,0.8522930025738185,0.07385349871309077,0.07385349871309077
curated_bio_0545.wav,0,0.8987139544578071,0.050643022771096446,0.050643022771096446
curated_bio_0546.wav,0,0.6809623911034369,0.15951880444828154,0.15951880444828154
curated_bio_0547.wav,0,0.8688851845316095,0.06555740773419527,0.06555740773419527
curated_bio_0548.wav,0,0.7500706093548116,0.12496469532259419,0.12496469532259419
curated_bio_0549.wav,0,0.823970498316903,0.08801475084154847,0.08801475084154847
curated_bio_0550.wav,0,0.8431060025233023,0.07844699873834887,0.07844699873834887
curated_bio_0551.wav,0,0.7666763643611161,0.11666181781944196,0.11666181781944196
curated_bio_0552.wav,0,0.7447397498175266,0.12763012509123672,0.12763012509123672
curated_bio_0553.wav,0,0.7298533955922215,0.13507330220388925,0.13507330220388925
curated_bio_0554.wav,0,0.7612315177410661,0.11938424112946694,0.11938424112946694
curated_bio_0555.wav,0,0.7387598624245124,0.1306200687877438,0.1306200687877438
curated_bio_0556.wav,0,0.741836788472952,0.129081605763524,0.129081605763524
curated_bio_0557.wav,0,0.7691385615912111,0.11543071920439446,0.11543071920439446
curated_bio_0558.wav,0,0.6427357041082415,0.17863214794587923,0.17863214794587923
curated_bio_0559.wav,0,0.8121128429351554,0.0939435785324223,0.0939435785324223
curated_bio_0560.wav,0,0.6785163359029315,0.16074183204853426,0.16074183204853426
curated_bio_0561.wav,0,0.6753566221011069,0.16232168894944654,0.16232168894944654
curated_bio_0562.wav,0,0.8645283703302353,0.06773581483488234,0.06773581483488234
curated_bio_0563.wav,0,0.8585770549675149,0.07071147251624255,0.07071147251624255
curated_bio_0564.wav,0,0.8426766209530616,0.07866168952346919,0.07866168952346919
curated_bio_0565.wav,0,0.6701269878121059,0.16493650609394706,0.16493650609394706
curated_bio_0566.wav,0,0.7995134412225406,0.10024327938872968,0.10024327938872968
curated_bio_0567.wav,0,0.8871547440994635,0.056422627950268256,0.056422627950268256
curated_bio_0568.wav,0,0.6651737749690885,0.16741311251545576,0.16741311251545576
curated_bio_0569.wav,0,0.6789126341209168,0.16054368293954158,0.16054368293954158
curated_bio_0570.wav,0,0.6050685346511512,0.1974657326744244,0.1974657326744244
curated_bio_0571.wav,0,0.8938764853311528,0.05306175733442359,0.05306175733442359
curated_bio_0572.wav,0,0.6886514069074835,0.15567429654625825,0.15567429654625825
curated_bio_0573.wav,0,0.6673661654265243,0.16631691728673786,0.16631691728673786
curated_bio_0574.wav,0,0.7579566081066248,0.1210216959466876,0.1210216959466876
curated_bio_0575.wav,0,0.6532052857950473,0.17339735710247633,0.17339735710247633
curated_bio_0576.wav,0,0.7023418693526273,0.14882906532368634,0.14882906532368634
curated_bio_0577.wav,0,0.8001530011695739,0.09992349941521306,0.09992349941521306
curated_bio_0578.wav,0,0.8601254752357892,0.0699372623821054,0.0699372623821054
curated_bio_0579.wav,0,0.8458692891577502,0.07706535542112491,0.07706535542112491
curated_bio_0580.wav,0,0.8407563821472576,0.07962180892637122,0.07962180892637122
curated_bio_0581.wav,0,0.6351032404311568,0.18244837978442158,0.18244837978442158
curated_bio_0582.wav,0,0.7142852404157303,0.14285737979213486,0.14285737979213486
curated_bio_0583.wav,0,0.7832183128007725,0.10839084359961376,0.10839084359961376
curated_bio_0584.wav,0,0.6685380760640279,0.16573096196798603,0.16573096196798603
curated_bio_0585.wav,0,0.8038608650735908,0.09806956746320461,0.09806956746320461
curated_bio_0586.wav,0,0.6293473284170397,0.18532633579148017,0.18532633579148017
curated_bio_0587.wav,0,0.7137064786478525,0.14314676067607374,0.14314676067607374
curated_bio_0588.wav,0,0.6665794111605072,0.16671029441974639,0.16671029441974639
curated_bio_0589.wav,0,0.8306947198647844,0.08465264006760781,0.08465264006760781
curated_bio_0590.wav,0,0.7438863344913094,0.12805683275434532,0.12805683275434532
curated_bio_0591.wav,0,0.8584099691517455,0.07079501542412725,0.07079501542412725
curated_bio_0592.wav,0,0.8332566065243161,0.08337169673784195,0.08337169673784195
curated_bio_0593.wav,0,0.835909338752234,0.08204533062388297,0.08204533062388297
curated_bio_0594.wav,0,0.6577385061402636,0.17113074692986818,0.17113074692986818
curated_bio_0595.wav,0,0.7510708334967549,0.12446458325162257,0.12446458325162257
curated_bio_0596.wav,0,0.753856037551115,0.12307198122444252,0.12307198122444252
curated_bio_0597.wav,0,0.61004209894533,0.194978950527335,0.194978950527335
curated_bio_0598.wav,0,0.868871500544056,0.06556424972797198,0.06556424972797198
curated_bio_0599.wav,0,0.7014167532646789,0.14929162336766055,0.14929162336766055
curated_bio_0600.wav,0,0.7807979458931497,0.10960102705342517,0.10960102705342517
curated_bio_0601.wav,0,0.8004219057781933,0.09978904711090336,0.09978904711090336
curated_bio_0602.wav,0,0.7409381320165803,0.12953093399170984,0.12953093399170984
curated_bio_0603.wav,0,0.7218501771359387,0.13907491143203066,0.13907491143203066
curated_bio_0604.wav,0,0.7497361760009542,0.1251319119995229,0.1251319119995229
curated_bio_0605.wav,0,0.8245492477144185,0.08772537614279075,0.08772537614279075
curated_bio_0606.wav,0,0.8688465157517213,0.06557674212413933,0.06557674212413933
curated_bio_0607.wav,0,0.7346638680965185,0.13266806595174074,0.13266806595174074
curated_bio_0608.wav,0,0.6545909069670347,0.17270454651648265,0.17270454651648265
curated_bio_0609.wav,0,0.6788001984981645,0.16059990075091773,0.16059990075091773
curated_bio_0610.wav,0,0.746280941313503,0.1268595293432485,0.1268595293432485
curated_bio_0611.wav,0,0.7038264695201694,0.14808676523991532,0.14808676523991532
curated_bio_0612.wav,0,0.8816642704735584,0.05916786476322078,0.05916786476322078
curated_bio_0613.wav,0,0.8494863753566323,0.07525681232168385,0.07525681232168385
curated_bio_0614.wav,0,0.870919288902373,0.06454035554881349,0.06454035554881349
curated_bio_0615.wav,0,0.6936680617305758,0.1531659691347121,0.1531659691347121
curated_bio_0616.wav,0,0.8227359644085994,0.08863201779570029,0.08863201779570029
curated_bio_0617.wav,0,0.8775449970947018,0.0612275014526491,0.0612275014526491
curated_bio_0618.wav,0,0.6976760180423615,0.15116199097881927,0.15116199097881927
curated_bio_0619.wav,0,0.7546872298233878,0.12265638508830612,0.12265638508830612
curated_bio_0620.wav,0,0.8973427371343714,0.0513286314328143,0.0513286314328143
curated_bio_0621.wav,0,0.8443758872482247,0.07781205637588767,0.07781205637588767
curated_bio_0622.wav,0,0.6966731629085213,0.15166341854573934,0.15166341854573934
curated_bio_0623.wav,0,0.6199489296316012,0.1900255351841994,0.1900255351841994
curated_bio_0624.wav,0,0.8663007181997846,0.0668496409001077,0.0668496409001077
curated_bio_0625.wav,0,0.6723536211019591,0.16382318944902047,0.16382318944902047
curated_bio_0626.wav,0,0.7197294625177777,0.14013526874111115,0.14013526874111115
curated_bio_0627.wav,0,0.6233358440609204,0.18833207796953982,0.18833207796953982
curated_bio_0628.wav,0,0.8351008042685725,0.08244959786571376,0.08244959786571376
curated_bio_0629.wav,0,0.7004807361117814,0.1497596319441093,0.1497596319441093
curated_bio_0630.wav,0,0.6716367019548624,0.16418164902256882,0.16418164902256882
curated_bio_0631.wav,0,0.7518045972737448,0.12409770136312759,0.12409770136312759
curated_bio_0632.wav,0,0.7214947582599616,0.13925262087001922,0.13925262087001922
curated_bio_0633.wav,0,0.7962374959392711,0.10188125203036447,0.10188125203036447
curated_bio_0634.wav,0,0.7496184865004915,0.12519075674975427,0.12519075674975427
curated_bio_0635.wav,0,0.6474493852290162,0.1762753073854919,0.1762753073854919
curated_bio_0636.wav,0,0.8612928706743384,0.06935356466283082,0.06935356466283082
curated_bio_0637.wav,0,0.7441891823608286,0.12790540881958568,0.12790540881958568
curated_bio_0638.wav,0,0.8966250708633965,0.051687464568301755,0.051687464568301755
curated_bio_0639.wav,0,0.683629586455592,0.158185206772204,0.158185206772204
curated_bio_0640.wav,0,0.6830422241568207,0.15847888792158965,0.15847888792158965
curated_bio_0641.wav,0,0.8485672023124589,0.07571639884377057,0.07571639884377057
curated_bio_0642.wav,0,0.6625704434217721,0.16871477828911396,0.16871477828911396
curated_bio_0643.wav,0,0.6487712139035383,0.17561439304823084,0.17561439304823084
curated_bio_0644.wav,0,0.7762229513456718,0.11188852432716412,0.11188852432716412
curated_bio_0645.wav,0,0.6388183903051244,0.18059080484743778,0.18059080484743778
curated_bio_0646.wav,0,0.8578344051733147,0.07108279741334267,0.07108279741334267
curated_bio_0647.wav,0,0.8648089232324058,0.06759553838379712,0.06759553838379712
curated_bio_0648.wav,0,0.7902807315184224,0.10485963424078881,0.10485963424078881
curated_bio_0649.wav,0,0.6250905285250747,0.18745473573746263,0.18745473573746263
curated_bio_0650.wav,0,0.8713168789121696,0.06434156054391521,0.06434156054391521
curated_bio_0651.wav,0,0.8304904355582545,0.08475478222087274,0.08475478222087274
curated_bio_0652.wav,0,0.7725107580071817,0.11374462099640914,0.11374462099640914
curated_bio_0653.wav,0,0.6688197387833452,0.1655901306083274,0.1655901306083274
curated_bio_0654.wav,0,0.8445616037142158,0.07771919814289208,0.07771919814289208
curated_bio_0655.wav,0,0.7227673740381185,0.13861631298094074,0.13861631298094074
curated_bio_0656.wav,0,0.6184899216737338,0.19075503916313308,0.19075503916313308
curated_bio_0657.wav,0,0.8426449035221005,0.07867754823894973,0.07867754823894973
curated_bio_0658.wav,0,0.6806982205844321,0.15965088970778396,0.15965088970778396
curated_bio_0659.wav,0,0.6238308765877573,0.18808456170612137,0.18808456170612137
curated_bio_0660.wav,0,0.8041438385140417,0.09792808074297915,0.09792808074297915
curated_bio_0661.wav,0,0.7751985692764976,0.11240071536175122,0.11240071536175122
curated_bio_0662.wav,0,0.8489413040396435,0.07552934798017824,0.07552934798017824
curated_bio_0663.wav,0,0.6032404671828339,0.19837976640858307,0.19837976640858307
curated_bio_0664.wav,0,0.6325729325973948,0.1837135337013026,0.1837135337013026
curated_bio_0665.wav,0,0.6927123850406431,0.15364380747967843,0.15364380747967843
curated_bio_0666.wav,0,0.6133478046668872,0.1933260976665564,0.1933260976665564
curated_bio_0667.wav,0,0.642779372420621,0.1786103137896895,0.1786103137896895
curated_bio_0668.wav,0,0.8404735013247641,0.07976324933761797,0.07976324933761797
curated_bio_0669.wav,0,0.8871930288503724,0.05640348557481378,0.05640348557481378
curated_bio_0670.wav,0,0.8901438912307761,0.05492805438461196,0.05492805438461196
curated_bio_0671.wav,0,0.850775886429685,0.07461205678515748,0.07461205678515748
curated_bio_0672.wav,0,0.7649474060891619,0.11752629695541905,0.11752629695541905
curated_bio_0673.wav,0,0.8044527006379307,0.09777364968103464,0.09777364968103464
curated_bio_0674.wav,0,0.7705245529745353,0.11473772351273237,0.11473772351273237
curated_bio_0675.wav,0,0.6167440792586932,0.19162796037065338,0.19162796037065338
curated_bio_0676.wav,0,0.7695601591898136,0.11521992040509321,0.11521992040509321
curated_bio_0677.wav,0,0.7007005708208092,0.14964971458959542,0.14964971458959542
curated_bio_0678.wav,0,0.6191030130309515,0.19044849348452425,0.19044849348452425
curated_bio_0679.wav,0,0.7980746692429375,0.10096266537853127,0.10096266537853127
curated_bio_0680.wav,0,0.7325124952249346,0.13374375238753272,0.13374375238753272
curated_bio_0681.wav,0,0.868286211857511,0.06585689407124451,0.06585689407124451
curated_bio_0682.wav,0,0.8028647762585704,0.09856761187071478,0.09856761187071478
curated_bio_0683.wav,0,0.6899881988149884,0.1550059005925058,0.1550059005925058
curated_bio_0684.wav,0,0.732267486505153,0.13386625674742347,0.13386625674742347
curated_bio_0685.wav,0,0.8730512853848356,0.06347435730758222,0.06347435730758222
curated_bio_0686.wav,0,0.6380629450178005,0.18096852749109976,0.18096852749109976
curated_bio_0687.wav,0,0.889668042406647,0.05516597879667651,0.05516597879667651
curated_bio_0688.wav,0,0.81059184681745,0.094704076591275,0.094704076591275
curated_bio_0689.wav,0,0.6366852935159039,0.18165735324204807,0.18165735324204807
curated_bio_0690.wav,0,0.7426480090370994,0.1286759954814503,0.1286759954814503
curated_bio_0691.wav,0,0.8090970747130617,0.09545146264346915,0.09545146264346915
curated_bio_0692.wav,0,0.8546574022729729,0.07267129886351353,0.07267129886351353
curated_bio_0693.wav,0,0.7177878999962065,0.14110605000189674,0.14110605000189674
curated_bio_0694.wav,0,0.7786147509584364,0.11069262452078182,0.11069262452078182
curated_bio_0695.wav,0,0.6437101800210557,0.17814490998947213,0.17814490998947213
curated_bio_0696.wav,0,0.6952417990268642,0.1523791004865679,0.1523791004865679
curated_bio_0697.wav,0,0.8184236780649028,0.0907881609675486,0.0907881609675486
curated_bio_0698.wav,0,0.7813608207544157,0.10931958962279215,0.10931958962279215
curated_bio_0699.wav,0,0.7028313568580523,0.14858432157097384,0.14858432157097384
curated_bio_0700.wav,0,0.635054351954615,0.1824728240226925,0.1824728240226925
curated_bio_0701.wav,0,0.841173950093452,0.07941302495327401,0.07941302495327401
curated_bio_0702.wav,0,0.6276175792407609,0.18619121037961955,0.18619121037961955
curated_bio_0703.wav,0,0.8837714798696807,0.05811426006515963,0.05811426006515963
curated_bio_0704.wav,0,0.7539230883451808,0.12303845582740958,0.12303845582740958
curated_bio_0705.wav,0,0.6267825342151939,0.18660873289240304,0.18660873289240304
curated_bio_0706.wav,0,0.8574760988667688,0.0712619505666156,0.0712619505666156
curated_bio_0707.wav,0,0.8942576939083435,0.052871153045828234,0.052871153045828234
curated_bio_0708.wav,0,0.8194961443247364,0.0902519278376318,0.0902519278376318
curated_bio_0709.wav,0,0.8602400283296969,0.06987998583515154,0.06987998583515154
curated_bio_0710.wav,0,0.8431299990536588,0.07843500047317059,0.07843500047317059
curated_bio_0711.wav,0,0.8942995625960799,0.05285021870196005,0.05285021870196005
curated_bio_0712.wav,0,0.734321945463382,0.13283902726830898,0.13283902726830898
curated_bio_0713.wav,0,0.6082374633056623,0.19588126834716885,0.19588126834716885
curated_bio_0714.wav,0,0.7243872834518097,0.13780635827409515,0.13780635827409515
curated_bio_0715.wav,0,0.8567627325548054,0.0716186337225973,0.0716186337225973
curated_bio_0716.wav,0,0.84233006939189,0.07883496530405498,0.07883496530405498
curated_bio_0717.wav,0,0.6281148325086934,0.1859425837456533,0.1859425837456533
curated_bio_0718.wav,0,0.8473000108334822,0.07634999458325892,0.07634999458325892
curated_bio_0719.wav,0,0.8274997695933787,0.08625011520331066,0.08625011520331066
curated_bio_0720.wav,0,0.8200707917257615,0.08996460413711926,0.08996460413711926
curated_bio_0721.wav,0,0.6098085859402514,0.19509570702987428,0.19509570702987428
curated_bio_0722.wav,0,0.7048980058030113,0.14755099709849434,0.14755099709849434
curated_bio_0723.wav,0,0.8666129747603271,0.06669351261983647,0.06669351261983647
curated_bio_0724.wav,0,0.79664805921701,0.10167597039149501,0.10167597039149501
curated_bio_0725.wav,0,0.8635657113071973,0.06821714434640136,0.06821714434640136
curated_bio_0726.wav,0,0.7600269885550477,0.11998650572247616,0.11998650572247616
curated_bio_0727.wav,0,0.6978471150735276,0.1510764424632362,0.1510764424632362
curated_bio_0728.wav,0,0.7170989371760343,0.14145053141198283,0.14145053141198283
curated_bio_0729.wav,0,0.8023056489260004,0.09884717553699979,0.09884717553699979
curated_bio_0730.wav,0,0.6956183388237682,0.1521908305881159,0.1521908305881159
curated_bio_0731.wav,0,0.7432610215713087,0.12836948921434566,0.12836948921434566
curated_bio_0732.wav,0,0.6571329935314522,0.17143350323427392,0.17143350323427392
curated_bio_0733.wav,0,0.7432681193335604,0.1283659403332198,0.1283659403332198
curated_bio_0734.wav,0,0.8833196766045395,0.058340161697730264,0.058340161697730264
curated_bio_0735.wav,0,0.8701171090789306,0.06494144546053471,0.06494144546053471
curated_bio_0736.wav,0,0.832532773363243,0.08373361331837847,0.08373361331837847
curated_bio_0737.wav,0,0.8605703620904064,0.06971481895479681,0.06971481895479681
curated_bio_0738.wav,0,0.8992781069773226,0.05036094651133871,0.05036094651133871
curated_bio_0739.wav,0,0.6340517138826743,0.18297414305866283,0.18297414305866283
curated_bio_0740.wav,0,0.853622737521263,0.07318863123936847,0.07318863123936847
curated_bio_0741.wav,0,0.600208418892761,0.1998957905536195,0.1998957905536195
curated_bio_0742.wav,0,0.659541264058879,0.17022936797056049,0.17022936797056049
curated_bio_0743.wav,0,0.8967105043076131,0.05164474784619344,0.05164474784619344
curated_bio_0744.wav,0,0.6071408501241097,0.19642957493794516,0.19642957493794516
curated_bio_0745.wav,0,0.8552860953288846,0.07235695233555772,0.07235695233555772
curated_bio_0746.wav,0,0.7999145657499765,0.10004271712501173,0.10004271712501173
curated_bio_0747.wav,0,0.7402397335283861,0.12988013323580694,0.12988013323580694
curated_bio_0748.wav,0,0.6661765617765705,0.16691171911171476,0.16691171911171476
curated_bio_0749.wav,0,0.7650086348930947,0.11749568255345266,0.11749568255345266
curated_bio_0750.wav,0,0.7958817006035828,0.10205914969820862,0.10205914969820862
curated_bio_0751.wav,0,0.6589002387067472,0.1705498806466264,0.1705498806466264
curated_bio_0752.wav,0,0.7538946113053494,0.1230526943473253,0.1230526943473253
curated_bio_0753.wav,0,0.7388872288756135,0.13055638556219323,0.13055638556219323
curated_bio_0754.wav,0,0.6882251065915395,0.15588744670423027,0.15588744670423027
curated_bio_0755.wav,0,0.7449274003623273,0.12753629981883635,0.12753629981883635
curated_bio_0756.wav,0,0.7158783234565547,0.14206083827172267,0.14206083827172267
curated_bio_0757.wav,0,0.7635562600652084,0.11822186996739581,0.11822186996739581
curated_bio_0758.wav,0,0.8462074270228309,0.07689628648858454,0.07689628648858454
curated_bio_0759.wav,0,0.880763690218475,0.0596181548907625,0.0596181548907625
curated_bio_0760.wav,0,0.7044903966870697,0.14775480165646515,0.14775480165646515
curated_bio_0761.wav,0,0.8061114724174583,0.09694426379127086,0.09694426379127086
curated_bio_0762.wav,0,0.8391207016084794,0.0804396491957603,0.0804396491957603
curated_bio_0763.wav,0,0.878672661531259,0.0606636692343705,0.0606636692343705
curated_bio_0764.wav,0,0.6980323454837055,0.15098382725814724,0.15098382725814724
curated_bio_0765.wav,0,0.6689508158713305,0.16552459206433473,0.16552459206433473
curated_bio_0766.wav,0,0.840926554997392,0.079536722501304,0.079536722501304
curated_bio_0767.wav,0,0.6358133866563319,0.18209330667183404,0.18209330667183404
curated_bio_0768.wav,0,0.859409559326527,0.07029522033673652,0.07029522033673652
curated_bio_0769.wav,0,0.720145072079238,0.13992746396038103,0.13992746396038103
curated_bio_0770.wav,0,0.6243773366507674,0.18781133167461628,0.18781133167461628
curated_bio_0771.wav,0,0.8352453505577633,0.08237732472111836,0.08237732472111836
curated_bio_0772.wav,0,0.8491868964958236,0.07540655175208821,0.07540655175208821
curated_bio_0773.wav,0,0.6754403203449528,0.1622798398275236,0.1622798398275236
curated_bio_0774.wav,0,0.84930845626007,0.075345771869965,0.075345771869965
curated_bio_0775.wav,0,0.6868652302743018,0.1565673848628491,0.1565673848628491
curated_bio_0776.wav,0,0.6283531331236691,0.18582343343816543,0.18582343343816543
curated_bio_0777.wav,0,0.8643821825994384,0.06780890870028078,0.06780890870028078
curated_bio_0778.wav,0,0.6413103992696001,0.17934480036519995,0.17934480036519995
curated_bio_0779.wav,0,0.6789254485009573,0.16053727574952137,0.16053727574952137
curated_bio_0780.wav,0,0.8175087064527194,0.09124564677364028,0.09124564677364028
curated_bio_0781.wav,0,0.8296991527756784,0.0851504236121608,0.0851504236121608
curated_bio_0782.wav,0,0.7496592092496772,0.1251703953751614,0.1251703953751614
curated_bio_0783.wav,0,0.8514049217335495,0.07429753913322523,0.07429753913322523
curated_bio_0784.wav,0,0.8680097100008799,0.06599514499956005,0.06599514499956005
curated_bio_0785.wav,0,0.7710460471576486,0.11447697642117571,0.11447697642117571
curated_bio_0786.wav,0,0.8407903938815084,0.07960480305924578,0.07960480305924578
curated_bio_0787.wav,0,0.7386606477354969,0.13066967613225156,0.13066967613225156
curated_bio_0788.wav,0,0.6812263403119405,0.15938682984402974,0.15938682984402974
curated_bio_0789.wav,0,0.7688701579478001,0.11556492102609994,0.11556492102609994
curated_bio_0790.wav,0,0.8002368538581738,0.09988157307091311,0.09988157307091311
curated_bio_0791.wav,0,0.74864276223945,0.12567861888027498,0.12567861888027498
curated_bio_0792.wav,0,0.8391247705012662,0.08043761474936689,0.08043761474936689
curated_bio_0793.wav,0,0.6098463099192862,0.19507684504035688,0.19507684504035688
curated_bio_0794.wav,0,0.6992727589988281,0.15036362050058594,0.15036362050058594
curated_bio_0795.wav,0,0.8085250339547795,0.09573748302261026,0.09573748302261026
curated_bio_0796.wav,0,0.8655329341272842,0.06723353293635792,0.06723353293635792
curated_bio_0797.wav,0,0.7450046272127206,0.12749768639363968,0.12749768639363968
curated_bio_0798.wav,0,0.6199045421896789,0.19004772890516053,0.19004772890516053
curated_bio_0799.wav,0,0.7709964981526422,0.11450175092367892,0.11450175092367892
curated_bio_0800.wav,0,0.7624170430699136,0.11879147846504318,0.11879147846504318
curated_bio_0801.wav,0,0.8288686047289315,0.08556569763553423,0.08556569763553423
curated_bio_0802.wav,0,0.6424696442012044,0.17876517789939778,0.17876517789939778
curated_bio_0803.wav,0,0.7360462539236601,0.13197687303816996,0.13197687303816996
curated_bio_0804.wav,0,0.6682594150355442,0.1658702924822279,0.1658702924822279
curated_bio_0805.wav,0,0.8595747388649677,0.07021263056751614,0.07021263056751614
curated_bio_0806.wav,0,0.7329244664687325,0.13353776676563373,0.13353776676563373
curated_bio_0807.wav,0,0.7380881927241496,0.1309559036379252,0.1309559036379252
curated_bio_0808.wav,0,0.6426748028787104,0.17866259856064481,0.17866259856064481
curated_bio_0809.wav,0,0.8118592635757411,0.09407036821212944,0.09407036821212944
curated_bio_0810.wav,0,0.7870645565428468,0.1064677217285766,0.1064677217285766
curated_bio_0811.wav,0,0.6023167687594528,0.19884161562027358,0.19884161562027358
curated_bio_0812.wav,0,0.7061092090367397,0.14694539548163016,0.14694539548163016
curated_bio_0813.wav,0,0.7939332722746965,0.10303336386265177,0.10303336386265177
curated_bio_0814.wav,0,0.7787619222069062,0.1106190388965469,0.1106190388965469
curated_bio_0815.wav,0,0.6276215812183692,0.1861892093908154,0.1861892093908154
curated_bio_0816.wav,0,0.8049807684287225,0.09750961578563877,0.09750961578563877
curated_bio_0817.wav,0,0.7186157638494215,0.14069211807528925,0.14069211807528925
curated_bio_0818.wav,0,0.7354111425933036,0.13229442870334818,0.13229442870334818
curated_bio_0819.wav,0,0.7905036149361999,0.10474819253190004,0.10474819253190004
curated_bio_0820.wav,0,0.620568402634813,0.18971579868259347,0.18971579868259347
curated_bio_0821.wav,0,0.8339831670556211,0.08300841647218943,0.08300841647218943
curated_bio_0822.wav,0,0.6349272319740363,0.18253638401298183,0.18253638401298183
curated_bio_0823.wav,0,0.7395946439760861,0.13020267801195695,0.13020267801195695
curated_bio_0824.wav,0,0.6836059700238843,0.15819701498805783,0.15819701498805783
curated_bio_0825.wav,0,0.7099370703214428,0.1450314648392786,0.1450314648392786
curated_bio_0826.wav,0,0.7299707835299774,0.13501460823501132,0.13501460823501132
curated_bio_0827.wav,0,0.6426849702369078,0.17865751488154608,0.17865751488154608
curated_bio_0828.wav,0,0.8240008244989299,0.08799958775053507,0.08799958775053507
curated_bio_0829.wav,0,0.8309357656006627,0.08453211719966863,0.08453211719966863
curated_bio_0830.wav,0,0.6289408584923422,0.18552957075382892,0.18552957075382892
curated_bio_0831.wav,0,0.7441996903592324,0.1279001548203838,0.1279001548203838
curated_bio_0832.wav,0,0.7788287526376191,0.11058562368119046,0.11058562368119046
curated_bio_0833.wav,0,0.6322324091702028,0.18388379541489858,0.18388379541489858
curated_bio_0834.wav,0,0.7168360879770054,0.1415819560114973,0.1415819560114973
curated_bio_0835.wav,0,0.6095923682587266,0.19520381587063668,0.19520381587063668
curated_bio_0836.wav,0,0.6006703271152394,0.1996648364423803,0.1996648364423803
curated_bio_0837.wav,0,0.6955909680748579,0.15220451596257106,0.15220451596257106
curated_bio_0838.wav,0,0.8223935049607267,0.08880324751963664,0.08880324751963664
curated_bio_0839.wav,0,0.8344190690239311,0.08279046548803443,0.08279046548803443
curated_bio_0840.wav,0,0.8137384833720694,0.09313075831396528,0.09313075831396528
curated_bio_0841.wav,0,0.6101063913908983,0.19494680430455086,0.19494680430455086
curated_bio_0842.wav,0,0.7133441549344537,0.14332792253277316,0.14332792253277316
curated_bio_0843.wav,0,0.8982280247022179,0.05088598764889107,0.05088598764889107
curated_bio_0844.wav,0,0.7882043594850583,0.10589782025747085,0.10589782025747085
curated_bio_0845.wav,0,0.6056964714979611,0.19715176425101943,0.19715176425101943
curated_bio_0846.wav,0,0.6395182798812779,0.18024086005936107,0.18024086005936107
curated_bio_0847.wav,0,0.7453874084374228,0.1273062957812886,0.1273062957812886
curated_bio_0848.wav,0,0.7309972623054843,0.13450136884725783,0.13450136884725783
curated_bio_0849.wav,0,0.7210015641282559,0.13949921793587206,0.13949921793587206
curated_bio_0850.wav,0,0.6228342806671182,0.1885828596664409,0.1885828596664409
curated_bio_0851.wav,0,0.6489174240735549,0.17554128796322255,0.17554128796322255
curated_bio_0852.wav,0,0.8644109951609313,0.06779450241953433,0.06779450241953433
curated_bio_0853.wav,0,0.8551855513415462,0.07240722432922692,0.07240722432922692
curated_bio_0854.wav,0,0.6052700260150434,0.1973649869924783,0.1973649869924783
curated_bio_0855.wav,0,0.6651166293541669,0.16744168532291653,0.16744168532291653
curated_bio_0856.wav,0,0.6569144939179845,0.17154275304100775,0.17154275304100775
curated_bio_0857.wav,0,0.8086115520158735,0.09569422399206323,0.09569422399206323
curated_bio_0858.wav,0,0.6591354984498233,0.17043225077508833,0.17043225077508833
curated_bio_0859.wav,0,0.7392121867551638,0.13039390662241812,0.13039390662241812
curated_bio_0860.wav,0,0.8088698657624158,0.09556506711879209,0.09556506711879209
curated_bio_0861.wav,0,0.8965030316753588,0.051748484162320585,0.051748484162320585
curated_bio_0862.wav,0,0.8540272471026861,0.07298637644865696,0.07298637644865696
curated_bio_0863.wav,0,0.6735935504654349,0.16320322476728255,0.16320322476728255
curated_bio_0864.wav,0,0.83475777354226,0.08262111322887,0.08262111322887
curated_bio_0865.wav,0,0.7183494128310861,0.14082529358445695,0.14082529358445695
curated_bio_0866.wav,0,0.7984155914406842,0.1007922042796579,0.1007922042796579
curated_bio_0867.wav,0,0.7090102062246295,0.14549489688768524,0.14549489688768524
curated_bio_0868.wav,0,0.8713980235624634,0.06430098821876828,0.06430098821876828
curated_bio_0869.wav,0,0.8219801448622495,0.08900992756887527,0.08900992756887527
curated_bio_0870.wav,0,0.6312020678114537,0.18439896609427314,0.18439896609427314
curated_bio_0871.wav,0,0.7559249100811115,0.12203754495944424,0.12203754495944424
curated_bio_0872.wav,0,0.8357730591216974,0.08211347043915129,0.08211347043915129
curated_bio_0873.wav,0,0.6704812832027492,0.16475935839862538,0.16475935839862538
curated_bio_0874.wav,0,0.8884160247054789,0.055791987647260566,0.055791987647260566
curated_bio_0875.wav,0,0.7710805878775697,0.11445970606121514,0.11445970606121514
curated_bio_0876.wav,0,0.7694311572339355,0.11528442138303224,0.11528442138303224
curated_bio_0877.wav,0,0.8595312688654708,0.07023436556726459,0.07023436556726459
curated_bio_0878.wav,0,0.8877127282453858,0.056143635877307085,0.056143635877307085
curated_bio_0879.wav,0,0.7287918323260779,0.13560408383696104,0.13560408383696104
curated_bio_0880.wav,0,0.7774967814215268,0.11125160928923661,0.11125160928923661
curated_bio_0881.wav,0,0.7697909194357035,0.11510454028214823,0.11510454028214823
curated_bio_0882.wav,0,0.612321441657508,0.193839279171246,0.193839279171246
curated_bio_0883.wav,0,0.686411290736961,0.15679435463151947,0.15679435463151947
curated_bio_0884.wav,0,0.7210557040906589,0.13947214795467056,0.13947214795467056
curated_bio_0885.wav,0,0.7961531767252764,0.1019234116373618,0.1019234116373618
curated_bio_0886.wav,0,0.8176454911799562,0.09117725441002189,0.09117725441002189
curated_bio_0887.wav,0,0.89176042365983,0.054119788170085004,0.054119788170085004
curated_bio_0888.wav,0,0.7437435783199302,0.1281282108400349,0.1281282108400349
curated_bio_0889.wav,0,0.7956837392005474,0.10215813039972632,0.10215813039972632
curated_bio_0890.wav,0,0.616346748987226,0.19182662550638702,0.19182662550638702
curated_bio_0891.wav,0,0.8935120500706275,0.05324397496468625,0.05324397496468625
curated_bio_0892.wav,0,0.6494751133952056,0.1752624433023972,0.1752624433023972
curated_bio_0893.wav,0,0.7772079576399668,0.11139602118001662,0.11139602118001662
curated_bio_0894.wav,0,0.6449169828054933,0.17754150859725337,0.17754150859725337
curated_bio_0895.wav,0,0.795908750531463,0.10204562473426848,0.10204562473426848
curated_bio_0896.wav,0,0.7050374382934234,0.14748128085328832,0.14748128085328832
curated_bio_0897.wav,0,0.8513871939560442,0.07430640302197788,0.07430640302197788
curated_bio_0898.wav,0,0.8451708204565466,0.07741458977172672,0.07741458977172672
curated_bio_0899.wav,0,0.7291583677827438,0.1354208161086281,0.1354208161086281
curated_bio_0900.wav,0,0.7586665151260918,0.12066674243695408,0.12066674243695408
curated_bio_0901.wav,0,0.8928676614783941,0.05356616926080293,0.05356616926080293
curated_bio_0902.wav,0,0.7392361069279414,0.1303819465360293,0.1303819465360293
curated_bio_0903.wav,0,0.8967050926775789,0.05164745366121054,0.05164745366121054
curated_bio_0904.wav,0,0.6506080897590437,0.17469595512047814,0.17469595512047814
curated_bio_0905.wav,0,0.7749484754126426,0.11252576229367872,0.11252576229367872
curated_bio_0906.wav,0,0.7634946592506938,0.11825267037465309,0.11825267037465309
curated_bio_0907.wav,0,0.8152409337603839,0.09237953311980807,0.09237953311980807
curated_bio_0908.wav,0,0.6652408348094655,0.16737958259526725,0.16737958259526725
curated_bio_0909.wav,0,0.6264066739282925,0.18679666303585374,0.18679666303585374
curated_bio_0910.wav,0,0.6665688361478255,0.16671558192608726,0.16671558192608726
curated_bio_0911.wav,0,0.6797876572101887,0.16010617139490563,0.16010617139490563
curated_bio_0912.wav,0,0.7265253913495561,0.13673730432522196,0.13673730432522196
curated_bio_0913.wav,0,0.6625045884069116,0.1687477057965442,0.1687477057965442
curated_bio_0914.wav,0,0.8491965768704833,0.07540171156475833,0.07540171156475833
curated_bio_0915.wav,0,0.6487293423410834,0.17563532882945831,0.17563532882945831
curated_bio_0916.wav,0,0.6446938696204987,0.17765306518975066,0.17765306518975066
curated_bio_0917.wav,0,0.7038936897872107,0.14805315510639466,0.14805315510639466
curated_bio_0918.wav,0,0.7664799600762687,0.11676001996186564,0.11676001996186564
curated_bio_0919.wav,0,0.8021178890736346,0.09894105546318271,0.09894105546318271
curated_bio_0920.wav,0,0.7228233312088629,0.13858833439556856,0.13858833439556856
curated_bio_0921.wav,0,0.6301892715840194,0.1849053642079903,0.1849053642079903
curated_bio_0922.wav,0,0.6499795173369587,0.17501024133152066,0.17501024133152066
curated_bio_0923.wav,0,0.8611778969431589,0.06941105152842053,0.06941105152842053
curated_bio_0924.wav,0,0.8820875710505098,0.05895621447474508,0.05895621447474508
curated_bio_0925.wav,0,0.7616952916213181,0.11915235418934095,0.11915235418934095
curated_bio_0926.wav,0,0.6012950566424157,0.19935247167879216,0.19935247167879216
curated_bio_0927.wav,0,0.6360702564159777,0.18196487179201115,0.18196487179201115
curated_bio_0928.wav,0,0.8311298605812487,0.08443506970937564,0.08443506970937564
curated_bio_0929.wav,0,0.7768454965402394,0.11157725172988031,0.11157725172988031
curated_bio_0930.wav,0,0.7240932900396706,0.1379533549801647,0.1379533549801647
curated_bio_0931.wav,0,0.8550281893844204,0.07248590530778981,0.07248590530778981
curated_bio_0932.wav,0,0.8215621108903839,0.08921894455480806,0.08921894455480806
curated_bio_0933.wav,0,0.6731561457159294,0.1634219271420353,0.1634219271420353
curated_bio_0934.wav,0,0.8320203940749975,0.08398980296250125,0.08398980296250125
curated_bio_0935.wav,0,0.8018024633767473,0.09909876831162634,0.09909876831162634
curated_bio_0936.wav,0,0.8829872678308268,0.05850636608458659,0.05850636608458659
curated_bio_0937.wav,0,0.805325288385748,0.09733735580712599,0.09733735580712599
curated_bio_0938.wav,0,0.8153071305642203,0.09234643471788984,0.09234643471788984
curated_bio_0939.wav,0,0.750103655539552,0.12494817223022398,0.12494817223022398
curated_bio_0940.wav,0,0.8805469626744109,0.05972651866279455,0.05972651866279455
curated_bio_0941.wav,0,0.7213753967870027,0.13931230160649866,0.13931230160649866
curated_bio_0942.wav,0,0.830595927407924,0.08470203629603801,0.08470203629603801
curated_bio_0943.wav,0,0.7744606432894233,0.11276967835528834,0.11276967835528834
curated_bio_0944.wav,0,0.8002523089121371,0.09987384554393147,0.09987384554393147
curated_bio_0945.wav,0,0.6643933980407513,0.16780330097962437,0.16780330097962437
curated_bio_0946.wav,0,0.8475663989115925,0.07621680054420377,0.07621680054420377
curated_bio_0947.wav,0,0.6062932604557968,0.1968533697721016,0.1968533697721016
curated_bio_0948.wav,0,0.7527006652536168,0.12364966737319161,0.12364966737319161
curated_bio_0949.wav,0,0.7504778126233097,0.12476109368834515,0.12476109368834515
curated_bio_0950.wav,0,0.7278630563351807,0.13606847183240967,0.13606847183240967
curated_bio_0951.wav,0,0.8917983440533549,0.05410082797332255,0.05410082797332255
curated_bio_0952.wav,0,0.8178405447758686,0.09107972761206568,0.09107972761206568
curated_bio_0953.wav,0,0.6296064863671207,0.18519675681643966,0.18519675681643966
curated_bio_0954.wav,0,0.7073686298092726,0.1463156850953637,0.1463156850953637
curated_bio_0955.wav,0,0.6635511204303743,0.16822443978481283,0.16822443978481283
curated_bio_0956.wav,0,0.7403474627304079,0.12982626863479607,0.12982626863479607
curated_bio_0957.wav,0,0.8016610521296247,0.09916947393518766,0.09916947393518766
curated_bio_0958.wav,0,0.768133893545405,0.11593305322729752,0.11593305322729752
curated_bio_0959.wav,0,0.8988897581573283,0.05055512092133585,0.05055512092133585
curated_bio_0960.wav,0,0.7070557911339154,0.14647210443304232,0.14647210443304232
curated_bio_0961.wav,0,0.7502299829394448,0.12488500853027762,0.12488500853027762
curated_bio_0962.wav,0,0.6946697289372958,0.15266513553135208,0.15266513553135208
curated_bio_0963.wav,0,0.6837892688818175,0.15810536555909127,0.15810536555909127
curated_bio_0964.wav,0,0.6317929927011636,0.1841035036494182,0.1841035036494182
curated_bio_0965.wav,0,0.8567878108589989,0.07160609457050054,0.07160609457050054
curated_bio_0966.wav,0,0.7300570478774114,0.13497147606129428,0.13497147606129428
curated_bio_0967.wav,0,0.898217533729877,0.0508912331350615,0.0508912331350615
curated_bio_0968.wav,0,0.6145895795473976,0.19270521022630122,0.19270521022630122
curated_bio_0969.wav,0,0.6453770206252581,0.17731148968737093,0.17731148968737093
curated_bio_0970.wav,0,0.8634195144565833,0.06829024277170836,0.06829024277170836
curated_bio_0971.wav,0,0.8800121904694441,0.05999390476527794,0.05999390476527794
curated_bio_0972.wav,0,0.7615667250438806,0.11921663747805972,0.11921663747805972
curated_bio_0973.wav,0,0.8834192247150185,0.058290387642490726,0.058290387642490726
curated_bio_0974.wav,0,0.8973628427729496,0.05131857861352518,0.05131857861352518
curated_bio_0975.wav,0,0.7012779339702494,0.1493610330148753,0.1493610330148753
curated_bio_0976.wav,0,0.6716000319567768,0.16419998402161162,0.16419998402161162
curated_bio_0977.wav,0,0.6969642707248878,0.15151786463755612,0.15151786463755612
curated_bio_0978.wav,0,0.8716119365696648,0.06419403171516758,0.06419403171516758
curated_bio_0979.wav,0,0.846141109726037,0.07692944513698152,0.07692944513698152
curated_bio_0980.wav,0,0.8444477591386419,0.07777612043067905,0.07777612043067905
curated_bio_0981.wav,0,0.8058690863866218,0.0970654568066891,0.0970654568066891
curated_bio_0982.wav,0,0.8555564208853315,0.07222178955733427,0.07222178955733427
curated_bio_0983.wav,0,0.7860162041011629,0.10699189794941855,0.10699189794941855
curated_bio_0984.wav,0,0.7984446303548735,0.10077768482256327,0.10077768482256327
curated_bio_0985.wav,0,0.851438664833303,0.0742806675833485,0.0742806675833485
curated_bio_0986.wav,0,0.6811235012737388,0.1594382493631306,0.1594382493631306
curated_bio_0987.wav,0,0.8564277945648225,0.07178610271758873,0.07178610271758873
curated_bio_0988.wav,0,0.6740977326510682,0.1629511336744659,0.1629511336744659
curated_bio_0989.wav,0,0.7910246062907241,0.10448769685463793,0.10448769685463793
curated_bio_0990.wav,0,0.701098278702009,0.1494508606489955,0.1494508606489955
curated_bio_0991.wav,0,0.6004653187710528,0.1997673406144736,0.1997673406144736
curated_bio_0992.wav,0,0.8043217548509657,0.09783912257451716,0.09783912257451716
curated_bio_0993.wav,0,0.8952144240935357,0.052392787953232156,0.052392787953232156
curated_bio_0994.wav,0,0.7777645279324894,0.1111177360337553,0.1111177360337553
curated_bio_0995.wav,0,0.8883972289028232,0.05580138554858838,0.05580138554858838
curated_bio_0996.wav,0,0.7862207925996059,0.10688960370019707,0.10688960370019707
curated_bio_0997.wav,0,0.8777435755476705,0.06112821222616477,0.06112821222616477
curated_bio_0998.wav,0,0.6571356086117448,0.1714321956941276,0.1714321956941276
curated_bio_0999.wav,0,0.7220752073630177,0.13896239631849117,0.13896239631849117
curated_antro_0000.wav,1,0.05323630237877475,0.8935273952424505,0.05323630237877475
curated_antro_0001.wav,1,0.14507501246590954,0.7098499750681809,0.14507501246590954
curated_antro_0002.wav,1,0.12147755461900678,0.7570448907619864,0.12147755461900678
curated_antro_0003.wav,1,0.17514319042385745,0.6497136191522851,0.17514319042385745
curated_antro_0004.wav,1,0.14683605916003417,0.7063278816799317,0.14683605916003417
curated_antro_0005.wav,1,0.09700871089563967,0.8059825782087207,0.09700871089563967
curated_antro_0006.wav,1,0.1636807248655992,0.6726385502688016,0.1636807248655992
curated_antro_0007.wav,1,0.16020289986151948,0.679594200276961,0.16020289986151948
curated_antro_0008.wav,1,0.10605615105503596,0.7878876978899281,0.10605615105503596
curated_antro_0009.wav,1,0.08962899194768326,0.8207420161046335,0.08962899194768326
curated_antro_0010.wav,1,0.15079550296777827,0.6984089940644435,0.15079550296777827
curated_antro_0011.wav,1,0.0984339930330107,0.8031320139339786,0.0984339930330107
curated_antro_0012.wav,1,0.09663703810701635,0.8067259237859673,0.09663703810701635
curated_antro_0013.wav,1,0.13812950208606029,0.7237409958278794,0.13812950208606029
curated_antro_0014.wav,1,0.053381018460678,0.893237963078644,0.053381018460678
curated_antro_0015.wav,1,0.1987827686208533,0.6024344627582934,0.1987827686208533
curated_antro_0016.wav,1,0.07837834552091671,0.8432433089581666,0.07837834552091671
curated_antro_0017.wav,1,0.07581130392993407,0.8483773921401319,0.07581130392993407
curated_antro_0018.wav,1,0.09568658911323208,0.8086268217735358,0.09568658911323208
curated_antro_0019.wav,1,0.12044634130688187,0.7591073173862363,0.12044634130688187
curated_antro_0020.wav,1,0.1375680981051846,0.7248638037896308,0.1375680981051846
curated_antro_0021.wav,1,0.14424016684777208,0.7115196663044558,0.14424016684777208
curated_antro_0022.wav,1,0.11193116889163068,0.7761376622167386,0.11193116889163068
curated_antro_0023.wav,1,0.1608703141170364,0.6782593717659272,0.1608703141170364
curated_antro_0024.wav,1,0.13580839291511115,0.7283832141697777,0.13580839291511115
curated_antro_0025.wav,1,0.08861540562110126,0.8227691887577975,0.08861540562110126
curated_antro_0026.wav,1,0.10243991346764231,0.7951201730647154,0.10243991346764231
curated_antro_0027.wav,1,0.12626401956226196,0.7474719608754761,0.12626401956226196
curated_antro_0028.wav,1,0.0980528090129082,0.8038943819741836,0.0980528090129082
curated_antro_0029.wav,1,0.10260260626847878,0.7947947874630424,0.10260260626847878
curated_antro_0030.wav,1,0.12147896174066752,0.757042076518665,0.12147896174066752
curated_antro_0031.wav,1,0.16489897665650266,0.6702020466869947,0.16489897665650266
curated_antro_0032.wav,1,0.05091254407391599,0.898174911852168,0.05091254407391599
curated_antro_0033.wav,1,0.19449800723851146,0.6110039855229771,0.19449800723851146
curated_antro_0034.wav,1,0.17390134883736835,0.6521973023252633,0.17390134883736835
curated_antro_0035.wav,1,0.06527882634045562,0.8694423473190888,0.06527882634045562
curated_antro_0036.wav,1,0.10463064096747865,0.7907387180650427,0.10463064096747865
curated_antro_0037.wav,1,0.08557912354291947,0.8288417529141611,0.08557912354291947
curated_antro_0038.wav,1,0.09657693080738722,0.8068461383852256,0.09657693080738722
curated_antro_0039.wav,1,0.10102401372774955,0.7979519725445009,0.10102401372774955
curated_antro_0040.wav,1,0.15346593296262762,0.6930681340747448,0.15346593296262762
curated_antro_0041.wav,1,0.18676061162005286,0.6264787767598943,0.18676061162005286
curated_antro_0042.wav,1,0.058560447508327784,0.8828791049833444,0.058560447508327784
curated_antro_0043.wav,1,0.19712519452469518,0.6057496109506096,0.19712519452469518
curated_antro_0044.wav,1,0.18933636003815107,0.6213272799236979,0.18933636003815107
curated_antro_0045.wav,1,0.08570943736971981,0.8285811252605604,0.08570943736971981
curated_antro_0046.wav,1,0.07942850029959553,0.8411429994008089,0.07942850029959553
curated_antro_0047.wav,1,0.16463831604396695,0.6707233679120661,0.16463831604396695
curated_antro_0048.wav,1,0.08872646755672298,0.822547064886554,0.08872646755672298
curated_antro_0049.wav,1,0.18988929167031293,0.6202214166593741,0.18988929167031293
curated_antro_0050.wav,1,0.09192933887490762,0.8161413222501848,0.09192933887490762
curated_antro_0051.wav,1,0.06144329938391546,0.8771134012321691,0.06144329938391546
curated_antro_0052.wav,1,0.1170543467828144,0.7658913064343712,0.1170543467828144
curated_antro_0053.wav,1,0.0765260877854389,0.8469478244291222,0.0765260877854389
curated_antro_0054.wav,1,0.0878718938322176,0.8242562123355648,0.0878718938322176
curated_antro_0055.wav,1,0.07306177966575533,0.8538764406684893,0.07306177966575533
curated_antro_0056.wav,1,0.09909258024142664,0.8018148395171467,0.09909258024142664
curated_antro_0057.wav,1,0.15226384413782446,0.6954723117243511,0.15226384413782446
curated_antro_0058.wav,1,0.169436562184692,0.661126875630616,0.169436562184692
curated_antro_0059.wav,1,0.1850165002969475,0.629966999406105,0.1850165002969475
curated_antro_0060.wav,1,0.07573182467474976,0.8485363506505005,0.07573182467474976
curated_antro_0061.wav,1,0.12464154935487337,0.7507169012902533,0.12464154935487337
curated_antro_0062.wav,1,0.1708405280531874,0.6583189438936252,0.1708405280531874
curated_antro_0063.wav,1,0.05864136720493601,0.882717265590128,0.05864136720493601
curated_antro_0064.wav,1,0.14231410168399505,0.7153717966320099,0.14231410168399505
curated_antro_0065.wav,1,0.1725406242833148,0.6549187514333704,0.1725406242833148
curated_antro_0066.wav,1,0.05463088496999513,0.8907382300600097,0.05463088496999513
curated_antro_0067.wav,1,0.14388873478155956,0.7122225304368809,0.14388873478155956
curated_antro_0068.wav,1,0.15448884510663485,0.6910223097867303,0.15448884510663485
curated_antro_0069.wav,1,0.11209422841299277,0.7758115431740145,0.11209422841299277
curated_antro_0070.wav,1,0.13144627040472484,0.7371074591905503,0.13144627040472484
curated_antro_0071.wav,1,0.05522521489651744,0.8895495702069651,0.05522521489651744
curated_antro_0072.wav,1,0.14366656818371565,0.7126668636325687,0.14366656818371565
curated_antro_0073.wav,1,0.08598452687587321,0.8280309462482536,0.08598452687587321
curated_antro_0074.wav,1,0.08219679901637722,0.8356064019672456,0.08219679901637722
curated_antro_0075.wav,1,0.10480922921215491,0.7903815415756902,0.10480922921215491
curated_antro_0076.wav,1,0.14794733857687942,0.7041053228462412,0.14794733857687942
curated_antro_0077.wav,1,0.09136635819363714,0.8172672836127257,0.09136635819363714
curated_antro_0078.wav,1,0.0653867085719233,0.8692265828561534,0.0653867085719233
curated_antro_0079.wav,1,0.1458532072907629,0.7082935854184742,0.1458532072907629
curated_antro_0080.wav,1,0.07996176316605874,0.8400764736678825,0.07996176316605874
curated_antro_0081.wav,1,0.08097155346979373,0.8380568930604125,0.08097155346979373
curated_antro_0082.wav,1,0.0671070978567394,0.8657858042865212,0.0671070978567394
curated_antro_0083.wav,1,0.19524913843511038,0.6095017231297792,0.19524913843511038
curated_antro_0084.wav,1,0.10854938455999935,0.7829012308800013,0.10854938455999935
curated_antro_0085.wav,1,0.1367468486165639,0.7265063027668722,0.1367468486165639
curated_antro_0086.wav,1,0.19682323183595996,0.6063535363280801,0.19682323183595996
curated_antro_0087.wav,1,0.05427652315037346,0.8914469536992531,0.05427652315037346
curated_antro_0088.wav,1,0.19496242588557894,0.6100751482288421,0.19496242588557894
curated_antro_0089.wav,1,0.18630069953221656,0.6273986009355669,0.18630069953221656
curated_antro_0090.wav,1,0.18039651881678015,0.6392069623664397,0.18039651881678015
curated_antro_0091.wav,1,0.18577019498479452,0.628459610030411,0.18577019498479452
curated_antro_0092.wav,1,0.0780741005103609,0.8438517989792782,0.0780741005103609
curated_antro_0093.wav,1,0.1577666401125722,0.6844667197748556,0.1577666401125722
curated_antro_0094.wav,1,0.11641419658289937,0.7671716068342013,0.11641419658289937
curated_antro_0095.wav,1,0.10341319202081495,0.7931736159583701,0.10341319202081495
curated_antro_0096.wav,1,0.07386196971726633,0.8522760605654673,0.07386196971726633
curated_antro_0097.wav,1,0.19976960927230286,0.6004607814553943,0.19976960927230286
curated_antro_0098.wav,1,0.06794999749596786,0.8641000050080643,0.06794999749596786
curated_antro_0099.wav,1,0.09881951501749286,0.8023609699650143,0.09881951501749286
curated_antro_0100.wav,1,0.17819810170615985,0.6436037965876803,0.17819810170615985
curated_antro_0101.wav,1,0.11571672682466888,0.7685665463506622,0.11571672682466888
curated_antro_0102.wav,1,0.07911761174559306,0.8417647765088139,0.07911761174559306
curated_antro_0103.wav,1,0.050814566097249325,0.8983708678055013,0.050814566097249325
curated_antro_0104.wav,1,0.05642272268032006,0.8871545546393599,0.05642272268032006
curated_antro_0105.wav,1,0.1257891913711035,0.748421617257793,0.1257891913711035
curated_antro_0106.wav,1,0.17534027615126946,0.6493194476974611,0.17534027615126946
curated_antro_0107.wav,1,0.11225673247476153,0.7754865350504769,0.11225673247476153
curated_antro_0108.wav,1,0.1588860571309456,0.6822278857381088,0.1588860571309456
curated_antro_0109.wav,1,0.18087830737074334,0.6382433852585133,0.18087830737074334
curated_antro_0110.wav,1,0.132947080297809,0.734105839404382,0.132947080297809
curated_antro_0111.wav,1,0.14057208694189116,0.7188558261162177,0.14057208694189116
curated_antro_0112.wav,1,0.08232197333541941,0.8353560533291612,0.08232197333541941
curated_antro_0113.wav,1,0.05480402437048254,0.8903919512590349,0.05480402437048254
curated_antro_0114.wav,1,0.15780103399108802,0.684397932017824,0.15780103399108802
curated_antro_0115.wav,1,0.16052597452475298,0.678948050950494,0.16052597452475298
curated_antro_0116.wav,1,0.14575106590264086,0.7084978681947183,0.14575106590264086
curated_antro_0117.wav,1,0.13425266750755088,0.7314946649848982,0.13425266750755088
curated_antro_0118.wav,1,0.14051508074901614,0.7189698385019677,0.14051508074901614
curated_antro_0119.wav,1,0.1646222071090096,0.6707555857819808,0.1646222071090096
curated_antro_0120.wav,1,0.1007042880431438,0.7985914239137124,0.1007042880431438
curated_antro_0121.wav,1,0.1841889983999277,0.6316220032001446,0.1841889983999277
curated_antro_0122.wav,1,0.05261948459157434,0.8947610308168513,0.05261948459157434
curated_antro_0123.wav,1,0.1301240156343192,0.7397519687313616,0.1301240156343192
curated_antro_0124.wav,1,0.08367845600351609,0.8326430879929678,0.08367845600351609
curated_antro_0125.wav,1,0.1126235238666769,0.7747529522666462,0.1126235238666769
curated_antro_0126.wav,1,0.12084576651002865,0.7583084669799427,0.12084576651002865
curated_antro_0127.wav,1,0.14625644890601175,0.7074871021879765,0.14625644890601175
curated_antro_0128.wav,1,0.08183756532144598,0.836324869357108,0.08183756532144598
curated_antro_0129.wav,1,0.053955735065371324,0.8920885298692574,0.053955735065371324
curated_antro_0130.wav,1,0.1236942344179921,0.7526115311640158,0.1236942344179921
curated_antro_0131.wav,1,0.06573085347539509,0.8685382930492098,0.06573085347539509
curated_antro_0132.wav,1,0.07338072397321654,0.8532385520535669,0.07338072397321654
curated_antro_0133.wav,1,0.11969219031703277,0.7606156193659345,0.11969219031703277
curated_antro_0134.wav,1,0.060300877519285256,0.8793982449614295,0.060300877519285256
curated_antro_0135.wav,1,0.056640035074257467,0.8867199298514851,0.056640035074257467
curated_antro_0136.wav,1,0.12191797880777444,0.7561640423844511,0.12191797880777444
curated_antro_0137.wav,1,0.1070473127497063,0.7859053745005874,0.1070473127497063
curated_antro_0138.wav,1,0.08124087130106472,0.8375182573978706,0.08124087130106472
curated_antro_0139.wav,1,0.05001839110718642,0.8999632177856272,0.05001839110718642
curated_antro_0140.wav,1,0.09897242749781726,0.8020551450043655,0.09897242749781726
curated_antro_0141.wav,1,0.07393806671813385,0.8521238665637323,0.07393806671813385
curated_antro_0142.wav,1,0.12186711267363481,0.7562657746527304,0.12186711267363481
curated_antro_0143.wav,1,0.1334411311569485,0.733117737686103,0.1334411311569485
curated_antro_0144.wav,1,0.11058241983533862,0.7788351603293228,0.11058241983533862
curated_antro_0145.wav,1,0.10198860752991429,0.7960227849401714,0.10198860752991429
curated_antro_0146.wav,1,0.1656443809759261,0.6687112380481478,0.1656443809759261
curated_antro_0147.wav,1,0.08079064991372004,0.8384187001725599,0.08079064991372004
curated_antro_0148.wav,1,0.1023858539586,0.7952282920828,0.1023858539586
curated_antro_0149.wav,1,0.05783777219631875,0.8843244556073625,0.05783777219631875
curated_antro_0150.wav,1,0.17131185059028547,0.657376298819429,0.17131185059028547
curated_antro_0151.wav,1,0.12269747118036778,0.7546050576392644,0.12269747118036778
curated_antro_0152.wav,1,0.14350212574817495,0.7129957485036501,0.14350212574817495
curated_antro_0153.wav,1,0.11029472538295287,0.7794105492340943,0.11029472538295287
curated_antro_0154.wav,1,0.09994120807943802,0.800117583841124,0.09994120807943802
curated_antro_0155.wav,1,0.12219136080897863,0.7556172783820427,0.12219136080897863
curated_antro_0156.wav,1,0.07291441730016252,0.854171165399675,0.07291441730016252
curated_antro_0157.wav,1,0.08547143120866818,0.8290571375826636,0.08547143120866818
curated_antro_0158.wav,1,0.09495958570287755,0.8100808285942449,0.09495958570287755
curated_antro_0159.wav,1,0.06363583673832429,0.8727283265233514,0.06363583673832429
curated_antro_0160.wav,1,0.17724554334561138,0.6455089133087772,0.17724554334561138
curated_antro_0161.wav,1,0.16330369266844885,0.6733926146631023,0.16330369266844885
curated_antro_0162.wav,1,0.10100114227265,0.7979977154547,0.10100114227265
curated_antro_0163.wav,1,0.12377667978581663,0.7524466404283667,0.12377667978581663
curated_antro_0164.wav,1,0.14870662524147832,0.7025867495170434,0.14870662524147832
curated_antro_0165.wav,1,0.12042325865519388,0.7591534826896122,0.12042325865519388
curated_antro_0166.wav,1,0.17900042860661336,0.6419991427867733,0.17900042860661336
curated_antro_0167.wav,1,0.14833715853896484,0.7033256829220703,0.14833715853896484
curated_antro_0168.wav,1,0.053885444269702654,0.8922291114605947,0.053885444269702654
curated_antro_0169.wav,1,0.19444906569868814,0.6111018686026237,0.19444906569868814
curated_antro_0170.wav,1,0.1160708212618794,0.7678583574762412,0.1160708212618794
curated_antro_0171.wav,1,0.11158746391207042,0.7768250721758592,0.11158746391207042
curated_antro_0172.wav,1,0.15391828257260443,0.6921634348547911,0.15391828257260443
curated_antro_0173.wav,1,0.11663488629238183,0.7667302274152363,0.11663488629238183
curated_antro_0174.wav,1,0.10053012559482433,0.7989397488103513,0.10053012559482433
curated_antro_0175.wav,1,0.12838092247819788,0.7432381550436042,0.12838092247819788
curated_antro_0176.wav,1,0.11206807330215235,0.7758638533956953,0.11206807330215235
curated_antro_0177.wav,1,0.11800132807599178,0.7639973438480164,0.11800132807599178
curated_antro_0178.wav,1,0.06834078579401226,0.8633184284119755,0.06834078579401226
curated_antro_0179.wav,1,0.09564796505600892,0.8087040698879822,0.09564796505600892
curated_antro_0180.wav,1,0.14762581906800365,0.7047483618639927,0.14762581906800365
curated_antro_0181.wav,1,0.1513219445385383,0.6973561109229234,0.1513219445385383
curated_antro_0182.wav,1,0.115346197050743,0.769307605898514,0.115346197050743
curated_antro_0183.wav,1,0.05736958862851382,0.8852608227429724,0.05736958862851382
curated_antro_0184.wav,1,0.054090670979468514,0.891818658041063,0.054090670979468514
curated_antro_0185.wav,1,0.11413958864153284,0.7717208227169343,0.11413958864153284
curated_antro_0186.wav,1,0.09435472961630981,0.8112905407673804,0.09435472961630981
curated_antro_0187.wav,1,0.11627761599884068,0.7674447680023186,0.11627761599884068
curated_antro_0188.wav,1,0.15054420514974065,0.6989115897005187,0.15054420514974065
curated_antro_0189.wav,1,0.09167208440353225,0.8166558311929355,0.09167208440353225
curated_antro_0190.wav,1,0.1981919541665435,0.603616091666913,0.1981919541665435
curated_antro_0191.wav,1,0.061024384942945264,0.8779512301141095,0.061024384942945264
curated_antro_0192.wav,1,0.061213563272359495,0.877572873455281,0.061213563272359495
curated_antro_0193.wav,1,0.19061293534790863,0.6187741293041827,0.19061293534790863
curated_antro_0194.wav,1,0.1270966277881307,0.7458067444237386,0.1270966277881307
curated_antro_0195.wav,1,0.08516379927853135,0.8296724014429373,0.08516379927853135
curated_antro_0196.wav,1,0.1089344921307337,0.7821310157385326,0.1089344921307337
curated_antro_0197.wav,1,0.05932019930085408,0.8813596013982918,0.05932019930085408
curated_antro_0198.wav,1,0.158100487358785,0.68379902528243,0.158100487358785
curated_antro_0199.wav,1,0.10658705195094575,0.7868258960981085,0.10658705195094575
curated_antro_0200.wav,1,0.1425805471257175,0.714838905748565,0.1425805471257175
curated_antro_0201.wav,1,0.0520036483792925,0.895992703241415,0.0520036483792925
curated_antro_0202.wav,1,0.11248769845071849,0.775024603098563,0.11248769845071849
curated_antro_0203.wav,1,0.07349291439659705,0.8530141712068059,0.07349291439659705
curated_antro_0204.wav,1,0.14064519507667783,0.7187096098466443,0.14064519507667783
curated_antro_0205.wav,1,0.14430416417100245,0.7113916716579951,0.14430416417100245
curated_antro_0206.wav,1,0.057408242203294546,0.8851835155934109,0.057408242203294546
curated_antro_0207.wav,1,0.18928127878339396,0.6214374424332121,0.18928127878339396
curated_antro_0208.wav,1,0.09156426889069946,0.8168714622186011,0.09156426889069946
curated_antro_0209.wav,1,0.17975352447011317,0.6404929510597737,0.17975352447011317
curated_antro_0210.wav,1,0.1909208211988509,0.6181583576022982,0.1909208211988509
curated_antro_0211.wav,1,0.07935331650516875,0.8412933669896625,0.07935331650516875
curated_antro_0212.wav,1,0.15693834863285938,0.6861233027342812,0.15693834863285938
curated_antro_0213.wav,1,0.07948375049627898,0.841032499007442,0.07948375049627898
curated_antro_0214.wav,1,0.07314111525303074,0.8537177694939385,0.07314111525303074
curated_antro_0215.wav,1,0.1705991065993352,0.6588017868013296,0.1705991065993352
curated_antro_0216.wav,1,0.1538338552295413,0.6923322895409174,0.1538338552295413
curated_antro_0217.wav,1,0.09299554767727419,0.8140089046454516,0.09299554767727419
curated_antro_0218.wav,1,0.1234619358298289,0.7530761283403422,0.1234619358298289
curated_antro_0219.wav,1,0.06424724316714153,0.8715055136657169,0.06424724316714153
curated_antro_0220.wav,1,0.1866761891995231,0.6266476216009538,0.1866761891995231
curated_antro_0221.wav,1,0.13716337755692887,0.7256732448861423,0.13716337755692887
curated_antro_0222.wav,1,0.10614808748008564,0.7877038250398287,0.10614808748008564
curated_antro_0223.wav,1,0.17754204356424141,0.6449159128715172,0.17754204356424141
curated_antro_0224.wav,1,0.12536411261519353,0.7492717747696129,0.12536411261519353
curated_antro_0225.wav,1,0.12226402231687017,0.7554719553662597,0.12226402231687017
curated_antro_0226.wav,1,0.1108295876449904,0.7783408247100192,0.1108295876449904
curated_antro_0227.wav,1,0.13086416903454784,0.7382716619309043,0.13086416903454784
curated_antro_0228.wav,1,0.10454503659539616,0.7909099268092077,0.10454503659539616
curated_antro_0229.wav,1,0.11289390399965404,0.7742121920006919,0.11289390399965404
curated_antro_0230.wav,1,0.06484931594402743,0.8703013681119451,0.06484931594402743
curated_antro_0231.wav,1,0.07983144260033143,0.8403371147993371,0.07983144260033143
curated_antro_0232.wav,1,0.1295272756925191,0.7409454486149618,0.1295272756925191
curated_antro_0233.wav,1,0.08215783918644304,0.8356843216271139,0.08215783918644304
curated_antro_0234.wav,1,0.11873951709448627,0.7625209658110275,0.11873951709448627
curated_antro_0235.wav,1,0.11899314307675402,0.762013713846492,0.11899314307675402
curated_antro_0236.wav,1,0.11293590864206793,0.7741281827158641,0.11293590864206793
curated_antro_0237.wav,1,0.08094400233984533,0.8381119953203093,0.08094400233984533
curated_antro_0238.wav,1,0.0596568415700362,0.8806863168599276,0.0596568415700362
curated_antro_0239.wav,1,0.12294891221519799,0.754102175569604,0.12294891221519799
curated_antro_0240.wav,1,0.0948302674375206,0.8103394651249588,0.0948302674375206
curated_antro_0241.wav,1,0.154241828640989,0.691516342718022,0.154241828640989
curated_antro_0242.wav,1,0.10576354116482067,0.7884729176703587,0.10576354116482067
curated_antro_0243.wav,1,0.0835651026307892,0.8328697947384216,0.0835651026307892
curated_antro_0244.wav,1,0.19824140541633084,0.6035171891673383,0.19824140541633084
curated_antro_0245.wav,1,0.13594491814302206,0.7281101637139559,0.13594491814302206
curated_antro_0246.wav,1,0.18690561832055225,0.6261887633588955,0.18690561832055225
curated_antro_0247.wav,1,0.1311010842024098,0.7377978315951804,0.1311010842024098
curated_antro_0248.wav,1,0.17451079019384036,0.6509784196123193,0.17451079019384036
curated_antro_0249.wav,1,0.16244029561335005,0.6751194087732999,0.16244029561335005
curated_antro_0250.wav,1,0.10949476864785013,0.7810104627042997,0.10949476864785013
curated_antro_0251.wav,1,0.06541066030011267,0.8691786793997747,0.06541066030011267
curated_antro_0252.wav,1,0.09235993990806002,0.81528012018388,0.09235993990806002
curated_antro_0253.wav,1,0.1687592871334206,0.6624814257331588,0.1687592871334206
curated_antro_0254.wav,1,0.058052025304150934,0.8838959493916981,0.058052025304150934
curated_antro_0255.wav,1,0.1157604646439021,0.7684790707121958,0.1157604646439021
curated_antro_0256.wav,1,0.16587027080407052,0.668259458391859,0.16587027080407052
curated_antro_0257.wav,1,0.18946948125617702,0.621061037487646,0.18946948125617702
curated_antro_0258.wav,1,0.18185297573398174,0.6362940485320365,0.18185297573398174
curated_antro_0259.wav,1,0.0971416849871215,0.805716630025757,0.0971416849871215
curated_antro_0260.wav,1,0.18371602764134837,0.6325679447173033,0.18371602764134837
curated_antro_0261.wav,1,0.06624850486532557,0.8675029902693489,0.06624850486532557
curated_antro_0262.wav,1,0.050027069693919235,0.8999458606121615,0.050027069693919235
curated_antro_0263.wav,1,0.11381600159127592,0.7723679968174482,0.11381600159127592
curated_antro_0264.wav,1,0.08802633476062327,0.8239473304787535,0.08802633476062327
curated_antro_0265.wav,1,0.14085760838694633,0.7182847832261073,0.14085760838694633
curated_antro_0266.wav,1,0.17998399890124944,0.6400320021975011,0.17998399890124944
curated_antro_0267.wav,1,0.13724592777312106,0.7255081444537579,0.13724592777312106
curated_antro_0268.wav,1,0.17373427701621302,0.652531445967574,0.17373427701621302
curated_antro_0269.wav,1,0.11751370674715206,0.7649725865056959,0.11751370674715206
curated_antro_0270.wav,1,0.07222605971628582,0.8555478805674284,0.07222605971628582
curated_antro_0271.wav,1,0.17959321180614657,0.6408135763877069,0.17959321180614657
curated_antro_0272.wav,1,0.10370064345690072,0.7925987130861986,0.10370064345690072
curated_antro_0273.wav,1,0.05564459729234705,0.8887108054153059,0.05564459729234705
curated_antro_0274.wav,1,0.07454124377407662,0.8509175124518468,0.07454124377407662
curated_antro_0275.wav,1,0.08297259718737166,0.8340548056252567,0.08297259718737166
curated_antro_0276.wav,1,0.12869969991136326,0.7426006001772735,0.12869969991136326
curated_antro_0277.wav,1,0.1254504246849214,0.7490991506301572,0.1254504246849214
curated_antro_0278.wav,1,0.09467161050592393,0.8106567789881521,0.09467161050592393
curated_antro_0279.wav,1,0.05215531661384981,0.8956893667723004,0.05215531661384981
curated_antro_0280.wav,1,0.18109559232868822,0.6378088153426236,0.18109559232868822
curated_antro_0281.wav,1,0.16845338912145397,0.6630932217570921,0.16845338912145397
curated_antro_0282.wav,1,0.17714145053314806,0.6457170989337039,0.17714145053314806
curated_antro_0283.wav,1,0.12600002602354632,0.7479999479529074,0.12600002602354632
curated_antro_0284.wav,1,0.06644317702466751,0.867113645950665,0.06644317702466751
curated_antro_0285.wav,1,0.05161101456850192,0.8967779708629962,0.05161101456850192
curated_antro_0286.wav,1,0.1894391606196762,0.6211216787606476,0.1894391606196762
curated_antro_0287.wav,1,0.13978284018130638,0.7204343196373872,0.13978284018130638
curated_antro_0288.wav,1,0.1555798402407803,0.6888403195184394,0.1555798402407803
curated_antro_0289.wav,1,0.13165781103731367,0.7366843779253727,0.13165781103731367
curated_antro_0290.wav,1,0.12743707811917482,0.7451258437616504,0.12743707811917482
curated_antro_0291.wav,1,0.05998889332757007,0.8800222133448599,0.05998889332757007
curated_antro_0292.wav,1,0.10269919986140863,0.7946016002771827,0.10269919986140863
curated_antro_0293.wav,1,0.1175190510101971,0.7649618979796058,0.1175190510101971
curated_antro_0294.wav,1,0.09035834753572347,0.8192833049285531,0.09035834753572347
curated_antro_0295.wav,1,0.18297306064308738,0.6340538787138252,0.18297306064308738
curated_antro_0296.wav,1,0.19450194708251695,0.6109961058349661,0.19450194708251695
curated_antro_0297.wav,1,0.1797390030271469,0.6405219939457062,0.1797390030271469
curated_antro_0298.wav,1,0.19722095733304612,0.6055580853339078,0.19722095733304612
curated_antro_0299.wav,1,0.11548726763789507,0.7690254647242099,0.11548726763789507
curated_antro_0300.wav,1,0.06222487009896893,0.8755502598020621,0.06222487009896893
curated_antro_0301.wav,1,0.1905750598349799,0.6188498803300402,0.1905750598349799
curated_antro_0302.wav,1,0.07411201103686166,0.8517759779262767,0.07411201103686166
curated_antro_0303.wav,1,0.11002655519069204,0.7799468896186159,0.11002655519069204
curated_antro_0304.wav,1,0.07414394231944277,0.8517121153611145,0.07414394231944277
curated_antro_0305.wav,1,0.098607037622914,0.802785924754172,0.098607037622914
curated_antro_0306.wav,1,0.08190124973417034,0.8361975005316593,0.08190124973417034
curated_antro_0307.wav,1,0.16148369334558388,0.6770326133088322,0.16148369334558388
curated_antro_0308.wav,1,0.1907541987893337,0.6184916024213326,0.1907541987893337
curated_antro_0309.wav,1,0.06233608275803548,0.875327834483929,0.06233608275803548
curated_antro_0310.wav,1,0.1560971004007372,0.6878057991985256,0.1560971004007372
curated_antro_0311.wav,1,0.17697272936551978,0.6460545412689604,0.17697272936551978
curated_antro_0312.wav,1,0.1111856114188674,0.7776287771622652,0.1111856114188674
curated_antro_0313.wav,1,0.08722724142043914,0.8255455171591217,0.08722724142043914
curated_antro_0314.wav,1,0.062499466801797854,0.8750010663964043,0.062499466801797854
curated_antro_0315.wav,1,0.11823678337446891,0.7635264332510622,0.11823678337446891
curated_antro_0316.wav,1,0.17160388064310456,0.6567922387137909,0.17160388064310456
curated_antro_0317.wav,1,0.072890054237981,0.854219891524038,0.072890054237981
curated_antro_0318.wav,1,0.15990957561631702,0.680180848767366,0.15990957561631702
curated_antro_0319.wav,1,0.13773884711359913,0.7245223057728017,0.13773884711359913
curated_antro_0320.wav,1,0.10163528442116637,0.7967294311576673,0.10163528442116637
curated_antro_0321.wav,1,0.14013472708863572,0.7197305458227286,0.14013472708863572
curated_antro_0322.wav,1,0.14317568938130454,0.7136486212373909,0.14317568938130454
curated_antro_0323.wav,1,0.12049369181017189,0.7590126163796562,0.12049369181017189
curated_antro_0324.wav,1,0.1720128661155862,0.6559742677688276,0.1720128661155862
curated_antro_0325.wav,1,0.14792793554173544,0.7041441289165291,0.14792793554173544
curated_antro_0326.wav,1,0.06961446921960268,0.8607710615607946,0.06961446921960268
curated_antro_0327.wav,1,0.1583726590878607,0.6832546818242786,0.1583726590878607
curated_antro_0328.wav,1,0.19401607525773157,0.6119678494845369,0.19401607525773157
curated_antro_0329.wav,1,0.15850614592489737,0.6829877081502053,0.15850614592489737
curated_antro_0330.wav,1,0.1282616087093118,0.7434767825813764,0.1282616087093118
curated_antro_0331.wav,1,0.13298436489245252,0.734031270215095,0.13298436489245252
curated_antro_0332.wav,1,0.198132937550016,0.603734124899968,0.198132937550016
curated_antro_0333.wav,1,0.11769247984596776,0.7646150403080645,0.11769247984596776
curated_antro_0334.wav,1,0.12178069121204621,0.7564386175759076,0.12178069121204621
curated_antro_0335.wav,1,0.15010651077714077,0.6997869784457185,0.15010651077714077
curated_antro_0336.wav,1,0.09011425272190066,0.8197714945561987,0.09011425272190066
curated_antro_0337.wav,1,0.07881479161417926,0.8423704167716415,0.07881479161417926
curated_antro_0338.wav,1,0.1196337440853667,0.7607325118292666,0.1196337440853667
curated_antro_0339.wav,1,0.11903874005034581,0.7619225198993084,0.11903874005034581
curated_antro_0340.wav,1,0.14781734991990847,0.7043653001601831,0.14781734991990847
curated_antro_0341.wav,1,0.14265292016812242,0.7146941596637552,0.14265292016812242
curated_antro_0342.wav,1,0.13663516003941,0.72672967992118,0.13663516003941
curated_antro_0343.wav,1,0.08864793898729861,0.8227041220254028,0.08864793898729861
curated_antro_0344.wav,1,0.09709873371854527,0.8058025325629095,0.09709873371854527
curated_antro_0345.wav,1,0.0698688662904769,0.8602622674190462,0.0698688662904769
curated_antro_0346.wav,1,0.1557735996296437,0.6884528007407126,0.1557735996296437
curated_antro_0347.wav,1,0.15733254730618734,0.6853349053876253,0.15733254730618734
curated_antro_0348.wav,1,0.13607873498389778,0.7278425300322044,0.13607873498389778
curated_antro_0349.wav,1,0.0745035312097374,0.8509929375805252,0.0745035312097374
curated_antro_0350.wav,1,0.051748466093684,0.896503067812632,0.051748466093684
curated_antro_0351.wav,1,0.1677104412144912,0.6645791175710176,0.1677104412144912
curated_antro_0352.wav,1,0.08952454408050486,0.8209509118389903,0.08952454408050486
curated_antro_0353.wav,1,0.08082778870361368,0.8383444225927726,0.08082778870361368
curated_antro_0354.wav,1,0.10274926090689018,0.7945014781862196,0.10274926090689018
curated_antro_0355.wav,1,0.09062937983370595,0.8187412403325881,0.09062937983370595
curated_antro_0356.wav,1,0.13707063061988056,0.7258587387602389,0.13707063061988056
curated_antro_0357.wav,1,0.1576153789200201,0.6847692421599598,0.1576153789200201
curated_antro_0358.wav,1,0.1997153248936389,0.6005693502127222,0.1997153248936389
curated_antro_0359.wav,1,0.1613863710906252,0.6772272578187496,0.1613863710906252
curated_antro_0360.wav,1,0.12193620854216214,0.7561275829156757,0.12193620854216214
curated_antro_0361.wav,1,0.18666014415604348,0.626679711687913,0.18666014415604348
curated_antro_0362.wav,1,0.09082643699799975,0.8183471260040005,0.09082643699799975
curated_antro_0363.wav,1,0.07376224850292928,0.8524755029941414,0.07376224850292928
curated_antro_0364.wav,1,0.12669864675421372,0.7466027064915726,0.12669864675421372
curated_antro_0365.wav,1,0.07328659090319445,0.8534268181936111,0.07328659090319445
curated_antro_0366.wav,1,0.16808900903766744,0.6638219819246651,0.16808900903766744
curated_antro_0367.wav,1,0.11822210300018937,0.7635557939996213,0.11822210300018937
curated_antro_0368.wav,1,0.10742516099355892,0.7851496780128822,0.10742516099355892
curated_antro_0369.wav,1,0.13522347570147525,0.7295530485970495,0.13522347570147525
curated_antro_0370.wav,1,0.12013568820542181,0.7597286235891564,0.12013568820542181
curated_antro_0371.wav,1,0.18923839774015766,0.6215232045196847,0.18923839774015766
curated_antro_0372.wav,1,0.10688015994023775,0.7862396801195245,0.10688015994023775
curated_antro_0373.wav,1,0.15216175453592784,0.6956764909281443,0.15216175453592784
curated_antro_0374.wav,1,0.07399759619122931,0.8520048076175414,0.07399759619122931
curated_antro_0375.wav,1,0.18216762086830596,0.6356647582633881,0.18216762086830596
curated_antro_0376.wav,1,0.08500882091357576,0.8299823581728485,0.08500882091357576
curated_antro_0377.wav,1,0.19497379619306054,0.6100524076138789,0.19497379619306054
curated_antro_0378.wav,1,0.06541444216353365,0.8691711156729327,0.06541444216353365
curated_antro_0379.wav,1,0.14984068182289761,0.7003186363542048,0.14984068182289761
curated_antro_0380.wav,1,0.11548817137110412,0.7690236572577918,0.11548817137110412
curated_antro_0381.wav,1,0.07820303925429484,0.8435939214914103,0.07820303925429484
curated_antro_0382.wav,1,0.14976815388814807,0.7004636922237039,0.14976815388814807
curated_antro_0383.wav,1,0.17197432158905146,0.6560513568218971,0.17197432158905146
curated_antro_0384.wav,1,0.13479805755741797,0.7304038848851641,0.13479805755741797
curated_antro_0385.wav,1,0.16037478240698638,0.6792504351860272,0.16037478240698638
curated_antro_0386.wav,1,0.12471387682946139,0.7505722463410772,0.12471387682946139
curated_antro_0387.wav,1,0.05229126186708655,0.8954174762658269,0.05229126186708655
curated_antro_0388.wav,1,0.15892809137657365,0.6821438172468527,0.15892809137657365
curated_antro_0389.wav,1,0.12044190707065378,0.7591161858586924,0.12044190707065378
curated_antro_0390.wav,1,0.07776897815150402,0.844462043696992,0.07776897815150402
curated_antro_0391.wav,1,0.11600566568250248,0.767988668634995,0.11600566568250248
curated_antro_0392.wav,1,0.1413735992642433,0.7172528014715134,0.1413735992642433
curated_antro_0393.wav,1,0.05536676271022667,0.8892664745795467,0.05536676271022667
curated_antro_0394.wav,1,0.10991026928785236,0.7801794614242953,0.10991026928785236
curated_antro_0395.wav,1,0.10350858770088173,0.7929828245982365,0.10350858770088173
curated_antro_0396.wav,1,0.1964697575368572,0.6070604849262856,0.1964697575368572
curated_antro_0397.wav,1,0.06602443050610429,0.8679511389877914,0.06602443050610429
curated_antro_0398.wav,1,0.1952853707349303,0.6094292585301394,0.1952853707349303
curated_antro_0399.wav,1,0.09197136801951733,0.8160572639609653,0.09197136801951733
curated_antro_0400.wav,1,0.17122019803418603,0.6575596039316279,0.17122019803418603
curated_antro_0401.wav,1,0.06865803718338259,0.8626839256332348,0.06865803718338259
curated_antro_0402.wav,1,0.08164697831785978,0.8367060433642804,0.08164697831785978
curated_antro_0403.wav,1,0.08419996505941085,0.8316000698811783,0.08419996505941085
curated_antro_0404.wav,1,0.059256783495048926,0.8814864330099021,0.059256783495048926
curated_antro_0405.wav,1,0.1535753985744751,0.6928492028510498,0.1535753985744751
curated_antro_0406.wav,1,0.18165102840669306,0.6366979431866139,0.18165102840669306
curated_antro_0407.wav,1,0.09743294234683991,0.8051341153063202,0.09743294234683991
curated_antro_0408.wav,1,0.09268359970813189,0.8146328005837362,0.09268359970813189
curated_antro_0409.wav,1,0.11555192958702898,0.768896140825942,0.11555192958702898
curated_antro_0410.wav,1,0.10179905828459401,0.796401883430812,0.10179905828459401
curated_antro_0411.wav,1,0.08759577320263845,0.8248084535947231,0.08759577320263845
curated_antro_0412.wav,1,0.05237420247086533,0.8952515950582693,0.05237420247086533
curated_antro_0413.wav,1,0.17284371597375187,0.6543125680524963,0.17284371597375187
curated_antro_0414.wav,1,0.058350266469542,0.883299467060916,0.058350266469542
curated_antro_0415.wav,1,0.19975263206785382,0.6004947358642924,0.19975263206785382
curated_antro_0416.wav,1,0.15268389050615494,0.6946322189876901,0.15268389050615494
curated_antro_0417.wav,1,0.13988893721640588,0.7202221255671882,0.13988893721640588
curated_antro_0418.wav,1,0.11312853346612389,0.7737429330677522,0.11312853346612389
curated_antro_0419.wav,1,0.09004271275260367,0.8199145744947927,0.09004271275260367
curated_antro_0420.wav,1,0.11047013335612521,0.7790597332877496,0.11047013335612521
curated_antro_0421.wav,1,0.14619070264186274,0.7076185947162745,0.14619070264186274
curated_antro_0422.wav,1,0.10630388273704211,0.7873922345259158,0.10630388273704211
curated_antro_0423.wav,1,0.164566650023094,0.670866699953812,0.164566650023094
curated_antro_0424.wav,1,0.11187600207918647,0.7762479958416271,0.11187600207918647
curated_antro_0425.wav,1,0.15696056309438616,0.6860788738112277,0.15696056309438616
curated_antro_0426.wav,1,0.18287168668024883,0.6342566266395023,0.18287168668024883
curated_antro_0427.wav,1,0.11861123814837676,0.7627775237032465,0.11861123814837676
curated_antro_0428.wav,1,0.17590519425959494,0.6481896114808101,0.17590519425959494
curated_antro_0429.wav,1,0.18892851267043492,0.6221429746591302,0.18892851267043492
curated_antro_0430.wav,1,0.10449380866875085,0.7910123826624983,0.10449380866875085
curated_antro_0431.wav,1,0.1346220615101334,0.7307558769797332,0.1346220615101334
curated_antro_0432.wav,1,0.18228194786340896,0.6354361042731821,0.18228194786340896
curated_antro_0433.wav,1,0.17266514256031318,0.6546697148793736,0.17266514256031318
curated_antro_0434.wav,1,0.09849161585167754,0.8030167682966449,0.09849161585167754
curated_antro_0435.wav,1,0.13758180293483835,0.7248363941303233,0.13758180293483835
curated_antro_0436.wav,1,0.07611823969527515,0.8477635206094497,0.07611823969527515
curated_antro_0437.wav,1,0.1386824677129932,0.7226350645740136,0.1386824677129932
curated_antro_0438.wav,1,0.1408142731214862,0.7183714537570276,0.1408142731214862
curated_antro_0439.wav,1,0.1088317131726656,0.7823365736546688,0.1088317131726656
curated_antro_0440.wav,1,0.09271842884588932,0.8145631423082214,0.09271842884588932
curated_antro_0441.wav,1,0.10400518033219841,0.7919896393356032,0.10400518033219841
curated_antro_0442.wav,1,0.19599961257644233,0.6080007748471153,0.19599961257644233
curated_antro_0443.wav,1,0.06871101209200026,0.8625779758159995,0.06871101209200026
curated_antro_0444.wav,1,0.18978328095175767,0.6204334380964847,0.18978328095175767
curated_antro_0445.wav,1,0.06323413909760534,0.8735317218047893,0.06323413909760534
curated_antro_0446.wav,1,0.09757115764592922,0.8048576847081416,0.09757115764592922
curated_antro_0447.wav,1,0.15639287899628268,0.6872142420074346,0.15639287899628268
curated_antro_0448.wav,1,0.19212598669604458,0.6157480266079108,0.19212598669604458
curated_antro_0449.wav,1,0.06969707186411178,0.8606058562717764,0.06969707186411178
curated_antro_0450.wav,1,0.12079012875217043,0.7584197424956591,0.12079012875217043
curated_antro_0451.wav,1,0.11716170090370015,0.7656765981925997,0.11716170090370015
curated_antro_0452.wav,1,0.061474366907933065,0.8770512661841339,0.061474366907933065
curated_antro_0453.wav,1,0.057771621324687494,0.884456757350625,0.057771621324687494
curated_antro_0454.wav,1,0.10231723830551043,0.7953655233889791,0.10231723830551043
curated_antro_0455.wav,1,0.08495705076407667,0.8300858984718467,0.08495705076407667
curated_antro_0456.wav,1,0.0947804566244616,0.8104390867510768,0.0947804566244616
curated_antro_0457.wav,1,0.1389642189557182,0.7220715620885636,0.1389642189557182
curated_antro_0458.wav,1,0.13438493255919204,0.7312301348816159,0.13438493255919204
curated_antro_0459.wav,1,0.08771709051702498,0.82456581896595,0.08771709051702498
curated_antro_0460.wav,1,0.10082945791735454,0.7983410841652909,0.10082945791735454
curated_antro_0461.wav,1,0.16527304373375934,0.6694539125324813,0.16527304373375934
curated_antro_0462.wav,1,0.07567035707578257,0.8486592858484349,0.07567035707578257
curated_antro_0463.wav,1,0.08171179773350612,0.8365764045329878,0.08171179773350612
curated_antro_0464.wav,1,0.18295930214876238,0.6340813957024752,0.18295930214876238
curated_antro_0465.wav,1,0.17987805160059755,0.6402438967988049,0.17987805160059755
curated_antro_0466.wav,1,0.10460582657640577,0.7907883468471885,0.10460582657640577
curated_antro_0467.wav,1,0.18667875219197505,0.6266424956160499,0.18667875219197505
curated_antro_0468.wav,1,0.11420857573872478,0.7715828485225504,0.11420857573872478
curated_antro_0469.wav,1,0.05115747355302436,0.8976850528939513,0.05115747355302436
curated_antro_0470.wav,1,0.10938101759150243,0.7812379648169951,0.10938101759150243
curated_antro_0471.wav,1,0.11125576834392314,0.7774884633121537,0.11125576834392314
curated_antro_0472.wav,1,0.14970531080697164,0.7005893783860567,0.14970531080697164
curated_antro_0473.wav,1,0.08434512282983464,0.8313097543403307,0.08434512282983464
curated_antro_0474.wav,1,0.1390511244370623,0.7218977511258754,0.1390511244370623
curated_antro_0475.wav,1,0.05100069314800104,0.8979986137039979,0.05100069314800104
curated_antro_0476.wav,1,0.1091145675478542,0.7817708649042916,0.1091145675478542
curated_antro_0477.wav,1,0.07021625746824434,0.8595674850635113,0.07021625746824434
curated_antro_0478.wav,1,0.1452304522369111,0.7095390955261778,0.1452304522369111
curated_antro_0479.wav,1,0.1488946252213692,0.7022107495572616,0.1488946252213692
curated_antro_0480.wav,1,0.05016858886988751,0.899662822260225,0.05016858886988751
curated_antro_0481.wav,1,0.1236285124514695,0.752742975097061,0.1236285124514695
curated_antro_0482.wav,1,0.14594151061220806,0.7081169787755839,0.14594151061220806
curated_antro_0483.wav,1,0.19557635701996628,0.6088472859600674,0.19557635701996628
curated_antro_0484.wav,1,0.14163287687237147,0.7167342462552571,0.14163287687237147
curated_antro_0485.wav,1,0.13538695301683118,0.7292260939663376,0.13538695301683118
curated_antro_0486.wav,1,0.14627178023604714,0.7074564395279057,0.14627178023604714
curated_antro_0487.wav,1,0.08932674303054522,0.8213465139389096,0.08932674303054522
curated_antro_0488.wav,1,0.1317074983333375,0.736585003333325,0.1317074983333375
curated_antro_0489.wav,1,0.17431498346263613,0.6513700330747277,0.17431498346263613
curated_antro_0490.wav,1,0.1658583722175085,0.668283255564983,0.1658583722175085
curated_antro_0491.wav,1,0.08477479532447729,0.8304504093510454,0.08477479532447729
curated_antro_0492.wav,1,0.13473063740230756,0.7305387251953849,0.13473063740230756
curated_antro_0493.wav,1,0.15381492369199867,0.6923701526160027,0.15381492369199867
curated_antro_0494.wav,1,0.19071942407640102,0.618561151847198,0.19071942407640102
curated_antro_0495.wav,1,0.18410041345663097,0.631799173086738,0.18410041345663097
curated_antro_0496.wav,1,0.061527619214656104,0.8769447615706878,0.061527619214656104
curated_antro_0497.wav,1,0.1855244424372987,0.6289511151254026,0.1855244424372987
curated_antro_0498.wav,1,0.07372349279693935,0.8525530144061213,0.07372349279693935
curated_antro_0499.wav,1,0.09759041157148263,0.8048191768570347,0.09759041157148263
curated_antro_0500.wav,1,0.17940870913501228,0.6411825817299754,0.17940870913501228
curated_antro_0501.wav,1,0.1474917334067123,0.7050165331865754,0.1474917334067123
curated_antro_0502.wav,1,0.12973366448460744,0.7405326710307851,0.12973366448460744
curated_antro_0503.wav,1,0.06745543968790413,0.8650891206241917,0.06745543968790413
curated_antro_0504.wav,1,0.14528473825907168,0.7094305234818566,0.14528473825907168
curated_antro_0505.wav,1,0.08952471930733169,0.8209505613853366,0.08952471930733169
curated_antro_0506.wav,1,0.16849686223533755,0.6630062755293249,0.16849686223533755
curated_antro_0507.wav,1,0.07218992634531485,0.8556201473093703,0.07218992634531485
curated_antro_0508.wav,1,0.12956148152209818,0.7408770369558036,0.12956148152209818
curated_antro_0509.wav,1,0.05573730071140037,0.8885253985771993,0.05573730071140037
curated_antro_0510.wav,1,0.18588373593881696,0.6282325281223661,0.18588373593881696
curated_antro_0511.wav,1,0.09948696256628453,0.8010260748674309,0.09948696256628453
curated_antro_0512.wav,1,0.14174861661474647,0.7165027667705071,0.14174861661474647
curated_antro_0513.wav,1,0.18624598189546787,0.6275080362090643,0.18624598189546787
curated_antro_0514.wav,1,0.14101579971664063,0.7179684005667187,0.14101579971664063
curated_antro_0515.wav,1,0.12084365655799845,0.7583126868840031,0.12084365655799845
curated_antro_0516.wav,1,0.07780553738794022,0.8443889252241196,0.07780553738794022
curated_antro_0517.wav,1,0.11526653461338832,0.7694669307732234,0.11526653461338832
curated_antro_0518.wav,1,0.11525470077945471,0.7694905984410906,0.11525470077945471
curated_antro_0519.wav,1,0.12566210607769068,0.7486757878446186,0.12566210607769068
curated_antro_0520.wav,1,0.09883231384360536,0.8023353723127893,0.09883231384360536
curated_antro_0521.wav,1,0.09480398836612547,0.8103920232677491,0.09480398836612547
curated_antro_0522.wav,1,0.12857691493010226,0.7428461701397955,0.12857691493010226
curated_antro_0523.wav,1,0.05246764137439763,0.8950647172512047,0.05246764137439763
curated_antro_0524.wav,1,0.14509462652724014,0.7098107469455197,0.14509462652724014
curated_antro_0525.wav,1,0.17005411871814646,0.6598917625637071,0.17005411871814646
curated_antro_0526.wav,1,0.18125244648430439,0.6374951070313912,0.18125244648430439
curated_antro_0527.wav,1,0.06009039367456831,0.8798192126508634,0.06009039367456831
curated_antro_0528.wav,1,0.13556120985592146,0.7288775802881571,0.13556120985592146
curated_antro_0529.wav,1,0.15253011648492593,0.6949397670301481,0.15253011648492593
curated_antro_0530.wav,1,0.06745830020826693,0.8650833995834661,0.06745830020826693
curated_antro_0531.wav,1,0.05601102719381573,0.8879779456123685,0.05601102719381573
curated_antro_0532.wav,1,0.07467827667664001,0.85064344664672,0.07467827667664001
curated_antro_0533.wav,1,0.05622684324445082,0.8875463135110984,0.05622684324445082
curated_antro_0534.wav,1,0.0765053989234512,0.8469892021530976,0.0765053989234512
curated_antro_0535.wav,1,0.12764646794985868,0.7447070641002826,0.12764646794985868
curated_antro_0536.wav,1,0.09738199992889368,0.8052360001422126,0.09738199992889368
curated_antro_0537.wav,1,0.06248574447461619,0.8750285110507676,0.06248574447461619
curated_antro_0538.wav,1,0.08332368805097634,0.8333526238980473,0.08332368805097634
curated_antro_0539.wav,1,0.19228697235340564,0.6154260552931887,0.19228697235340564
curated_antro_0540.wav,1,0.0566755174931623,0.8866489650136754,0.0566755174931623
curated_antro_0541.wav,1,0.0677881009667009,0.8644237980665982,0.0677881009667009
curated_antro_0542.wav,1,0.07416844157866564,0.8516631168426687,0.07416844157866564
curated_antro_0543.wav,1,0.10769649859315172,0.7846070028136966,0.10769649859315172
curated_antro_0544.wav,1,0.1287943298791403,0.7424113402417194,0.1287943298791403
curated_antro_0545.wav,1,0.06880137349361387,0.8623972530127723,0.06880137349361387
curated_antro_0546.wav,1,0.1961213119814928,0.6077573760370144,0.1961213119814928
curated_antro_0547.wav,1,0.19482123034578958,0.6103575393084208,0.19482123034578958
curated_antro_0548.wav,1,0.13695926175909723,0.7260814764818055,0.13695926175909723
curated_antro_0549.wav,1,0.1655622255964619,0.6688755488070762,0.1655622255964619
curated_antro_0550.wav,1,0.05482380691269595,0.8903523861746081,0.05482380691269595
curated_antro_0551.wav,1,0.1505910497408155,0.698817900518369,0.1505910497408155
curated_antro_0552.wav,1,0.18932244233320544,0.6213551153335891,0.18932244233320544
curated_antro_0553.wav,1,0.15038394220118878,0.6992321155976224,0.15038394220118878
curated_antro_0554.wav,1,0.09302013520790398,0.813959729584192,0.09302013520790398
curated_antro_0555.wav,1,0.1118831635949944,0.7762336728100112,0.1118831635949944
curated_antro_0556.wav,1,0.13580650178793097,0.7283869964241381,0.13580650178793097
curated_antro_0557.wav,1,0.19170078289084896,0.6165984342183021,0.19170078289084896
curated_antro_0558.wav,1,0.07168953320246108,0.8566209335950778,0.07168953320246108
curated_antro_0559.wav,1,0.17589758097081565,0.6482048380583687,0.17589758097081565
curated_antro_0560.wav,1,0.08181686190521148,0.836366276189577,0.08181686190521148
curated_antro_0561.wav,1,0.07700833805177987,0.8459833238964403,0.07700833805177987
curated_antro_0562.wav,1,0.17671800235941032,0.6465639952811794,0.17671800235941032
curated_antro_0563.wav,1,0.0629405559337215,0.874118888132557,0.0629405559337215
curated_antro_0564.wav,1,0.11708279313004755,0.7658344137399049,0.11708279313004755
curated_antro_0565.wav,1,0.16379058318077544,0.6724188336384491,0.16379058318077544
curated_antro_0566.wav,1,0.17727118517848311,0.6454576296430338,0.17727118517848311
curated_antro_0567.wav,1,0.051040812466729424,0.8979183750665412,0.051040812466729424
curated_antro_0568.wav,1,0.1908998133507971,0.6182003732984058,0.1908998133507971
curated_antro_0569.wav,1,0.1608578037157623,0.6782843925684754,0.1608578037157623
curated_antro_0570.wav,1,0.10282157628297384,0.7943568474340523,0.10282157628297384
curated_antro_0571.wav,1,0.08404772524840431,0.8319045495031914,0.08404772524840431
curated_antro_0572.wav,1,0.17683235985080725,0.6463352802983855,0.17683235985080725
curated_antro_0573.wav,1,0.18060346117107717,0.6387930776578457,0.18060346117107717
curated_antro_0574.wav,1,0.11644861119873001,0.76710277760254,0.11644861119873001
curated_antro_0575.wav,1,0.19598868043620554,0.6080226391275889,0.19598868043620554
curated_antro_0576.wav,1,0.14820918700999075,0.7035816259800185,0.14820918700999075
curated_antro_0577.wav,1,0.17478248474630975,0.6504350305073805,0.17478248474630975
curated_antro_0578.wav,1,0.10783792835253542,0.7843241432949292,0.10783792835253542
curated_antro_0579.wav,1,0.08147618564513714,0.8370476287097257,0.08147618564513714
curated_antro_0580.wav,1,0.17797778934344322,0.6440444213131136,0.17797778934344322
curated_antro_0581.wav,1,0.05189913792959577,0.8962017241408085,0.05189913792959577
curated_antro_0582.wav,1,0.1003198597675829,0.7993602804648342,0.1003198597675829
curated_antro_0583.wav,1,0.12446190885111069,0.7510761822977786,0.12446190885111069
curated_antro_0584.wav,1,0.06692649390366678,0.8661470121926664,0.06692649390366678
curated_antro_0585.wav,1,0.07247903562687863,0.8550419287462427,0.07247903562687863
curated_antro_0586.wav,1,0.16549863146894206,0.6690027370621159,0.16549863146894206
curated_antro_0587.wav,1,0.1143185988021369,0.7713628023957262,0.1143185988021369
curated_antro_0588.wav,1,0.08275543594447254,0.8344891281110549,0.08275543594447254
curated_antro_0589.wav,1,0.060357512846342776,0.8792849743073144,0.060357512846342776
curated_antro_0590.wav,1,0.14634104233354123,0.7073179153329175,0.14634104233354123
curated_antro_0591.wav,1,0.08294837125162102,0.834103257496758,0.08294837125162102
curated_antro_0592.wav,1,0.051144587355324456,0.8977108252893511,0.051144587355324456
curated_antro_0593.wav,1,0.0752047363403393,0.8495905273193214,0.0752047363403393
curated_antro_0594.wav,1,0.16948221929207058,0.6610355614158588,0.16948221929207058
curated_antro_0595.wav,1,0.17617241844090953,0.6476551631181809,0.17617241844090953
curated_antro_0596.wav,1,0.09845781446754093,0.8030843710649181,0.09845781446754093
curated_antro_0597.wav,1,0.06636168025059452,0.867276639498811,0.06636168025059452
curated_antro_0598.wav,1,0.19471925920747146,0.6105614815850571,0.19471925920747146
curated_antro_0599.wav,1,0.10147686374812293,0.7970462725037541,0.10147686374812293
curated_antro_0600.wav,1,0.09050907392358276,0.8189818521528345,0.09050907392358276
curated_antro_0601.wav,1,0.07776420867777772,0.8444715826444446,0.07776420867777772
curated_antro_0602.wav,1,0.06997149729554952,0.860057005408901,0.06997149729554952
curated_antro_0603.wav,1,0.08365479977508417,0.8326904004498317,0.08365479977508417
curated_antro_0604.wav,1,0.12495600983484767,0.7500879803303047,0.12495600983484767
curated_antro_0605.wav,1,0.09058811287796298,0.818823774244074,0.09058811287796298
curated_antro_0606.wav,1,0.1525750329612683,0.6948499340774634,0.1525750329612683
curated_antro_0607.wav,1,0.18336676529444612,0.6332664694111078,0.18336676529444612
curated_antro_0608.wav,1,0.07326217389028,0.85347565221944,0.07326217389028
curated_antro_0609.wav,1,0.12984668471622596,0.7403066305675481,0.12984668471622596
curated_antro_0610.wav,1,0.08506451610972093,0.8298709677805581,0.08506451610972093
curated_antro_0611.wav,1,0.11525300559096852,0.769493988818063,0.11525300559096852
curated_antro_0612.wav,1,0.09431938832982878,0.8113612233403424,0.09431938832982878
curated_antro_0613.wav,1,0.12097346511336016,0.7580530697732797,0.12097346511336016
curated_antro_0614.wav,1,0.0678463088110901,0.8643073823778198,0.0678463088110901
curated_antro_0615.wav,1,0.14921213467083316,0.7015757306583337,0.14921213467083316
curated_antro_0616.wav,1,0.08186718728138248,0.836265625437235,0.08186718728138248
curated_antro_0617.wav,1,0.1818736261671839,0.6362527476656322,0.1818736261671839
curated_antro_0618.wav,1,0.1663130407631619,0.6673739184736762,0.1663130407631619
curated_antro_0619.wav,1,0.16416770297948774,0.6716645940410245,0.16416770297948774
curated_antro_0620.wav,1,0.14742245919998698,0.705155081600026,0.14742245919998698
curated_antro_0621.wav,1,0.14292838087263426,0.7141432382547315,0.14292838087263426
curated_antro_0622.wav,1,0.12412587107153628,0.7517482578569274,0.12412587107153628
curated_antro_0623.wav,1,0.05056623369868474,0.8988675326026305,0.05056623369868474
curated_antro_0624.wav,1,0.1514912942143833,0.6970174115712334,0.1514912942143833
curated_antro_0625.wav,1,0.08060255320817272,0.8387948935836546,0.08060255320817272
curated_antro_0626.wav,1,0.10242950524510591,0.7951409895097882,0.10242950524510591
curated_antro_0627.wav,1,0.16913086027547186,0.6617382794490563,0.16913086027547186
curated_antro_0628.wav,1,0.05712419362790577,0.8857516127441885,0.05712419362790577
curated_antro_0629.wav,1,0.09583386526960452,0.808332269460791,0.09583386526960452
curated_antro_0630.wav,1,0.15851831706438668,0.6829633658712266,0.15851831706438668
curated_antro_0631.wav,1,0.10648576349802008,0.7870284730039598,0.10648576349802008
curated_antro_0632.wav,1,0.19711485069460988,0.6057702986107802,0.19711485069460988
curated_antro_0633.wav,1,0.11803202008572822,0.7639359598285436,0.11803202008572822
curated_antro_0634.wav,1,0.0838934537173831,0.8322130925652338,0.0838934537173831
curated_antro_0635.wav,1,0.08428880696125784,0.8314223860774843,0.08428880696125784
curated_antro_0636.wav,1,0.07392673073872913,0.8521465385225417,0.07392673073872913
curated_antro_0637.wav,1,0.11829663616842467,0.7634067276631507,0.11829663616842467
curated_antro_0638.wav,1,0.18127235971952754,0.6374552805609449,0.18127235971952754
curated_antro_0639.wav,1,0.1802232102234888,0.6395535795530224,0.1802232102234888
curated_antro_0640.wav,1,0.09871588306047324,0.8025682338790535,0.09871588306047324
curated_antro_0641.wav,1,0.14502421141646704,0.7099515771670659,0.14502421141646704
curated_antro_0642.wav,1,0.15183354677336042,0.6963329064532792,0.15183354677336042
curated_antro_0643.wav,1,0.16112780942476024,0.6777443811504795,0.16112780942476024
curated_antro_0644.wav,1,0.19527255024737472,0.6094548995052506,0.19527255024737472
curated_antro_0645.wav,1,0.07850489066728089,0.8429902186654382,0.07850489066728089
curated_antro_0646.wav,1,0.11266431635884722,0.7746713672823056,0.11266431635884722
curated_antro_0647.wav,1,0.17162183437994144,0.6567563312401171,0.17162183437994144
curated_antro_0648.wav,1,0.07569467914863026,0.8486106417027395,0.07569467914863026
curated_antro_0649.wav,1,0.19279053235158317,0.6144189352968337,0.19279053235158317
curated_antro_0650.wav,1,0.08298333688543647,0.8340333262291271,0.08298333688543647
curated_antro_0651.wav,1,0.10399289003089984,0.7920142199382003,0.10399289003089984
curated_antro_0652.wav,1,0.17749226494739884,0.6450154701052023,0.17749226494739884
curated_antro_0653.wav,1,0.06465846114793017,0.8706830777041397,0.06465846114793017
curated_antro_0654.wav,1,0.1851167254714292,0.6297665490571416,0.1851167254714292
curated_antro_0655.wav,1,0.07170465774375007,0.8565906845124999,0.07170465774375007
curated_antro_0656.wav,1,0.17695620027073428,0.6460875994585314,0.17695620027073428
curated_antro_0657.wav,1,0.16050299651121136,0.6789940069775773,0.16050299651121136
curated_antro_0658.wav,1,0.08689018703701779,0.8262196259259644,0.08689018703701779
curated_antro_0659.wav,1,0.06532701186501333,0.8693459762699733,0.06532701186501333
curated_antro_0660.wav,1,0.13825404194418872,0.7234919161116226,0.13825404194418872
curated_antro_0661.wav,1,0.07668002891241676,0.8466399421751665,0.07668002891241676
curated_antro_0662.wav,1,0.18905141804822495,0.6218971639035501,0.18905141804822495
curated_antro_0663.wav,1,0.06453662377617997,0.8709267524476401,0.06453662377617997
curated_antro_0664.wav,1,0.05135799200992175,0.8972840159801565,0.05135799200992175
curated_antro_0665.wav,1,0.19702880944089107,0.6059423811182179,0.19702880944089107
curated_antro_0666.wav,1,0.07340583666094402,0.853188326678112,0.07340583666094402
curated_antro_0667.wav,1,0.14945574000989797,0.701088519980204,0.14945574000989797
curated_antro_0668.wav,1,0.1407058808043008,0.7185882383913984,0.1407058808043008
curated_antro_0669.wav,1,0.07950932802524552,0.840981343949509,0.07950932802524552
curated_antro_0670.wav,1,0.13197846766845034,0.7360430646630993,0.13197846766845034
curated_antro_0671.wav,1,0.1767596839230759,0.6464806321538482,0.1767596839230759
curated_antro_0672.wav,1,0.09524944894050724,0.8095011021189855,0.09524944894050724
curated_antro_0673.wav,1,0.18874194063949923,0.6225161187210015,0.18874194063949923
curated_antro_0674.wav,1,0.12110502515400162,0.7577899496919968,0.12110502515400162
curated_antro_0675.wav,1,0.10045612118987612,0.7990877576202478,0.10045612118987612
curated_antro_0676.wav,1,0.12466066196069298,0.750678676078614,0.12466066196069298
curated_antro_0677.wav,1,0.12924071389005604,0.7415185722198879,0.12924071389005604
curated_antro_0678.wav,1,0.1537886321184101,0.6924227357631798,0.1537886321184101
curated_antro_0679.wav,1,0.05271507684973098,0.894569846300538,0.05271507684973098
curated_antro_0680.wav,1,0.16535063750214352,0.669298724995713,0.16535063750214352
curated_antro_0681.wav,1,0.09486775550625981,0.8102644889874804,0.09486775550625981
curated_antro_0682.wav,1,0.14515549762999602,0.709689004740008,0.14515549762999602
curated_antro_0683.wav,1,0.1268618389849745,0.746276322030051,0.1268618389849745
curated_antro_0684.wav,1,0.11817381835236923,0.7636523632952615,0.11817381835236923
curated_antro_0685.wav,1,0.13988914109247386,0.7202217178150523,0.13988914109247386
curated_antro_0686.wav,1,0.15410801481993786,0.6917839703601243,0.15410801481993786
curated_antro_0687.wav,1,0.07031945564397729,0.8593610887120454,0.07031945564397729
curated_antro_0688.wav,1,0.13564708689121435,0.7287058262175713,0.13564708689121435
curated_antro_0689.wav,1,0.08043418166527161,0.8391316366694568,0.08043418166527161
curated_antro_0690.wav,1,0.06557617174835889,0.8688476565032822,0.06557617174835889
curated_antro_0691.wav,1,0.1994830301325114,0.6010339397349772,0.1994830301325114
curated_antro_0692.wav,1,0.10811601609126825,0.7837679678174635,0.10811601609126825
curated_antro_0693.wav,1,0.1609415551230351,0.6781168897539298,0.1609415551230351
curated_antro_0694.wav,1,0.12697038978441766,0.7460592204311647,0.12697038978441766
curated_antro_0695.wav,1,0.18809694630114399,0.623806107397712,0.18809694630114399
curated_antro_0696.wav,1,0.1380775337848238,0.7238449324303524,0.1380775337848238
curated_antro_0697.wav,1,0.1133103840649427,0.7733792318701146,0.1133103840649427
curated_antro_0698.wav,1,0.13911526466543217,0.7217694706691357,0.13911526466543217
curated_antro_0699.wav,1,0.13507743779155124,0.7298451244168975,0.13507743779155124
curated_antro_0700.wav,1,0.13723464103219274,0.7255307179356145,0.13723464103219274
curated_antro_0701.wav,1,0.15485167284050272,0.6902966543189946,0.15485167284050272
curated_antro_0702.wav,1,0.10100664386448788,0.7979867122710242,0.10100664386448788
curated_antro_0703.wav,1,0.13905221426591857,0.7218955714681629,0.13905221426591857
curated_antro_0704.wav,1,0.10607180154812357,0.7878563969037529,0.10607180154812357
curated_antro_0705.wav,1,0.07634283947995518,0.8473143210400896,0.07634283947995518
curated_antro_0706.wav,1,0.19289777802649416,0.6142044439470117,0.19289777802649416
curated_antro_0707.wav,1,0.19481961214301963,0.6103607757139607,0.19481961214301963
curated_antro_0708.wav,1,0.05615089111311078,0.8876982177737784,0.05615089111311078
curated_antro_0709.wav,1,0.06477298243933627,0.8704540351213275,0.06477298243933627
curated_antro_0710.wav,1,0.17117912396997825,0.6576417520600435,0.17117912396997825
curated_antro_0711.wav,1,0.08516750699603937,0.8296649860079213,0.08516750699603937
curated_antro_0712.wav,1,0.1901503679319298,0.6196992641361404,0.1901503679319298
curated_antro_0713.wav,1,0.11842384012496876,0.7631523197500625,0.11842384012496876
curated_antro_0714.wav,1,0.17642905015146704,0.6471418996970659,0.17642905015146704
curated_antro_0715.wav,1,0.10662302093825593,0.7867539581234881,0.10662302093825593
curated_antro_0716.wav,1,0.08631342349737303,0.8273731530052539,0.08631342349737303
curated_antro_0717.wav,1,0.11891326743689934,0.7621734651262013,0.11891326743689934
curated_antro_0718.wav,1,0.19891329417272247,0.6021734116545551,0.19891329417272247
curated_antro_0719.wav,1,0.12225953051289612,0.7554809389742078,0.12225953051289612
curated_antro_0720.wav,1,0.1081636002177071,0.7836727995645858,0.1081636002177071
curated_antro_0721.wav,1,0.17528997172528032,0.6494200565494394,0.17528997172528032
curated_antro_0722.wav,1,0.07806217602217635,0.8438756479556473,0.07806217602217635
curated_antro_0723.wav,1,0.14937170512642656,0.7012565897471469,0.14937170512642656
curated_antro_0724.wav,1,0.1814801181073319,0.6370397637853362,0.1814801181073319
curated_antro_0725.wav,1,0.1699154499896946,0.6601691000206108,0.1699154499896946
curated_antro_0726.wav,1,0.10417313023232727,0.7916537395353455,0.10417313023232727
curated_antro_0727.wav,1,0.1221958484505698,0.7556083030988604,0.1221958484505698
curated_antro_0728.wav,1,0.1207779299294488,0.7584441401411024,0.1207779299294488
curated_antro_0729.wav,1,0.1247271028802559,0.7505457942394882,0.1247271028802559
curated_antro_0730.wav,1,0.14070524516664268,0.7185895096667146,0.14070524516664268
curated_antro_0731.wav,1,0.0820684791312487,0.8358630417375026,0.0820684791312487
curated_antro_0732.wav,1,0.10399315217316019,0.7920136956536796,0.10399315217316019
curated_antro_0733.wav,1,0.07066615153225275,0.8586676969354945,0.07066615153225275
curated_antro_0734.wav,1,0.09365413170463799,0.812691736590724,0.09365413170463799
curated_antro_0735.wav,1,0.12364971252723578,0.7527005749455284,0.12364971252723578
curated_antro_0736.wav,1,0.08751056598614165,0.8249788680277167,0.08751056598614165
curated_antro_0737.wav,1,0.06358208811724109,0.8728358237655178,0.06358208811724109
curated_antro_0738.wav,1,0.10427619241409691,0.7914476151718062,0.10427619241409691
curated_antro_0739.wav,1,0.18312056686859562,0.6337588662628088,0.18312056686859562
curated_antro_0740.wav,1,0.16821496341500153,0.6635700731699969,0.16821496341500153
curated_antro_0741.wav,1,0.09413820856978233,0.8117235828604353,0.09413820856978233
curated_antro_0742.wav,1,0.11423240344265628,0.7715351931146874,0.11423240344265628
curated_antro_0743.wav,1,0.11812565295218952,0.763748694095621,0.11812565295218952
curated_antro_0744.wav,1,0.10367528727437525,0.7926494254512495,0.10367528727437525
curated_antro_0745.wav,1,0.126344638763068,0.747310722473864,0.126344638763068
curated_antro_0746.wav,1,0.05971757419518531,0.8805648516096294,0.05971757419518531
curated_antro_0747.wav,1,0.0982004568504139,0.8035990862991722,0.0982004568504139
curated_antro_0748.wav,1,0.19220286261368152,0.615594274772637,0.19220286261368152
curated_antro_0749.wav,1,0.1869403622268404,0.6261192755463192,0.1869403622268404
curated_antro_0750.wav,1,0.15742987930677954,0.6851402413864409,0.15742987930677954
curated_antro_0751.wav,1,0.12926638185875944,0.7414672362824811,0.12926638185875944
curated_antro_0752.wav,1,0.10779979749780477,0.7844004050043905,0.10779979749780477
curated_antro_0753.wav,1,0.0821476007519163,0.8357047984961674,0.0821476007519163
curated_antro_0754.wav,1,0.1771809145659186,0.6456381708681628,0.1771809145659186
curated_antro_0755.wav,1,0.14055134727011992,0.7188973054597602,0.14055134727011992
curated_antro_0756.wav,1,0.14583670761986411,0.7083265847602718,0.14583670761986411
curated_antro_0757.wav,1,0.19380537576572582,0.6123892484685484,0.19380537576572582
curated_antro_0758.wav,1,0.057006093656555734,0.8859878126868885,0.057006093656555734
curated_antro_0759.wav,1,0.1585728768011856,0.6828542463976288,0.1585728768011856
curated_antro_0760.wav,1,0.07742358270733218,0.8451528345853356,0.07742358270733218
curated_antro_0761.wav,1,0.16625011552699387,0.6674997689460123,0.16625011552699387
curated_antro_0762.wav,1,0.16908646009429085,0.6618270798114183,0.16908646009429085
curated_antro_0763.wav,1,0.05752597469020837,0.8849480506195833,0.05752597469020837
curated_antro_0764.wav,1,0.07183818452398194,0.8563236309520361,0.07183818452398194
curated_antro_0765.wav,1,0.05944536150783242,0.8811092769843352,0.05944536150783242
curated_antro_0766.wav,1,0.14148147445143233,0.7170370510971353,0.14148147445143233
curated_antro_0767.wav,1,0.0800029103094792,0.8399941793810416,0.0800029103094792
curated_antro_0768.wav,1,0.08884445558407522,0.8223110888318496,0.08884445558407522
curated_antro_0769.wav,1,0.16477441891725214,0.6704511621654957,0.16477441891725214
curated_antro_0770.wav,1,0.1917260032112199,0.6165479935775602,0.1917260032112199
curated_antro_0771.wav,1,0.12451511590864783,0.7509697681827043,0.12451511590864783
curated_antro_0772.wav,1,0.11056226995701562,0.7788754600859688,0.11056226995701562
curated_antro_0773.wav,1,0.059589190284047355,0.8808216194319053,0.059589190284047355
curated_antro_0774.wav,1,0.09890824937022269,0.8021835012595546,0.09890824937022269
curated_antro_0775.wav,1,0.07762778071452775,0.8447444385709445,0.07762778071452775
curated_antro_0776.wav,1,0.1320054776884958,0.7359890446230084,0.1320054776884958
curated_antro_0777.wav,1,0.1724513501717524,0.6550972996564952,0.1724513501717524
curated_antro_0778.wav,1,0.1567385836796677,0.6865228326406646,0.1567385836796677
curated_antro_0779.wav,1,0.12086396821940576,0.7582720635611885,0.12086396821940576
curated_antro_0780.wav,1,0.16921061120687603,0.661578777586248,0.16921061120687603
curated_antro_0781.wav,1,0.18623359132109552,0.627532817357809,0.18623359132109552
curated_antro_0782.wav,1,0.07976355253953193,0.8404728949209361,0.07976355253953193
curated_antro_0783.wav,1,0.1052289706540449,0.7895420586919102,0.1052289706540449
curated_antro_0784.wav,1,0.18388938506291314,0.6322212298741737,0.18388938506291314
curated_antro_0785.wav,1,0.07868889287318026,0.8426222142536395,0.07868889287318026
curated_antro_0786.wav,1,0.08423782731801116,0.8315243453639777,0.08423782731801116
curated_antro_0787.wav,1,0.1800494672708225,0.639901065458355,0.1800494672708225
curated_antro_0788.wav,1,0.18626946003457018,0.6274610799308596,0.18626946003457018
curated_antro_0789.wav,1,0.10011616088355946,0.7997676782328811,0.10011616088355946
curated_antro_0790.wav,1,0.06239861968469018,0.8752027606306196,0.06239861968469018
curated_antro_0791.wav,1,0.05675439489668033,0.8864912102066393,0.05675439489668033
curated_antro_0792.wav,1,0.05231379057329155,0.8953724188534169,0.05231379057329155
curated_antro_0793.wav,1,0.08160010335611556,0.8367997932877689,0.08160010335611556
curated_antro_0794.wav,1,0.15536592205384503,0.6892681558923099,0.15536592205384503
curated_antro_0795.wav,1,0.09445586076452128,0.8110882784709574,0.09445586076452128
curated_antro_0796.wav,1,0.12116941966090844,0.7576611606781831,0.12116941966090844
curated_antro_0797.wav,1,0.09966543978121062,0.8006691204375788,0.09966543978121062
curated_antro_0798.wav,1,0.0643477027866205,0.871304594426759,0.0643477027866205
curated_antro_0799.wav,1,0.13033652989739125,0.7393269402052175,0.13033652989739125
curated_antro_0800.wav,1,0.1659677951472076,0.6680644097055848,0.1659677951472076
curated_antro_0801.wav,1,0.06788844918386694,0.8642231016322661,0.06788844918386694
curated_antro_0802.wav,1,0.08543331279307764,0.8291333744138447,0.08543331279307764
curated_antro_0803.wav,1,0.07214111452163596,0.8557177709567281,0.07214111452163596
curated_antro_0804.wav,1,0.17638246921649814,0.6472350615670037,0.17638246921649814
curated_antro_0805.wav,1,0.1622116789839333,0.6755766420321334,0.1622116789839333
curated_antro_0806.wav,1,0.07660040390115086,0.8467991921976983,0.07660040390115086
curated_antro_0807.wav,1,0.064111581688856,0.871776836622288,0.064111581688856
curated_antro_0808.wav,1,0.18918475054081818,0.6216304989183636,0.18918475054081818
curated_antro_0809.wav,1,0.11900809898701553,0.7619838020259689,0.11900809898701553
curated_antro_0810.wav,1,0.08541794900752542,0.8291641019849492,0.08541794900752542
curated_antro_0811.wav,1,0.0957629612998353,0.8084740774003294,0.0957629612998353
curated_antro_0812.wav,1,0.0723401955733361,0.8553196088533278,0.0723401955733361
curated_antro_0813.wav,1,0.0869321670602411,0.8261356658795178,0.0869321670602411
curated_antro_0814.wav,1,0.10925564183626169,0.7814887163274766,0.10925564183626169
curated_antro_0815.wav,1,0.09992285036836884,0.8001542992632623,0.09992285036836884
curated_antro_0816.wav,1,0.10507784754980376,0.7898443049003925,0.10507784754980376
curated_antro_0817.wav,1,0.05303247643620157,0.8939350471275969,0.05303247643620157
curated_antro_0818.wav,1,0.1651414458890894,0.6697171082218212,0.1651414458890894
curated_antro_0819.wav,1,0.09526494014330639,0.8094701197133872,0.09526494014330639
curated_antro_0820.wav,1,0.15321074759737185,0.6935785048052563,0.15321074759737185
curated_antro_0821.wav,1,0.16381671722486657,0.6723665655502669,0.16381671722486657
curated_antro_0822.wav,1,0.19416563006048487,0.6116687398790303,0.19416563006048487
curated_antro_0823.wav,1,0.1034918963496268,0.7930162073007464,0.1034918963496268
curated_antro_0824.wav,1,0.057846980545252946,0.8843060389094941,0.057846980545252946
curated_antro_0825.wav,1,0.08260993471636119,0.8347801305672776,0.08260993471636119
curated_antro_0826.wav,1,0.12572171423725154,0.7485565715254969,0.12572171423725154
curated_antro_0827.wav,1,0.1763831209080985,0.647233758183803,0.1763831209080985
curated_antro_0828.wav,1,0.19644496576270953,0.6071100684745809,0.19644496576270953
curated_antro_0829.wav,1,0.13683979062911106,0.7263204187417779,0.13683979062911106
curated_antro_0830.wav,1,0.11126405148442903,0.777471897031142,0.11126405148442903
curated_antro_0831.wav,1,0.17478454560935003,0.6504309087812999,0.17478454560935003
curated_antro_0832.wav,1,0.15627972082298608,0.6874405583540278,0.15627972082298608
curated_antro_0833.wav,1,0.10243638702624902,0.795127225947502,0.10243638702624902
curated_antro_0834.wav,1,0.09003497191093923,0.8199300561781215,0.09003497191093923
curated_antro_0835.wav,1,0.10682271573957491,0.7863545685208502,0.10682271573957491
curated_antro_0836.wav,1,0.051862933501201414,0.8962741329975972,0.051862933501201414
curated_antro_0837.wav,1,0.18993229251211524,0.6201354149757695,0.18993229251211524
curated_antro_0838.wav,1,0.06581205298218612,0.8683758940356278,0.06581205298218612
curated_antro_0839.wav,1,0.11198022868148005,0.7760395426370399,0.11198022868148005
curated_antro_0840.wav,1,0.1052998697955545,0.789400260408891,0.1052998697955545
curated_antro_0841.wav,1,0.15184015828130237,0.6963196834373953,0.15184015828130237
curated_antro_0842.wav,1,0.08788101386236558,0.8242379722752688,0.08788101386236558
curated_antro_0843.wav,1,0.07543316293588392,0.8491336741282322,0.07543316293588392
curated_antro_0844.wav,1,0.12038199270843769,0.7592360145831246,0.12038199270843769
curated_antro_0845.wav,1,0.18145652866683165,0.6370869426663367,0.18145652866683165
curated_antro_0846.wav,1,0.14607636917316896,0.7078472616536621,0.14607636917316896
curated_antro_0847.wav,1,0.137725403191993,0.724549193616014,0.137725403191993
curated_antro_0848.wav,1,0.1051472355099215,0.789705528980157,0.1051472355099215
curated_antro_0849.wav,1,0.13439031628820897,0.7312193674235821,0.13439031628820897
curated_antro_0850.wav,1,0.14895074385764429,0.7020985122847114,0.14895074385764429
curated_antro_0851.wav,1,0.09200437155791807,0.8159912568841639,0.09200437155791807
curated_antro_0852.wav,1,0.19877903852607548,0.602441922947849,0.19877903852607548
curated_antro_0853.wav,1,0.05165411284482779,0.8966917743103444,0.05165411284482779
curated_antro_0854.wav,1,0.10047099293594075,0.7990580141281185,0.10047099293594075
curated_antro_0855.wav,1,0.16246850526115336,0.6750629894776933,0.16246850526115336
curated_antro_0856.wav,1,0.05312879663595205,0.8937424067280959,0.05312879663595205
curated_antro_0857.wav,1,0.05684333154802412,0.8863133369039518,0.05684333154802412
curated_antro_0858.wav,1,0.08887665581140836,0.8222466883771833,0.08887665581140836
curated_antro_0859.wav,1,0.18775742087570574,0.6244851582485885,0.18775742087570574
curated_antro_0860.wav,1,0.18143510814490038,0.6371297837101992,0.18143510814490038
curated_antro_0861.wav,1,0.10971397739394906,0.7805720452121019,0.10971397739394906
curated_antro_0862.wav,1,0.08838756301956685,0.8232248739608663,0.08838756301956685
curated_antro_0863.wav,1,0.1268634575842038,0.7462730848315924,0.1268634575842038
curated_antro_0864.wav,1,0.11002324608362435,0.7799535078327513,0.11002324608362435
curated_antro_0865.wav,1,0.05137414764823911,0.8972517047035218,0.05137414764823911
curated_antro_0866.wav,1,0.1343885803129255,0.731222839374149,0.1343885803129255
curated_antro_0867.wav,1,0.05633456754255972,0.8873308649148806,0.05633456754255972
curated_antro_0868.wav,1,0.15673768385850612,0.6865246322829878,0.15673768385850612
curated_antro_0869.wav,1,0.08125069563617465,0.8374986087276507,0.08125069563617465
curated_antro_0870.wav,1,0.15401333236798426,0.6919733352640315,0.15401333236798426
curated_antro_0871.wav,1,0.17685581903438985,0.6462883619312203,0.17685581903438985
curated_antro_0872.wav,1,0.18324813349340785,0.6335037330131843,0.18324813349340785
curated_antro_0873.wav,1,0.11895300688399568,0.7620939862320086,0.11895300688399568
curated_antro_0874.wav,1,0.07747051023410695,0.8450589795317861,0.07747051023410695
curated_antro_0875.wav,1,0.17025117703501036,0.6594976459299793,0.17025117703501036
curated_antro_0876.wav,1,0.09836205543386684,0.8032758891322663,0.09836205543386684
curated_antro_0877.wav,1,0.10099208480209965,0.7980158303958007,0.10099208480209965
curated_antro_0878.wav,1,0.11654760176681511,0.7669047964663698,0.11654760176681511
curated_antro_0879.wav,1,0.10823478542371112,0.7835304291525778,0.10823478542371112
curated_antro_0880.wav,1,0.17869633710712307,0.6426073257857539,0.17869633710712307
curated_antro_0881.wav,1,0.08788848547131767,0.8242230290573647,0.08788848547131767
curated_antro_0882.wav,1,0.16866195971788123,0.6626760805642375,0.16866195971788123
curated_antro_0883.wav,1,0.1830841828565129,0.6338316342869742,0.1830841828565129
curated_antro_0884.wav,1,0.07411385136753745,0.8517722972649251,0.07411385136753745
curated_antro_0885.wav,1,0.1030802021614009,0.7938395956771982,0.1030802021614009
curated_antro_0886.wav,1,0.17872063867235177,0.6425587226552965,0.17872063867235177
curated_antro_0887.wav,1,0.17202501981129337,0.6559499603774133,0.17202501981129337
curated_antro_0888.wav,1,0.0545113604279186,0.8909772791441628,0.0545113604279186
curated_antro_0889.wav,1,0.1893888535321746,0.6212222929356508,0.1893888535321746
curated_antro_0890.wav,1,0.1987459287024232,0.6025081425951536,0.1987459287024232
curated_antro_0891.wav,1,0.11249630836887059,0.7750073832622588,0.11249630836887059
curated_antro_0892.wav,1,0.09830582981726244,0.8033883403654751,0.09830582981726244
curated_antro_0893.wav,1,0.14527748850674205,0.7094450229865159,0.14527748850674205
curated_antro_0894.wav,1,0.1362362048109919,0.7275275903780162,0.1362362048109919
curated_antro_0895.wav,1,0.1907704370252306,0.6184591259495388,0.1907704370252306
curated_antro_0896.wav,1,0.12510969727750787,0.7497806054449843,0.12510969727750787
curated_antro_0897.wav,1,0.05439918239459107,0.8912016352108179,0.05439918239459107
curated_antro_0898.wav,1,0.15937966448276464,0.6812406710344707,0.15937966448276464
curated_antro_0899.wav,1,0.06282378490821167,0.8743524301835767,0.06282378490821167
curated_antro_0900.wav,1,0.08780076725873726,0.8243984654825255,0.08780076725873726
curated_antro_0901.wav,1,0.11564627904308411,0.7687074419138318,0.11564627904308411
curated_antro_0902.wav,1,0.06876475059072595,0.8624704988185481,0.06876475059072595
curated_antro_0903.wav,1,0.14064576284222124,0.7187084743155575,0.14064576284222124
curated_antro_0904.wav,1,0.12956987234770878,0.7408602553045824,0.12956987234770878
curated_antro_0905.wav,1,0.06855357320088307,0.8628928535982339,0.06855357320088307
curated_antro_0906.wav,1,0.06407401821855818,0.8718519635628836,0.06407401821855818
curated_antro_0907.wav,1,0.13413899589693445,0.7317220082061311,0.13413899589693445
curated_antro_0908.wav,1,0.14427306872230716,0.7114538625553857,0.14427306872230716
curated_antro_0909.wav,1,0.07285116270337638,0.8542976745932472,0.07285116270337638
curated_antro_0910.wav,1,0.11706220153961899,0.765875596920762,0.11706220153961899
curated_antro_0911.wav,1,0.07896414402911445,0.8420717119417711,0.07896414402911445
curated_antro_0912.wav,1,0.13344382015024692,0.7331123596995062,0.13344382015024692
curated_antro_0913.wav,1,0.05606017789881884,0.8878796442023623,0.05606017789881884
curated_antro_0914.wav,1,0.16341421191348338,0.6731715761730332,0.16341421191348338
curated_antro_0915.wav,1,0.11798584477684643,0.7640283104463071,0.11798584477684643
curated_antro_0916.wav,1,0.09195542280865343,0.8160891543826931,0.09195542280865343
curated_antro_0917.wav,1,0.06856824237722559,0.8628635152455488,0.06856824237722559
curated_antro_0918.wav,1,0.06008060259702458,0.8798387948059508,0.06008060259702458
curated_antro_0919.wav,1,0.19862088380563286,0.6027582323887343,0.19862088380563286
curated_antro_0920.wav,1,0.19876946706529958,0.6024610658694008,0.19876946706529958
curated_antro_0921.wav,1,0.06764998481634998,0.8647000303673,0.06764998481634998
curated_antro_0922.wav,1,0.1281465253729186,0.7437069492541628,0.1281465253729186
curated_antro_0923.wav,1,0.14952478060242524,0.7009504387951495,0.14952478060242524
curated_antro_0924.wav,1,0.0880469826817259,0.8239060346365482,0.0880469826817259
curated_antro_0925.wav,1,0.1909685363569571,0.6180629272860858,0.1909685363569571
curated_antro_0926.wav,1,0.16886560711419268,0.6622687857716146,0.16886560711419268
curated_antro_0927.wav,1,0.13353455878224163,0.7329308824355167,0.13353455878224163
curated_antro_0928.wav,1,0.1921129898964674,0.6157740202070652,0.1921129898964674
curated_antro_0929.wav,1,0.16400581342490733,0.6719883731501853,0.16400581342490733
curated_antro_0930.wav,1,0.05559864716301688,0.8888027056739662,0.05559864716301688
curated_antro_0931.wav,1,0.140749760503194,0.718500478993612,0.140749760503194
curated_antro_0932.wav,1,0.05005923817267244,0.8998815236546551,0.05005923817267244
curated_antro_0933.wav,1,0.09871531699671432,0.8025693660065714,0.09871531699671432
curated_antro_0934.wav,1,0.10841032588085547,0.783179348238289,0.10841032588085547
curated_antro_0935.wav,1,0.10054852763403699,0.798902944731926,0.10054852763403699
curated_antro_0936.wav,1,0.11975340723333305,0.7604931855333339,0.11975340723333305
curated_antro_0937.wav,1,0.11032662231261625,0.7793467553747675,0.11032662231261625
curated_antro_0938.wav,1,0.19433762561527063,0.6113247487694587,0.19433762561527063
curated_antro_0939.wav,1,0.07824187821941131,0.8435162435611774,0.07824187821941131
curated_antro_0940.wav,1,0.1426501964927761,0.7146996070144478,0.1426501964927761
curated_antro_0941.wav,1,0.06585878533284273,0.8682824293343145,0.06585878533284273
curated_antro_0942.wav,1,0.09867286682486442,0.8026542663502712,0.09867286682486442
curated_antro_0943.wav,1,0.1401203224763395,0.719759355047321,0.1401203224763395
curated_antro_0944.wav,1,0.05181678948605961,0.8963664210278808,0.05181678948605961
curated_antro_0945.wav,1,0.17680580433279952,0.646388391334401,0.17680580433279952
curated_antro_0946.wav,1,0.17360460002300948,0.652790799953981,0.17360460002300948
curated_antro_0947.wav,1,0.06380774073934203,0.8723845185213159,0.06380774073934203
curated_antro_0948.wav,1,0.09117999366288104,0.8176400126742379,0.09117999366288104
curated_antro_0949.wav,1,0.12820837187953094,0.7435832562409381,0.12820837187953094
curated_antro_0950.wav,1,0.11583706838976449,0.768325863220471,0.11583706838976449
curated_antro_0951.wav,1,0.1287761353381187,0.7424477293237626,0.1287761353381187
curated_antro_0952.wav,1,0.08192819385795219,0.8361436122840956,0.08192819385795219
curated_antro_0953.wav,1,0.15885718287233713,0.6822856342553257,0.15885718287233713
curated_antro_0954.wav,1,0.05148969163848749,0.897020616723025,0.05148969163848749
curated_antro_0955.wav,1,0.11741204170811337,0.7651759165837733,0.11741204170811337
curated_antro_0956.wav,1,0.11226274872530945,0.7754745025493811,0.11226274872530945
curated_antro_0957.wav,1,0.15772057267156686,0.6845588546568663,0.15772057267156686
curated_antro_0958.wav,1,0.12100002327995785,0.7579999534400843,0.12100002327995785
curated_antro_0959.wav,1,0.16902168121009642,0.6619566375798072,0.16902168121009642
curated_antro_0960.wav,1,0.05479230173958288,0.8904153965208342,0.05479230173958288
curated_antro_0961.wav,1,0.11294904424400976,0.7741019115119805,0.11294904424400976
curated_antro_0962.wav,1,0.062296833413228336,0.8754063331735433,0.062296833413228336
curated_antro_0963.wav,1,0.06020768184873826,0.8795846363025235,0.06020768184873826
curated_antro_0964.wav,1,0.09478418766164481,0.8104316246767104,0.09478418766164481
curated_antro_0965.wav,1,0.07889698384340071,0.8422060323131986,0.07889698384340071
curated_antro_0966.wav,1,0.07370577962834723,0.8525884407433055,0.07370577962834723
curated_antro_0967.wav,1,0.06659345373144243,0.8668130925371151,0.06659345373144243
curated_antro_0968.wav,1,0.15925622766134018,0.6814875446773196,0.15925622766134018
curated_antro_0969.wav,1,0.07946982390641516,0.8410603521871697,0.07946982390641516
curated_antro_0970.wav,1,0.18780583975998866,0.6243883204800227,0.18780583975998866
curated_antro_0971.wav,1,0.11452448426976725,0.7709510314604655,0.11452448426976725
curated_antro_0972.wav,1,0.1079166644502178,0.7841666710995644,0.1079166644502178
curated_antro_0973.wav,1,0.1389481502819337,0.7221036994361326,0.1389481502819337
curated_antro_0974.wav,1,0.050393468918893514,0.899213062162213,0.050393468918893514
curated_antro_0975.wav,1,0.05159627890331908,0.8968074421933618,0.05159627890331908
curated_antro_0976.wav,1,0.10720295104664357,0.7855940979067129,0.10720295104664357
curated_antro_0977.wav,1,0.06459320455596052,0.870813590888079,0.06459320455596052
curated_antro_0978.wav,1,0.14039127011825508,0.7192174597634898,0.14039127011825508
curated_antro_0979.wav,1,0.05444489877639702,0.891110202447206,0.05444489877639702
curated_antro_0980.wav,1,0.05049864996507203,0.8990027000698559,0.05049864996507203
curated_antro_0981.wav,1,0.17617429243517962,0.6476514151296408,0.17617429243517962
curated_antro_0982.wav,1,0.087018694431651,0.825962611136698,0.087018694431651
curated_antro_0983.wav,1,0.14498297592103376,0.7100340481579325,0.14498297592103376
curated_antro_0984.wav,1,0.13280816122821615,0.7343836775435677,0.13280816122821615
curated_antro_0985.wav,1,0.15903555725598123,0.6819288854880375,0.15903555725598123
curated_antro_0986.wav,1,0.07790617517819398,0.844187649643612,0.07790617517819398
curated_antro_0987.wav,1,0.1849733063523784,0.6300533872952432,0.1849733063523784
curated_antro_0988.wav,1,0.17745141644720674,0.6450971671055865,0.17745141644720674
curated_antro_0989.wav,1,0.08129550078355618,0.8374089984328876,0.08129550078355618
curated_antro_0990.wav,1,0.09657065249131053,0.806858695017379,0.09657065249131053
curated_antro_0991.wav,1,0.15335631369718317,0.6932873726056337,0.15335631369718317
curated_antro_0992.wav,1,0.1339371980421435,0.732125603915713,0.1339371980421435
curated_antro_0993.wav,1,0.14230079440893428,0.7153984111821314,0.14230079440893428
curated_antro_0994.wav,1,0.15750481399032845,0.6849903720193431,0.15750481399032845
curated_antro_0995.wav,1,0.15219547514967202,0.695609049700656,0.15219547514967202
curated_antro_0996.wav,1,0.15988652858885355,0.6802269428222929,0.15988652858885355
curated_antro_0997.wav,1,0.15014971033979202,0.699700579320416,0.15014971033979202
curated_antro_0998.wav,1,0.12820769703044177,0.7435846059391165,0.12820769703044177
curated_antro_0999.wav,1,0.11455581516490082,0.7708883696701984,0.11455581516490082
curated_geo_0000.wav,2,0.1749437602702486,0.1749437602702486,0.6501124794595028
curated_geo_0001.wav,2,0.09327695650419487,0.09327695650419487,0.8134460869916103
curated_geo_0002.wav,2,0.1298675365992289,0.1298675365992289,0.7402649268015422
curated_geo_0003.wav,2,0.10882681972389807,0.10882681972389807,0.7823463605522039
curated_geo_0004.wav,2,0.13114705284695938,0.13114705284695938,0.7377058943060812
curated_geo_0005.wav,2,0.11580700533528354,0.11580700533528354,0.7683859893294329
curated_geo_0006.wav,2,0.1251447727254923,0.1251447727254923,0.7497104545490154
curated_geo_0007.wav,2,0.06693892658744294,0.06693892658744294,0.8661221468251141
curated_geo_0008.wav,2,0.06076021596188985,0.06076021596188985,0.8784795680762203
curated_geo_0009.wav,2,0.12810869506053468,0.12810869506053468,0.7437826098789306
curated_geo_0010.wav,2,0.08682379355808356,0.08682379355808356,0.8263524128838329
curated_geo_0011.wav,2,0.1387070779551302,0.1387070779551302,0.7225858440897396
curated_geo_0012.wav,2,0.15476244579572263,0.15476244579572263,0.6904751084085547
curated_geo_0013.wav,2,0.09474868206906495,0.09474868206906495,0.8105026358618701
curated_geo_0014.wav,2,0.06614048462485822,0.06614048462485822,0.8677190307502836
curated_geo_0015.wav,2,0.145148668255621,0.145148668255621,0.709702663488758
curated_geo_0016.wav,2,0.07737579732260114,0.07737579732260114,0.8452484053547977
curated_geo_0017.wav,2,0.07252736580329688,0.07252736580329688,0.8549452683934062
curated_geo_0018.wav,2,0.15645042706175927,0.15645042706175927,0.6870991458764815
curated_geo_0019.wav,2,0.19687129058785363,0.19687129058785363,0.6062574188242927
curated_geo_0020.wav,2,0.08748653951602153,0.08748653951602153,0.8250269209679569
curated_geo_0021.wav,2,0.054219243924827354,0.054219243924827354,0.8915615121503453
curated_geo_0022.wav,2,0.1874160899640378,0.1874160899640378,0.6251678200719244
curated_geo_0023.wav,2,0.10889052934609045,0.10889052934609045,0.7822189413078191
curated_geo_0024.wav,2,0.06065131683618086,0.06065131683618086,0.8786973663276383
curated_geo_0025.wav,2,0.1814554446178105,0.1814554446178105,0.637089110764379
curated_geo_0026.wav,2,0.07304445315569741,0.07304445315569741,0.8539110936886052
curated_geo_0027.wav,2,0.165706409596157,0.165706409596157,0.668587180807686
curated_geo_0028.wav,2,0.05495644182891579,0.05495644182891579,0.8900871163421684
curated_geo_0029.wav,2,0.1798660475597581,0.1798660475597581,0.6402679048804838
curated_geo_0030.wav,2,0.09783939365999028,0.09783939365999028,0.8043212126800194
curated_geo_0031.wav,2,0.13925847908606742,0.13925847908606742,0.7214830418278652
curated_geo_0032.wav,2,0.1841741728173335,0.1841741728173335,0.631651654365333
curated_geo_0033.wav,2,0.052165938691970726,0.052165938691970726,0.8956681226160585
curated_geo_0034.wav,2,0.15370912978880635,0.15370912978880635,0.6925817404223873
curated_geo_0035.wav,2,0.15859059953212046,0.15859059953212046,0.6828188009357591
curated_geo_0036.wav,2,0.10937623453491702,0.10937623453491702,0.781247530930166
curated_geo_0037.wav,2,0.07875611633698876,0.07875611633698876,0.8424877673260225
curated_geo_0038.wav,2,0.06463150191636807,0.06463150191636807,0.8707369961672639
curated_geo_0039.wav,2,0.12485874504203803,0.12485874504203803,0.7502825099159239
curated_geo_0040.wav,2,0.10065291850138297,0.10065291850138297,0.7986941629972341
curated_geo_0041.wav,2,0.094649412426628,0.094649412426628,0.810701175146744
curated_geo_0042.wav,2,0.05597901414546497,0.05597901414546497,0.8880419717090701
curated_geo_0043.wav,2,0.1620155867584459,0.1620155867584459,0.6759688264831082
curated_geo_0044.wav,2,0.18859354076895657,0.18859354076895657,0.6228129184620869
curated_geo_0045.wav,2,0.05086888265091016,0.05086888265091016,0.8982622346981797
curated_geo_0046.wav,2,0.11656636438029228,0.11656636438029228,0.7668672712394154
curated_geo_0047.wav,2,0.08637311745323639,0.08637311745323639,0.8272537650935272
curated_geo_0048.wav,2,0.13304778585708188,0.13304778585708188,0.7339044282858362
curated_geo_0049.wav,2,0.10961579390856663,0.10961579390856663,0.7807684121828667
curated_geo_0050.wav,2,0.0862263882427986,0.0862263882427986,0.8275472235144028
curated_geo_0051.wav,2,0.1212996449310057,0.1212996449310057,0.7574007101379886
curated_geo_0052.wav,2,0.15801933271322738,0.15801933271322738,0.6839613345735452
curated_geo_0053.wav,2,0.191390917880208,0.191390917880208,0.617218164239584
curated_geo_0054.wav,2,0.0557282405498718,0.0557282405498718,0.8885435189002564
curated_geo_0055.wav,2,0.10763245265756666,0.10763245265756666,0.7847350946848667
curated_geo_0056.wav,2,0.1603735182478105,0.1603735182478105,0.679252963504379
curated_geo_0057.wav,2,0.10342793931107347,0.10342793931107347,0.7931441213778531
curated_geo_0058.wav,2,0.05659930671542979,0.05659930671542979,0.8868013865691404
curated_geo_0059.wav,2,0.17123644268103883,0.17123644268103883,0.6575271146379223
curated_geo_0060.wav,2,0.07783385870843679,0.07783385870843679,0.8443322825831264
curated_geo_0061.wav,2,0.12792624799153485,0.12792624799153485,0.7441475040169303
curated_geo_0062.wav,2,0.12214239123784537,0.12214239123784537,0.7557152175243093
curated_geo_0063.wav,2,0.15692489033376023,0.15692489033376023,0.6861502193324795
curated_geo_0064.wav,2,0.13980566594464755,0.13980566594464755,0.7203886681107049
curated_geo_0065.wav,2,0.164192156671238,0.164192156671238,0.671615686657524
curated_geo_0066.wav,2,0.12727787691746734,0.12727787691746734,0.7454442461650653
curated_geo_0067.wav,2,0.09214621106786308,0.09214621106786308,0.8157075778642738
curated_geo_0068.wav,2,0.18832980479852895,0.18832980479852895,0.6233403904029421
curated_geo_0069.wav,2,0.05262526554742397,0.05262526554742397,0.8947494689051521
curated_geo_0070.wav,2,0.15696120870674246,0.15696120870674246,0.6860775825865151
curated_geo_0071.wav,2,0.07075127011433657,0.07075127011433657,0.8584974597713269
curated_geo_0072.wav,2,0.08069700659875356,0.08069700659875356,0.8386059868024929
curated_geo_0073.wav,2,0.0744850718432063,0.0744850718432063,0.8510298563135874
curated_geo_0074.wav,2,0.10896404280270194,0.10896404280270194,0.7820719143945961
curated_geo_0075.wav,2,0.07215741799960235,0.07215741799960235,0.8556851640007953
curated_geo_0076.wav,2,0.05315447490131675,0.05315447490131675,0.8936910501973665
curated_geo_0077.wav,2,0.08095932385210797,0.08095932385210797,0.8380813522957841
curated_geo_0078.wav,2,0.199165583561294,0.199165583561294,0.601668832877412
curated_geo_0079.wav,2,0.1119409118189682,0.1119409118189682,0.7761181763620636
curated_geo_0080.wav,2,0.14013654743335158,0.14013654743335158,0.7197269051332968
curated_geo_0081.wav,2,0.13974120124776296,0.13974120124776296,0.7205175975044741
curated_geo_0082.wav,2,0.14147551107154593,0.14147551107154593,0.7170489778569081
curated_geo_0083.wav,2,0.0716901062065195,0.0716901062065195,0.856619787586961
curated_geo_0084.wav,2,0.0829411274737697,0.0829411274737697,0.8341177450524606
curated_geo_0085.wav,2,0.09268982848500834,0.09268982848500834,0.8146203430299833
curated_geo_0086.wav,2,0.1594463161660149,0.1594463161660149,0.6811073676679702
curated_geo_0087.wav,2,0.09994965443143566,0.09994965443143566,0.8001006911371287
curated_geo_0088.wav,2,0.16826982114786748,0.16826982114786748,0.663460357704265
curated_geo_0089.wav,2,0.14041753695721743,0.14041753695721743,0.7191649260855651
curated_geo_0090.wav,2,0.19035036241398562,0.19035036241398562,0.6192992751720288
curated_geo_0091.wav,2,0.0708500804621856,0.0708500804621856,0.8582998390756288
curated_geo_0092.wav,2,0.06211019542874019,0.06211019542874019,0.8757796091425196
curated_geo_0093.wav,2,0.0879158778225626,0.0879158778225626,0.8241682443548748
curated_geo_0094.wav,2,0.0688234629376609,0.0688234629376609,0.8623530741246782
curated_geo_0095.wav,2,0.19255589472611945,0.19255589472611945,0.6148882105477611
curated_geo_0096.wav,2,0.13237981321240067,0.13237981321240067,0.7352403735751987
curated_geo_0097.wav,2,0.08187934479639969,0.08187934479639969,0.8362413104072006
curated_geo_0098.wav,2,0.09152684819044049,0.09152684819044049,0.816946303619119
curated_geo_0099.wav,2,0.0967147845402016,0.0967147845402016,0.8065704309195968
curated_geo_0100.wav,2,0.13799778268427643,0.13799778268427643,0.7240044346314471
curated_geo_0101.wav,2,0.07423795623973983,0.07423795623973983,0.8515240875205203
curated_geo_0102.wav,2,0.1846996954837441,0.1846996954837441,0.6306006090325118
curated_geo_0103.wav,2,0.1411005021136018,0.1411005021136018,0.7177989957727964
curated_geo_0104.wav,2,0.07755177392396306,0.07755177392396306,0.8448964521520739
curated_geo_0105.wav,2,0.12633566257906886,0.12633566257906886,0.7473286748418623
curated_geo_0106.wav,2,0.052924129583457935,0.052924129583457935,0.8941517408330841
curated_geo_0107.wav,2,0.10148503338138942,0.10148503338138942,0.7970299332372212
curated_geo_0108.wav,2,0.11879640383609402,0.11879640383609402,0.762407192327812
curated_geo_0109.wav,2,0.05919803941856994,0.05919803941856994,0.8816039211628601
curated_geo_0110.wav,2,0.18776675222859524,0.18776675222859524,0.6244664955428095
curated_geo_0111.wav,2,0.09302553533160607,0.09302553533160607,0.8139489293367879
curated_geo_0112.wav,2,0.11154850331790067,0.11154850331790067,0.7769029933641987
curated_geo_0113.wav,2,0.1837632136862622,0.1837632136862622,0.6324735726274756
curated_geo_0114.wav,2,0.15187732492362865,0.15187732492362865,0.6962453501527427
curated_geo_0115.wav,2,0.14314651387280375,0.14314651387280375,0.7137069722543925
curated_geo_0116.wav,2,0.12356922563866679,0.12356922563866679,0.7528615487226664
curated_geo_0117.wav,2,0.1303029879792446,0.1303029879792446,0.7393940240415108
curated_geo_0118.wav,2,0.08168585974613485,0.08168585974613485,0.8366282805077303
curated_geo_0119.wav,2,0.05090826494309464,0.05090826494309464,0.8981834701138107
curated_geo_0120.wav,2,0.10947896407423341,0.10947896407423341,0.7810420718515332
curated_geo_0121.wav,2,0.06952875696731253,0.06952875696731253,0.8609424860653749
curated_geo_0122.wav,2,0.1386239671288752,0.1386239671288752,0.7227520657422496
curated_geo_0123.wav,2,0.13019194697414838,0.13019194697414838,0.7396161060517032
curated_geo_0124.wav,2,0.1903603191011673,0.1903603191011673,0.6192793617976654
curated_geo_0125.wav,2,0.1149700496564714,0.1149700496564714,0.7700599006870572
curated_geo_0126.wav,2,0.0664271238973208,0.0664271238973208,0.8671457522053584
curated_geo_0127.wav,2,0.09282728824729763,0.09282728824729763,0.8143454235054047
curated_geo_0128.wav,2,0.13459314159951752,0.13459314159951752,0.730813716800965
curated_geo_0129.wav,2,0.1964940284531675,0.1964940284531675,0.607011943093665
curated_geo_0130.wav,2,0.19700311449552826,0.19700311449552826,0.6059937710089435
curated_geo_0131.wav,2,0.12692157388462938,0.12692157388462938,0.7461568522307412
curated_geo_0132.wav,2,0.12267809110474692,0.12267809110474692,0.7546438177905062
curated_geo_0133.wav,2,0.17032024586568673,0.17032024586568673,0.6593595082686265
curated_geo_0134.wav,2,0.09935826805500159,0.09935826805500159,0.8012834638899968
curated_geo_0135.wav,2,0.0729690097581378,0.0729690097581378,0.8540619804837244
curated_geo_0136.wav,2,0.12170796722256416,0.12170796722256416,0.7565840655548717
curated_geo_0137.wav,2,0.11528491918415046,0.11528491918415046,0.7694301616316991
curated_geo_0138.wav,2,0.1890571452136876,0.1890571452136876,0.6218857095726248
curated_geo_0139.wav,2,0.09103113673821361,0.09103113673821361,0.8179377265235728
curated_geo_0140.wav,2,0.13218917996902518,0.13218917996902518,0.7356216400619496
curated_geo_0141.wav,2,0.14066750331806477,0.14066750331806477,0.7186649933638705
curated_geo_0142.wav,2,0.11590988923473827,0.11590988923473827,0.7681802215305235
curated_geo_0143.wav,2,0.05673278778755375,0.05673278778755375,0.8865344244248925
curated_geo_0144.wav,2,0.10025251832053689,0.10025251832053689,0.7994949633589262
curated_geo_0145.wav,2,0.14854837370950713,0.14854837370950713,0.7029032525809857
curated_geo_0146.wav,2,0.15209378257233763,0.15209378257233763,0.6958124348553247
curated_geo_0147.wav,2,0.110164027510116,0.110164027510116,0.779671944979768
curated_geo_0148.wav,2,0.08261992027986559,0.08261992027986559,0.8347601594402688
curated_geo_0149.wav,2,0.18860705870055072,0.18860705870055072,0.6227858825988986
curated_geo_0150.wav,2,0.0948607828351829,0.0948607828351829,0.8102784343296342
curated_geo_0151.wav,2,0.10031764891149281,0.10031764891149281,0.7993647021770144
curated_geo_0152.wav,2,0.12119689098413816,0.12119689098413816,0.7576062180317237
curated_geo_0153.wav,2,0.1800075222213618,0.1800075222213618,0.6399849555572764
curated_geo_0154.wav,2,0.1338561212411823,0.1338561212411823,0.7322877575176354
curated_geo_0155.wav,2,0.16561343891789265,0.16561343891789265,0.6687731221642147
curated_geo_0156.wav,2,0.17692433522748713,0.17692433522748713,0.6461513295450257
curated_geo_0157.wav,2,0.08958351804206044,0.08958351804206044,0.8208329639158791
curated_geo_0158.wav,2,0.19238328783350023,0.19238328783350023,0.6152334243329995
curated_geo_0159.wav,2,0.1877902978675029,0.1877902978675029,0.6244194042649942
curated_geo_0160.wav,2,0.07271576831258425,0.07271576831258425,0.8545684633748315
curated_geo_0161.wav,2,0.0706496232161814,0.0706496232161814,0.8587007535676372
curated_geo_0162.wav,2,0.08221014853522352,0.08221014853522352,0.835579702929553
curated_geo_0163.wav,2,0.13594786657808722,0.13594786657808722,0.7281042668438256
curated_geo_0164.wav,2,0.17591163753709516,0.17591163753709516,0.6481767249258097
curated_geo_0165.wav,2,0.05918079376971236,0.05918079376971236,0.8816384124605753
curated_geo_0166.wav,2,0.05849305908570185,0.05849305908570185,0.8830138818285963
curated_geo_0167.wav,2,0.11890809976708938,0.11890809976708938,0.7621838004658212
curated_geo_0168.wav,2,0.17296242867798356,0.17296242867798356,0.6540751426440329
curated_geo_0169.wav,2,0.13818745471733535,0.13818745471733535,0.7236250905653293
curated_geo_0170.wav,2,0.14124062607906257,0.14124062607906257,0.7175187478418749
curated_geo_0171.wav,2,0.14146830587991843,0.14146830587991843,0.7170633882401631
curated_geo_0172.wav,2,0.13263228623923956,0.13263228623923956,0.7347354275215209
curated_geo_0173.wav,2,0.06506171631977875,0.06506171631977875,0.8698765673604425
curated_geo_0174.wav,2,0.19183578136713403,0.19183578136713403,0.6163284372657319
curated_geo_0175.wav,2,0.15763848480597203,0.15763848480597203,0.6847230303880559
curated_geo_0176.wav,2,0.1425875646037293,0.1425875646037293,0.7148248707925414
curated_geo_0177.wav,2,0.051811476671877854,0.051811476671877854,0.8963770466562443
curated_geo_0178.wav,2,0.1484505344063583,0.1484505344063583,0.7030989311872834
curated_geo_0179.wav,2,0.13495146404224795,0.13495146404224795,0.7300970719155041
curated_geo_0180.wav,2,0.15606467085495612,0.15606467085495612,0.6878706582900878
curated_geo_0181.wav,2,0.06892467962469678,0.06892467962469678,0.8621506407506064
curated_geo_0182.wav,2,0.11969140732309635,0.11969140732309635,0.7606171853538073
curated_geo_0183.wav,2,0.09125358761457841,0.09125358761457841,0.8174928247708432
curated_geo_0184.wav,2,0.1754905321970432,0.1754905321970432,0.6490189356059136
curated_geo_0185.wav,2,0.08569837715196027,0.08569837715196027,0.8286032456960795
curated_geo_0186.wav,2,0.10432868513019566,0.10432868513019566,0.7913426297396087
curated_geo_0187.wav,2,0.056190314796399465,0.056190314796399465,0.8876193704072011
curated_geo_0188.wav,2,0.05149254893823979,0.05149254893823979,0.8970149021235204
curated_geo_0189.wav,2,0.10340026039566597,0.10340026039566597,0.7931994792086681
curated_geo_0190.wav,2,0.09537955835599227,0.09537955835599227,0.8092408832880155
curated_geo_0191.wav,2,0.05278832587522586,0.05278832587522586,0.8944233482495483
curated_geo_0192.wav,2,0.17945227562535332,0.17945227562535332,0.6410954487492934
curated_geo_0193.wav,2,0.12345864431749648,0.12345864431749648,0.753082711365007
curated_geo_0194.wav,2,0.11328425811977783,0.11328425811977783,0.7734314837604443
curated_geo_0195.wav,2,0.11183623071789361,0.11183623071789361,0.7763275385642128
curated_geo_0196.wav,2,0.1762325622152051,0.1762325622152051,0.6475348755695898
curated_geo_0197.wav,2,0.11691075080295799,0.11691075080295799,0.766178498394084
curated_geo_0198.wav,2,0.13152967777487767,0.13152967777487767,0.7369406444502447
curated_geo_0199.wav,2,0.18270099680612156,0.18270099680612156,0.6345980063877569
curated_geo_0200.wav,2,0.1559002648738676,0.1559002648738676,0.6881994702522648
curated_geo_0201.wav,2,0.11279504850098682,0.11279504850098682,0.7744099029980264
curated_geo_0202.wav,2,0.06906809191523655,0.06906809191523655,0.8618638161695269
curated_geo_0203.wav,2,0.09635472358172664,0.09635472358172664,0.8072905528365467
curated_geo_0204.wav,2,0.17353388725004032,0.17353388725004032,0.6529322254999194
curated_geo_0205.wav,2,0.09812692274703605,0.09812692274703605,0.8037461545059279
curated_geo_0206.wav,2,0.05029557832660064,0.05029557832660064,0.8994088433467987
curated_geo_0207.wav,2,0.1349941228848185,0.1349941228848185,0.730011754230363
curated_geo_0208.wav,2,0.15562989914254466,0.15562989914254466,0.6887402017149107
curated_geo_0209.wav,2,0.15707031941038202,0.15707031941038202,0.685859361179236
curated_geo_0210.wav,2,0.13432311584760404,0.13432311584760404,0.7313537683047919
curated_geo_0211.wav,2,0.16312498068613263,0.16312498068613263,0.6737500386277347
curated_geo_0212.wav,2,0.09427640661569797,0.09427640661569797,0.8114471867686041
curated_geo_0213.wav,2,0.1592518531096087,0.1592518531096087,0.6814962937807826
curated_geo_0214.wav,2,0.17963572296793234,0.17963572296793234,0.6407285540641353
curated_geo_0215.wav,2,0.13806563925305293,0.13806563925305293,0.7238687214938941
curated_geo_0216.wav,2,0.15669573942882564,0.15669573942882564,0.6866085211423487
curated_geo_0217.wav,2,0.13506831741723335,0.13506831741723335,0.7298633651655333
curated_geo_0218.wav,2,0.11777796695691711,0.11777796695691711,0.7644440660861658
curated_geo_0219.wav,2,0.0653113222887694,0.0653113222887694,0.8693773554224612
curated_geo_0220.wav,2,0.06357898312118127,0.06357898312118127,0.8728420337576375
curated_geo_0221.wav,2,0.14264827164982108,0.14264827164982108,0.7147034567003578
curated_geo_0222.wav,2,0.13547142215512814,0.13547142215512814,0.7290571556897437
curated_geo_0223.wav,2,0.0532328646083744,0.0532328646083744,0.8935342707832512
curated_geo_0224.wav,2,0.19979734320748704,0.19979734320748704,0.6004053135850259
curated_geo_0225.wav,2,0.059124234968940925,0.059124234968940925,0.8817515300621181
curated_geo_0226.wav,2,0.14838228253713448,0.14838228253713448,0.703235434925731
curated_geo_0227.wav,2,0.13002068827780716,0.13002068827780716,0.7399586234443857
curated_geo_0228.wav,2,0.06746159527012258,0.06746159527012258,0.8650768094597548
curated_geo_0229.wav,2,0.13174789443419965,0.13174789443419965,0.7365042111316007
curated_geo_0230.wav,2,0.09434395971254561,0.09434395971254561,0.8113120805749088
curated_geo_0231.wav,2,0.1988242247544112,0.1988242247544112,0.6023515504911776
curated_geo_0232.wav,2,0.06654328257006126,0.06654328257006126,0.8669134348598775
curated_geo_0233.wav,2,0.09645467123687745,0.09645467123687745,0.8070906575262451
curated_geo_0234.wav,2,0.0621235865561689,0.0621235865561689,0.8757528268876622
curated_geo_0235.wav,2,0.11193405399040801,0.11193405399040801,0.776131892019184
curated_geo_0236.wav,2,0.10931529482224694,0.10931529482224694,0.7813694103555061
curated_geo_0237.wav,2,0.1965500106689106,0.1965500106689106,0.6068999786621788
curated_geo_0238.wav,2,0.15247469556182985,0.15247469556182985,0.6950506088763403
curated_geo_0239.wav,2,0.06269068120240623,0.06269068120240623,0.8746186375951875
curated_geo_0240.wav,2,0.1221564724967214,0.1221564724967214,0.7556870550065572
curated_geo_0241.wav,2,0.09170697968026575,0.09170697968026575,0.8165860406394685
curated_geo_0242.wav,2,0.14301783271502178,0.14301783271502178,0.7139643345699564
curated_geo_0243.wav,2,0.06825435177008932,0.06825435177008932,0.8634912964598214
curated_geo_0244.wav,2,0.1749232577853589,0.1749232577853589,0.6501534844292822
curated_geo_0245.wav,2,0.11080484004311397,0.11080484004311397,0.778390319913772
curated_geo_0246.wav,2,0.13872726792867257,0.13872726792867257,0.7225454641426549
curated_geo_0247.wav,2,0.05711625282630284,0.05711625282630284,0.8857674943473943
curated_geo_0248.wav,2,0.08962938033346335,0.08962938033346335,0.8207412393330733
curated_geo_0249.wav,2,0.135378257368015,0.135378257368015,0.72924348526397
curated_geo_0250.wav,2,0.07624392031346561,0.07624392031346561,0.8475121593730688
curated_geo_0251.wav,2,0.1776432664631662,0.1776432664631662,0.6447134670736676
curated_geo_0252.wav,2,0.1882879995176276,0.1882879995176276,0.6234240009647448
curated_geo_0253.wav,2,0.09514748703119436,0.09514748703119436,0.8097050259376113
curated_geo_0254.wav,2,0.15105876177364402,0.15105876177364402,0.697882476452712
curated_geo_0255.wav,2,0.09566236475827056,0.09566236475827056,0.8086752704834589
curated_geo_0256.wav,2,0.09280532923356799,0.09280532923356799,0.814389341532864
curated_geo_0257.wav,2,0.1640936868661806,0.1640936868661806,0.6718126262676388
curated_geo_0258.wav,2,0.1854995071319639,0.1854995071319639,0.6290009857360722
curated_geo_0259.wav,2,0.1799380011596915,0.1799380011596915,0.640123997680617
curated_geo_0260.wav,2,0.1147199996154139,0.1147199996154139,0.7705600007691722
curated_geo_0261.wav,2,0.1188265243626348,0.1188265243626348,0.7623469512747304
curated_geo_0262.wav,2,0.12406397114458517,0.12406397114458517,0.7518720577108297
curated_geo_0263.wav,2,0.09872187719856296,0.09872187719856296,0.8025562456028741
curated_geo_0264.wav,2,0.10410730978370414,0.10410730978370414,0.7917853804325917
curated_geo_0265.wav,2,0.14608430056720823,0.14608430056720823,0.7078313988655835
curated_geo_0266.wav,2,0.18951650608141268,0.18951650608141268,0.6209669878371746
curated_geo_0267.wav,2,0.10994513402195905,0.10994513402195905,0.7801097319560819
curated_geo_0268.wav,2,0.08383579819202647,0.08383579819202647,0.8323284036159471
curated_geo_0269.wav,2,0.052872569633011124,0.052872569633011124,0.8942548607339778
curated_geo_0270.wav,2,0.18920134084694207,0.18920134084694207,0.6215973183061159
curated_geo_0271.wav,2,0.1710097358559559,0.1710097358559559,0.6579805282880882
curated_geo_0272.wav,2,0.1712363812365547,0.1712363812365547,0.6575272375268906
curated_geo_0273.wav,2,0.08475173065827235,0.08475173065827235,0.8304965386834553
curated_geo_0274.wav,2,0.17308712029622214,0.17308712029622214,0.6538257594075557
curated_geo_0275.wav,2,0.17572701052664563,0.17572701052664563,0.6485459789467087
curated_geo_0276.wav,2,0.06239928937272965,0.06239928937272965,0.8752014212545407
curated_geo_0277.wav,2,0.08117274150221776,0.08117274150221776,0.8376545169955645
curated_geo_0278.wav,2,0.09343774245771397,0.09343774245771397,0.8131245150845721
curated_geo_0279.wav,2,0.1756331362236066,0.1756331362236066,0.6487337275527868
curated_geo_0280.wav,2,0.18166261193493394,0.18166261193493394,0.6366747761301321
curated_geo_0281.wav,2,0.05028577536886297,0.05028577536886297,0.899428449262274
curated_geo_0282.wav,2,0.0989389552730019,0.0989389552730019,0.8021220894539962
curated_geo_0283.wav,2,0.15668017461157402,0.15668017461157402,0.686639650776852
curated_geo_0284.wav,2,0.05543559519632241,0.05543559519632241,0.8891288096073552
curated_geo_0285.wav,2,0.11989761854986147,0.11989761854986147,0.760204762900277
curated_geo_0286.wav,2,0.06617636017809969,0.06617636017809969,0.8676472796438006
curated_geo_0287.wav,2,0.09865951229410919,0.09865951229410919,0.8026809754117816
curated_geo_0288.wav,2,0.07394379375639792,0.07394379375639792,0.8521124124872042
curated_geo_0289.wav,2,0.1566485618757839,0.1566485618757839,0.6867028762484322
curated_geo_0290.wav,2,0.06089902950156545,0.06089902950156545,0.8782019409968691
curated_geo_0291.wav,2,0.09461743944056089,0.09461743944056089,0.8107651211188782
curated_geo_0292.wav,2,0.18752140252844318,0.18752140252844318,0.6249571949431136
curated_geo_0293.wav,2,0.07599874531210082,0.07599874531210082,0.8480025093757984
curated_geo_0294.wav,2,0.1033275695330893,0.1033275695330893,0.7933448609338214
curated_geo_0295.wav,2,0.19884398085409366,0.19884398085409366,0.6023120382918127
curated_geo_0296.wav,2,0.07009149196522324,0.07009149196522324,0.8598170160695535
curated_geo_0297.wav,2,0.07528369883774488,0.07528369883774488,0.8494326023245102
curated_geo_0298.wav,2,0.10585618005568487,0.10585618005568487,0.7882876398886303
curated_geo_0299.wav,2,0.08880537647940162,0.08880537647940162,0.8223892470411968
curated_geo_0300.wav,2,0.05389504356264907,0.05389504356264907,0.8922099128747019
curated_geo_0301.wav,2,0.11886488053521999,0.11886488053521999,0.76227023892956
curated_geo_0302.wav,2,0.07863175058200073,0.07863175058200073,0.8427364988359985
curated_geo_0303.wav,2,0.1200557496200455,0.1200557496200455,0.759888500759909
curated_geo_0304.wav,2,0.19624175448573633,0.19624175448573633,0.6075164910285273
curated_geo_0305.wav,2,0.05125677500549497,0.05125677500549497,0.8974864499890101
curated_geo_0306.wav,2,0.11884974159195782,0.11884974159195782,0.7623005168160844
curated_geo_0307.wav,2,0.15519382390997338,0.15519382390997338,0.6896123521800532
curated_geo_0308.wav,2,0.10391123046505102,0.10391123046505102,0.792177539069898
curated_geo_0309.wav,2,0.15700203475985097,0.15700203475985097,0.685995930480298
curated_geo_0310.wav,2,0.16394347007005855,0.16394347007005855,0.6721130598598829
curated_geo_0311.wav,2,0.19757639857252585,0.19757639857252585,0.6048472028549483
curated_geo_0312.wav,2,0.19862231129772268,0.19862231129772268,0.6027553774045546
curated_geo_0313.wav,2,0.07026332911077682,0.07026332911077682,0.8594733417784464
curated_geo_0314.wav,2,0.07151855649535177,0.07151855649535177,0.8569628870092965
curated_geo_0315.wav,2,0.14206239624827127,0.14206239624827127,0.7158752075034575
curated_geo_0316.wav,2,0.15797831696419867,0.15797831696419867,0.6840433660716027
curated_geo_0317.wav,2,0.15575208707953353,0.15575208707953353,0.6884958258409329
curated_geo_0318.wav,2,0.07658846956602705,0.07658846956602705,0.8468230608679459
curated_geo_0319.wav,2,0.1410635798256012,0.1410635798256012,0.7178728403487976
curated_geo_0320.wav,2,0.17390463736337058,0.17390463736337058,0.6521907252732588
curated_geo_0321.wav,2,0.1759494581490314,0.1759494581490314,0.6481010837019372
curated_geo_0322.wav,2,0.09546715750041113,0.09546715750041113,0.8090656849991777
curated_geo_0323.wav,2,0.08897265656175835,0.08897265656175835,0.8220546868764833
curated_geo_0324.wav,2,0.16157750854149266,0.16157750854149266,0.6768449829170147
curated_geo_0325.wav,2,0.05258506484778713,0.05258506484778713,0.8948298703044257
curated_geo_0326.wav,2,0.12469947182184149,0.12469947182184149,0.750601056356317
curated_geo_0327.wav,2,0.12762220764529408,0.12762220764529408,0.7447555847094118
curated_geo_0328.wav,2,0.10190596256839624,0.10190596256839624,0.7961880748632075
curated_geo_0329.wav,2,0.07727754153225774,0.07727754153225774,0.8454449169354845
curated_geo_0330.wav,2,0.07981182923770935,0.07981182923770935,0.8403763415245813
curated_geo_0331.wav,2,0.18670176578273928,0.18670176578273928,0.6265964684345214
curated_geo_0332.wav,2,0.13363691744523132,0.13363691744523132,0.7327261651095374
curated_geo_0333.wav,2,0.19867734518081065,0.19867734518081065,0.6026453096383787
curated_geo_0334.wav,2,0.06687485536931925,0.06687485536931925,0.8662502892613615
curated_geo_0335.wav,2,0.11357454490499991,0.11357454490499991,0.7728509101900002
curated_geo_0336.wav,2,0.19309185248055222,0.19309185248055222,0.6138162950388956
curated_geo_0337.wav,2,0.09181002880855016,0.09181002880855016,0.8163799423828997
curated_geo_0338.wav,2,0.15581632435429277,0.15581632435429277,0.6883673512914145
curated_geo_0339.wav,2,0.0854518801935395,0.0854518801935395,0.829096239612921
curated_geo_0340.wav,2,0.1754784204262948,0.1754784204262948,0.6490431591474104
curated_geo_0341.wav,2,0.08704614136042776,0.08704614136042776,0.8259077172791445
curated_geo_0342.wav,2,0.19691494144894006,0.19691494144894006,0.6061701171021199
curated_geo_0343.wav,2,0.05425615317402899,0.05425615317402899,0.891487693651942
curated_geo_0344.wav,2,0.1271005360246803,0.1271005360246803,0.7457989279506394
curated_geo_0345.wav,2,0.11670515950675886,0.11670515950675886,0.7665896809864823
curated_geo_0346.wav,2,0.07646510326276462,0.07646510326276462,0.8470697934744708
curated_geo_0347.wav,2,0.13210534474492297,0.13210534474492297,0.7357893105101541
curated_geo_0348.wav,2,0.19257878353729063,0.19257878353729063,0.6148424329254187
curated_geo_0349.wav,2,0.07085314398717457,0.07085314398717457,0.8582937120256509
curated_geo_0350.wav,2,0.11196877734159932,0.11196877734159932,0.7760624453168014
curated_geo_0351.wav,2,0.12253089891996716,0.12253089891996716,0.7549382021600657
curated_geo_0352.wav,2,0.17567627532165742,0.17567627532165742,0.6486474493566852
curated_geo_0353.wav,2,0.11141471199860387,0.11141471199860387,0.7771705760027923
curated_geo_0354.wav,2,0.10486300398489079,0.10486300398489079,0.7902739920302184
curated_geo_0355.wav,2,0.0705728691554447,0.0705728691554447,0.8588542616891106
curated_geo_0356.wav,2,0.06390400913604499,0.06390400913604499,0.87219198172791
curated_geo_0357.wav,2,0.0914778196095426,0.0914778196095426,0.8170443607809148
curated_geo_0358.wav,2,0.11770396487004697,0.11770396487004697,0.764592070259906
curated_geo_0359.wav,2,0.19336067455047923,0.19336067455047923,0.6132786508990415
curated_geo_0360.wav,2,0.09305574460327548,0.09305574460327548,0.813888510793449
curated_geo_0361.wav,2,0.1930369414939621,0.1930369414939621,0.6139261170120758
curated_geo_0362.wav,2,0.05815719341515724,0.05815719341515724,0.8836856131696855
curated_geo_0363.wav,2,0.1543020232275777,0.1543020232275777,0.6913959535448446
curated_geo_0364.wav,2,0.1891172621425905,0.1891172621425905,0.621765475714819
curated_geo_0365.wav,2,0.1783260721140189,0.1783260721140189,0.6433478557719622
curated_geo_0366.wav,2,0.10244352704335463,0.10244352704335463,0.7951129459132907
curated_geo_0367.wav,2,0.1363467338101763,0.1363467338101763,0.7273065323796474
curated_geo_0368.wav,2,0.15766504138108262,0.15766504138108262,0.6846699172378348
curated_geo_0369.wav,2,0.057776454869474136,0.057776454869474136,0.8844470902610517
curated_geo_0370.wav,2,0.18253883225451017,0.18253883225451017,0.6349223354909797
curated_geo_0371.wav,2,0.12761770462617128,0.12761770462617128,0.7447645907476574
curated_geo_0372.wav,2,0.10933574722152423,0.10933574722152423,0.7813285055569515
curated_geo_0373.wav,2,0.08391404774658595,0.08391404774658595,0.8321719045068281
curated_geo_0374.wav,2,0.13858535977015296,0.13858535977015296,0.7228292804596941
curated_geo_0375.wav,2,0.06820014172292943,0.06820014172292943,0.8635997165541411
curated_geo_0376.wav,2,0.05691644442441912,0.05691644442441912,0.8861671111511618
curated_geo_0377.wav,2,0.13303860719870658,0.13303860719870658,0.7339227856025868
curated_geo_0378.wav,2,0.18038647614469627,0.18038647614469627,0.6392270477106075
curated_geo_0379.wav,2,0.10066508351305226,0.10066508351305226,0.7986698329738955
curated_geo_0380.wav,2,0.1880254598395552,0.1880254598395552,0.6239490803208896
curated_geo_0381.wav,2,0.0882443788197777,0.0882443788197777,0.8235112423604446
curated_geo_0382.wav,2,0.07333614459648219,0.07333614459648219,0.8533277108070356
curated_geo_0383.wav,2,0.1640479041493168,0.1640479041493168,0.6719041917013664
curated_geo_0384.wav,2,0.10660228484538842,0.10660228484538842,0.7867954303092232
curated_geo_0385.wav,2,0.13909973933974418,0.13909973933974418,0.7218005213205116
curated_geo_0386.wav,2,0.10031755425133121,0.10031755425133121,0.7993648914973376
curated_geo_0387.wav,2,0.18279706985000327,0.18279706985000327,0.6344058602999935
curated_geo_0388.wav,2,0.11587494731061665,0.11587494731061665,0.7682501053787667
curated_geo_0389.wav,2,0.1009050394885409,0.1009050394885409,0.7981899210229182
curated_geo_0390.wav,2,0.06011776172049765,0.06011776172049765,0.8797644765590047
curated_geo_0391.wav,2,0.05010754102728149,0.05010754102728149,0.899784917945437
curated_geo_0392.wav,2,0.08338848596806941,0.08338848596806941,0.8332230280638612
curated_geo_0393.wav,2,0.10708315174188587,0.10708315174188587,0.7858336965162283
curated_geo_0394.wav,2,0.09125416717480594,0.09125416717480594,0.8174916656503881
curated_geo_0395.wav,2,0.15416466912198817,0.15416466912198817,0.6916706617560237
curated_geo_0396.wav,2,0.0728507636275757,0.0728507636275757,0.8542984727448486
curated_geo_0397.wav,2,0.10226581667002516,0.10226581667002516,0.7954683666599497
curated_geo_0398.wav,2,0.07151359479248587,0.07151359479248587,0.8569728104150283
curated_geo_0399.wav,2,0.11177899829050197,0.11177899829050197,0.776442003418996
curated_geo_0400.wav,2,0.089593467396613,0.089593467396613,0.820813065206774
curated_geo_0401.wav,2,0.12293755633231684,0.12293755633231684,0.7541248873353663
curated_geo_0402.wav,2,0.11029417795358193,0.11029417795358193,0.7794116440928361
curated_geo_0403.wav,2,0.07960684069655155,0.07960684069655155,0.8407863186068969
curated_geo_0404.wav,2,0.1013565373279478,0.1013565373279478,0.7972869253441044
curated_geo_0405.wav,2,0.1302548669041549,0.1302548669041549,0.7394902661916902
curated_geo_0406.wav,2,0.15156626269957268,0.15156626269957268,0.6968674746008546
curated_geo_0407.wav,2,0.09856889681352504,0.09856889681352504,0.8028622063729499
curated_geo_0408.wav,2,0.1385457897934521,0.1385457897934521,0.7229084204130958
curated_geo_0409.wav,2,0.12175682477825006,0.12175682477825006,0.7564863504434999
curated_geo_0410.wav,2,0.099644466661169,0.099644466661169,0.800711066677662
curated_geo_0411.wav,2,0.12728561799285526,0.12728561799285526,0.7454287640142895
curated_geo_0412.wav,2,0.11926552512470595,0.11926552512470595,0.7614689497505881
curated_geo_0413.wav,2,0.15301288727436108,0.15301288727436108,0.6939742254512778
curated_geo_0414.wav,2,0.18171977359908814,0.18171977359908814,0.6365604528018237
curated_geo_0415.wav,2,0.10187785947326972,0.10187785947326972,0.7962442810534606
curated_geo_0416.wav,2,0.1501114855962391,0.1501114855962391,0.6997770288075218
curated_geo_0417.wav,2,0.127611260887932,0.127611260887932,0.744777478224136
curated_geo_0418.wav,2,0.187190111385525,0.187190111385525,0.62561977722895
curated_geo_0419.wav,2,0.1703176440163251,0.1703176440163251,0.6593647119673498
curated_geo_0420.wav,2,0.07326328096100798,0.07326328096100798,0.853473438077984
curated_geo_0421.wav,2,0.10343814720988798,0.10343814720988798,0.793123705580224
curated_geo_0422.wav,2,0.13850384018249362,0.13850384018249362,0.7229923196350128
curated_geo_0423.wav,2,0.05033951977752582,0.05033951977752582,0.8993209604449484
curated_geo_0424.wav,2,0.17437935689683826,0.17437935689683826,0.6512412862063235
curated_geo_0425.wav,2,0.0832632380156928,0.0832632380156928,0.8334735239686144
curated_geo_0426.wav,2,0.11728985574763706,0.11728985574763706,0.7654202885047259
curated_geo_0427.wav,2,0.18991243644687406,0.18991243644687406,0.6201751271062519
curated_geo_0428.wav,2,0.05181635231965992,0.05181635231965992,0.8963672953606802
curated_geo_0429.wav,2,0.18751247153810036,0.18751247153810036,0.6249750569237993
curated_geo_0430.wav,2,0.12072188020087699,0.12072188020087699,0.758556239598246
curated_geo_0431.wav,2,0.10593445634930976,0.10593445634930976,0.7881310873013805
curated_geo_0432.wav,2,0.11658816504802516,0.11658816504802516,0.7668236699039497
curated_geo_0433.wav,2,0.11196091166363509,0.11196091166363509,0.7760781766727298
curated_geo_0434.wav,2,0.1654428384996467,0.1654428384996467,0.6691143230007066
curated_geo_0435.wav,2,0.15444375560513385,0.15444375560513385,0.6911124887897323
curated_geo_0436.wav,2,0.12725515329780757,0.12725515329780757,0.7454896934043849
curated_geo_0437.wav,2,0.0924542605198565,0.0924542605198565,0.815091478960287
curated_geo_0438.wav,2,0.16121197266027132,0.16121197266027132,0.6775760546794574
curated_geo_0439.wav,2,0.16459447022594476,0.16459447022594476,0.6708110595481105
curated_geo_0440.wav,2,0.12620962020979676,0.12620962020979676,0.7475807595804065
curated_geo_0441.wav,2,0.08343955881693765,0.08343955881693765,0.8331208823661247
curated_geo_0442.wav,2,0.1456613712951696,0.1456613712951696,0.7086772574096608
curated_geo_0443.wav,2,0.13633476431284974,0.13633476431284974,0.7273304713743005
curated_geo_0444.wav,2,0.057590268618305795,0.057590268618305795,0.8848194627633884
curated_geo_0445.wav,2,0.09096694081947121,0.09096694081947121,0.8180661183610576
curated_geo_0446.wav,2,0.0872496079177168,0.0872496079177168,0.8255007841645664
curated_geo_0447.wav,2,0.07435177381290725,0.07435177381290725,0.8512964523741855
curated_geo_0448.wav,2,0.0751768261144139,0.0751768261144139,0.8496463477711722
curated_geo_0449.wav,2,0.1089077260880687,0.1089077260880687,0.7821845478238626
curated_geo_0450.wav,2,0.07346313841215829,0.07346313841215829,0.8530737231756834
curated_geo_0451.wav,2,0.14428607546997585,0.14428607546997585,0.7114278490600483
curated_geo_0452.wav,2,0.13242097309749762,0.13242097309749762,0.7351580538050048
curated_geo_0453.wav,2,0.0718071692050789,0.0718071692050789,0.8563856615898422
curated_geo_0454.wav,2,0.1744765742568734,0.1744765742568734,0.6510468514862532
curated_geo_0455.wav,2,0.12112505003913443,0.12112505003913443,0.7577498999217311
curated_geo_0456.wav,2,0.08107571405925351,0.08107571405925351,0.837848571881493
curated_geo_0457.wav,2,0.15734568478809258,0.15734568478809258,0.6853086304238148
curated_geo_0458.wav,2,0.1829457894389615,0.1829457894389615,0.634108421122077
curated_geo_0459.wav,2,0.1355345402329471,0.1355345402329471,0.7289309195341058
curated_geo_0460.wav,2,0.1168201342753431,0.1168201342753431,0.7663597314493138
curated_geo_0461.wav,2,0.14995979766226075,0.14995979766226075,0.7000804046754785
curated_geo_0462.wav,2,0.15678135330014414,0.15678135330014414,0.6864372933997117
curated_geo_0463.wav,2,0.09669465574777492,0.09669465574777492,0.8066106885044502
curated_geo_0464.wav,2,0.09831233185937133,0.09831233185937133,0.8033753362812573
curated_geo_0465.wav,2,0.1044248972197786,0.1044248972197786,0.7911502055604428
curated_geo_0466.wav,2,0.09308975758262122,0.09308975758262122,0.8138204848347576
curated_geo_0467.wav,2,0.08396675916148227,0.08396675916148227,0.8320664816770355
curated_geo_0468.wav,2,0.08481205962497707,0.08481205962497707,0.8303758807500459
curated_geo_0469.wav,2,0.07578462519279172,0.07578462519279172,0.8484307496144166
curated_geo_0470.wav,2,0.0505925040751648,0.0505925040751648,0.8988149918496704
curated_geo_0471.wav,2,0.06603569945597698,0.06603569945597698,0.867928601088046
curated_geo_0472.wav,2,0.05556473163939668,0.05556473163939668,0.8888705367212066
curated_geo_0473.wav,2,0.10167015232624649,0.10167015232624649,0.796659695347507
curated_geo_0474.wav,2,0.06828555641661022,0.06828555641661022,0.8634288871667796
curated_geo_0475.wav,2,0.10790025767883415,0.10790025767883415,0.7841994846423317
curated_geo_0476.wav,2,0.11317078379405393,0.11317078379405393,0.7736584324118921
curated_geo_0477.wav,2,0.09482318541793122,0.09482318541793122,0.8103536291641376
curated_geo_0478.wav,2,0.07829077141099244,0.07829077141099244,0.8434184571780151
curated_geo_0479.wav,2,0.11841303374637696,0.11841303374637696,0.7631739325072461
curated_geo_0480.wav,2,0.17121565830312613,0.17121565830312613,0.6575686833937477
curated_geo_0481.wav,2,0.1588883055643724,0.1588883055643724,0.6822233888712552
curated_geo_0482.wav,2,0.12614648268608497,0.12614648268608497,0.7477070346278301
curated_geo_0483.wav,2,0.08265943431745004,0.08265943431745004,0.8346811313650999
curated_geo_0484.wav,2,0.06295965523636299,0.06295965523636299,0.874080689527274
curated_geo_0485.wav,2,0.1872878962820308,0.1872878962820308,0.6254242074359384
curated_geo_0486.wav,2,0.14184540827357384,0.14184540827357384,0.7163091834528523
curated_geo_0487.wav,2,0.07101999388791036,0.07101999388791036,0.8579600122241793
curated_geo_0488.wav,2,0.1774362385686929,0.1774362385686929,0.6451275228626142
curated_geo_0489.wav,2,0.10259211023733439,0.10259211023733439,0.7948157795253312
curated_geo_0490.wav,2,0.05014377339130227,0.05014377339130227,0.8997124532173955
curated_geo_0491.wav,2,0.14788551529435023,0.14788551529435023,0.7042289694112995
curated_geo_0492.wav,2,0.12375722729504024,0.12375722729504024,0.7524855454099195
curated_geo_0493.wav,2,0.05827551305825496,0.05827551305825496,0.8834489738834901
curated_geo_0494.wav,2,0.10150128926127927,0.10150128926127927,0.7969974214774415
curated_geo_0495.wav,2,0.07034559930402018,0.07034559930402018,0.8593088013919596
curated_geo_0496.wav,2,0.10622267507719013,0.10622267507719013,0.7875546498456197
curated_geo_0497.wav,2,0.15049143650646696,0.15049143650646696,0.6990171269870661
curated_geo_0498.wav,2,0.11813124722902851,0.11813124722902851,0.763737505541943
curated_geo_0499.wav,2,0.08615075859257271,0.08615075859257271,0.8276984828148546
curated_geo_0500.wav,2,0.10138991967437261,0.10138991967437261,0.7972201606512548
curated_geo_0501.wav,2,0.10245913961890601,0.10245913961890601,0.795081720762188
curated_geo_0502.wav,2,0.08175706807436905,0.08175706807436905,0.8364858638512619
curated_geo_0503.wav,2,0.11408813019376324,0.11408813019376324,0.7718237396124735
curated_geo_0504.wav,2,0.07384744958504835,0.07384744958504835,0.8523051008299033
curated_geo_0505.wav,2,0.1498035620928435,0.1498035620928435,0.700392875814313
curated_geo_0506.wav,2,0.08596979374929481,0.08596979374929481,0.8280604125014104
curated_geo_0507.wav,2,0.14492269384218415,0.14492269384218415,0.7101546123156317
curated_geo_0508.wav,2,0.07863521530239825,0.07863521530239825,0.8427295693952035
curated_geo_0509.wav,2,0.07148572418855037,0.07148572418855037,0.8570285516228993
curated_geo_0510.wav,2,0.12956749269976553,0.12956749269976553,0.7408650146004689
curated_geo_0511.wav,2,0.060577891287195484,0.060577891287195484,0.878844217425609
curated_geo_0512.wav,2,0.14865139052088938,0.14865139052088938,0.7026972189582212
curated_geo_0513.wav,2,0.1228496362941165,0.1228496362941165,0.754300727411767
curated_geo_0514.wav,2,0.05894875154649881,0.05894875154649881,0.8821024969070024
curated_geo_0515.wav,2,0.07699060084374443,0.07699060084374443,0.8460187983125111
curated_geo_0516.wav,2,0.1255586535474409,0.1255586535474409,0.7488826929051182
curated_geo_0517.wav,2,0.08368688148608083,0.08368688148608083,0.8326262370278383
curated_geo_0518.wav,2,0.19035484756753446,0.19035484756753446,0.6192903048649311
curated_geo_0519.wav,2,0.14335915692286838,0.14335915692286838,0.7132816861542632
curated_geo_0520.wav,2,0.07394605617290162,0.07394605617290162,0.8521078876541968
curated_geo_0521.wav,2,0.07511610737986535,0.07511610737986535,0.8497677852402693
curated_geo_0522.wav,2,0.18931140732360113,0.18931140732360113,0.6213771853527977
curated_geo_0523.wav,2,0.1488288573516529,0.1488288573516529,0.7023422852966942
curated_geo_0524.wav,2,0.14387170881890426,0.14387170881890426,0.7122565823621915
curated_geo_0525.wav,2,0.09153966514727552,0.09153966514727552,0.816920669705449
curated_geo_0526.wav,2,0.13893981416645124,0.13893981416645124,0.7221203716670975
curated_geo_0527.wav,2,0.07012900709797187,0.07012900709797187,0.8597419858040563
curated_geo_0528.wav,2,0.15681023294062085,0.15681023294062085,0.6863795341187583
curated_geo_0529.wav,2,0.06618073141280256,0.06618073141280256,0.8676385371743949
curated_geo_0530.wav,2,0.1936676538834876,0.1936676538834876,0.6126646922330248
curated_geo_0531.wav,2,0.06306434384153148,0.06306434384153148,0.873871312316937
curated_geo_0532.wav,2,0.0690225926034479,0.0690225926034479,0.8619548147931042
curated_geo_0533.wav,2,0.1671347890399496,0.1671347890399496,0.6657304219201008
curated_geo_0534.wav,2,0.1601935803056141,0.1601935803056141,0.6796128393887718
curated_geo_0535.wav,2,0.12918605169128095,0.12918605169128095,0.7416278966174381
curated_geo_0536.wav,2,0.1061885954777137,0.1061885954777137,0.7876228090445726
curated_geo_0537.wav,2,0.08748034694047713,0.08748034694047713,0.8250393061190457
curated_geo_0538.wav,2,0.1616081072867207,0.1616081072867207,0.6767837854265586
curated_geo_0539.wav,2,0.14214926791951066,0.14214926791951066,0.7157014641609787
curated_geo_0540.wav,2,0.10039647831230547,0.10039647831230547,0.7992070433753891
curated_geo_0541.wav,2,0.06647394516875144,0.06647394516875144,0.8670521096624971
curated_geo_0542.wav,2,0.07942332295429644,0.07942332295429644,0.8411533540914071
curated_geo_0543.wav,2,0.1718853628177957,0.1718853628177957,0.6562292743644086
curated_geo_0544.wav,2,0.16459047843578806,0.16459047843578806,0.6708190431284239
curated_geo_0545.wav,2,0.06180807386748205,0.06180807386748205,0.8763838522650359
curated_geo_0546.wav,2,0.13281435854057289,0.13281435854057289,0.7343712829188542
curated_geo_0547.wav,2,0.16328382761743565,0.16328382761743565,0.6734323447651287
curated_geo_0548.wav,2,0.07817329527208533,0.07817329527208533,0.8436534094558293
curated_geo_0549.wav,2,0.10528940785053725,0.10528940785053725,0.7894211842989255
curated_geo_0550.wav,2,0.14799818345307264,0.14799818345307264,0.7040036330938547
curated_geo_0551.wav,2,0.09379444914828577,0.09379444914828577,0.8124111017034285
curated_geo_0552.wav,2,0.1386973787327742,0.1386973787327742,0.7226052425344516
curated_geo_0553.wav,2,0.19933805231660146,0.19933805231660146,0.6013238953667971
curated_geo_0554.wav,2,0.06523748329065748,0.06523748329065748,0.869525033418685
curated_geo_0555.wav,2,0.09868732017508147,0.09868732017508147,0.8026253596498371
curated_geo_0556.wav,2,0.18347207798261472,0.18347207798261472,0.6330558440347706
curated_geo_0557.wav,2,0.11781586809760519,0.11781586809760519,0.7643682638047896
curated_geo_0558.wav,2,0.07869655093847988,0.07869655093847988,0.8426068981230402
curated_geo_0559.wav,2,0.06151474848149546,0.06151474848149546,0.8769705030370091
curated_geo_0560.wav,2,0.1541998726149375,0.1541998726149375,0.691600254770125
curated_geo_0561.wav,2,0.11076140388228528,0.11076140388228528,0.7784771922354294
curated_geo_0562.wav,2,0.17355333904681403,0.17355333904681403,0.652893321906372
curated_geo_0563.wav,2,0.05056940812342314,0.05056940812342314,0.8988611837531537
curated_geo_0564.wav,2,0.11466262990129172,0.11466262990129172,0.7706747401974166
curated_geo_0565.wav,2,0.10907528321734233,0.10907528321734233,0.7818494335653153
curated_geo_0566.wav,2,0.06121753265125607,0.06121753265125607,0.8775649346974879
curated_geo_0567.wav,2,0.11508020848002376,0.11508020848002376,0.7698395830399525
curated_geo_0568.wav,2,0.09264880671538672,0.09264880671538672,0.8147023865692266
curated_geo_0569.wav,2,0.18025621334443487,0.18025621334443487,0.6394875733111303
curated_geo_0570.wav,2,0.09998481753016403,0.09998481753016403,0.800030364939672
curated_geo_0571.wav,2,0.14735532008753,0.14735532008753,0.70528935982494
curated_geo_0572.wav,2,0.0683527769685911,0.0683527769685911,0.8632944460628178
curated_geo_0573.wav,2,0.08231713113337874,0.08231713113337874,0.8353657377332425
curated_geo_0574.wav,2,0.08307025717389405,0.08307025717389405,0.8338594856522119
curated_geo_0575.wav,2,0.08439136165522754,0.08439136165522754,0.8312172766895449
curated_geo_0576.wav,2,0.12602918759549858,0.12602918759549858,0.7479416248090028
curated_geo_0577.wav,2,0.18352051388734197,0.18352051388734197,0.632958972225316
curated_geo_0578.wav,2,0.1894258537284304,0.1894258537284304,0.6211482925431392
curated_geo_0579.wav,2,0.16726350702439785,0.16726350702439785,0.6654729859512043
curated_geo_0580.wav,2,0.09917937045400177,0.09917937045400177,0.8016412590919965
curated_geo_0581.wav,2,0.13730214044654004,0.13730214044654004,0.7253957191069199
curated_geo_0582.wav,2,0.12171887591987074,0.12171887591987074,0.7565622481602585
curated_geo_0583.wav,2,0.09898126792645057,0.09898126792645057,0.8020374641470989
curated_geo_0584.wav,2,0.13777295425525476,0.13777295425525476,0.7244540914894905
curated_geo_0585.wav,2,0.06288421189073001,0.06288421189073001,0.87423157621854
curated_geo_0586.wav,2,0.10533753997501644,0.10533753997501644,0.7893249200499671
curated_geo_0587.wav,2,0.10527269646136556,0.10527269646136556,0.7894546070772689
curated_geo_0588.wav,2,0.1434539130642093,0.1434539130642093,0.7130921738715814
curated_geo_0589.wav,2,0.08147783319183732,0.08147783319183732,0.8370443336163254
curated_geo_0590.wav,2,0.09025876730227683,0.09025876730227683,0.8194824653954463
curated_geo_0591.wav,2,0.10967171594765662,0.10967171594765662,0.7806565681046868
curated_geo_0592.wav,2,0.14121530932248466,0.14121530932248466,0.7175693813550307
curated_geo_0593.wav,2,0.08578517465335794,0.08578517465335794,0.8284296506932841
curated_geo_0594.wav,2,0.09591048959064424,0.09591048959064424,0.8081790208187115
curated_geo_0595.wav,2,0.05836866416858277,0.05836866416858277,0.8832626716628345
curated_geo_0596.wav,2,0.1261323413295976,0.1261323413295976,0.7477353173408048
curated_geo_0597.wav,2,0.10059240639616057,0.10059240639616057,0.7988151872076789
curated_geo_0598.wav,2,0.18155708444704716,0.18155708444704716,0.6368858311059057
curated_geo_0599.wav,2,0.0770655437853155,0.0770655437853155,0.845868912429369
curated_geo_0600.wav,2,0.07602735649331593,0.07602735649331593,0.8479452870133681
curated_geo_0601.wav,2,0.0974448982797873,0.0974448982797873,0.8051102034404254
curated_geo_0602.wav,2,0.09088175242488311,0.09088175242488311,0.8182364951502338
curated_geo_0603.wav,2,0.10671004902421116,0.10671004902421116,0.7865799019515777
curated_geo_0604.wav,2,0.08618345886954693,0.08618345886954693,0.8276330822609061
curated_geo_0605.wav,2,0.19744061913096733,0.19744061913096733,0.6051187617380653
curated_geo_0606.wav,2,0.11027321934413786,0.11027321934413786,0.7794535613117243
curated_geo_0607.wav,2,0.13839318648304944,0.13839318648304944,0.7232136270339011
curated_geo_0608.wav,2,0.13910496698899072,0.13910496698899072,0.7217900660220186
curated_geo_0609.wav,2,0.16333972791188767,0.16333972791188767,0.6733205441762247
curated_geo_0610.wav,2,0.1566298588279713,0.1566298588279713,0.6867402823440574
curated_geo_0611.wav,2,0.06861458972684126,0.06861458972684126,0.8627708205463175
curated_geo_0612.wav,2,0.16585759574387088,0.16585759574387088,0.6682848085122582
curated_geo_0613.wav,2,0.07633768192100099,0.07633768192100099,0.847324636157998
curated_geo_0614.wav,2,0.13333731849032127,0.13333731849032127,0.7333253630193575
curated_geo_0615.wav,2,0.1024773796021679,0.1024773796021679,0.7950452407956642
curated_geo_0616.wav,2,0.07450828625087191,0.07450828625087191,0.8509834274982562
curated_geo_0617.wav,2,0.17003812667563356,0.17003812667563356,0.6599237466487329
curated_geo_0618.wav,2,0.07463273877697407,0.07463273877697407,0.8507345224460519
curated_geo_0619.wav,2,0.11303811946551312,0.11303811946551312,0.7739237610689738
curated_geo_0620.wav,2,0.12545647707604052,0.12545647707604052,0.749087045847919
curated_geo_0621.wav,2,0.16928567420262375,0.16928567420262375,0.6614286515947525
curated_geo_0622.wav,2,0.11784471550423464,0.11784471550423464,0.7643105689915307
curated_geo_0623.wav,2,0.11962162098041457,0.11962162098041457,0.7607567580391709
curated_geo_0624.wav,2,0.13233241591030137,0.13233241591030137,0.7353351681793973
curated_geo_0625.wav,2,0.051054819118165895,0.051054819118165895,0.8978903617636682
curated_geo_0626.wav,2,0.176353231324892,0.176353231324892,0.647293537350216
curated_geo_0627.wav,2,0.16411161027999888,0.16411161027999888,0.6717767794400022
curated_geo_0628.wav,2,0.08265449815609122,0.08265449815609122,0.8346910036878176
curated_geo_0629.wav,2,0.19207246636833974,0.19207246636833974,0.6158550672633205
curated_geo_0630.wav,2,0.11912116640302628,0.11912116640302628,0.7617576671939474
curated_geo_0631.wav,2,0.08289264030052967,0.08289264030052967,0.8342147193989407
curated_geo_0632.wav,2,0.12480712164532903,0.12480712164532903,0.7503857567093419
curated_geo_0633.wav,2,0.055888538295365886,0.055888538295365886,0.8882229234092682
curated_geo_0634.wav,2,0.1315342408252108,0.1315342408252108,0.7369315183495784
curated_geo_0635.wav,2,0.15958169211592887,0.15958169211592887,0.6808366157681423
curated_geo_0636.wav,2,0.15136373922385538,0.15136373922385538,0.6972725215522892
curated_geo_0637.wav,2,0.17005091556833551,0.17005091556833551,0.659898168863329
curated_geo_0638.wav,2,0.12098475583899349,0.12098475583899349,0.758030488322013
curated_geo_0639.wav,2,0.11221462799814436,0.11221462799814436,0.7755707440037113
curated_geo_0640.wav,2,0.17103185598985216,0.17103185598985216,0.6579362880202957
curated_geo_0641.wav,2,0.05561153725047152,0.05561153725047152,0.888776925499057
curated_geo_0642.wav,2,0.06945274735471185,0.06945274735471185,0.8610945052905763
curated_geo_0643.wav,2,0.050048579966122886,0.050048579966122886,0.8999028400677542
curated_geo_0644.wav,2,0.1687695996030042,0.1687695996030042,0.6624608007939916
curated_geo_0645.wav,2,0.1590859298682027,0.1590859298682027,0.6818281402635946
curated_geo_0646.wav,2,0.13551113432545192,0.13551113432545192,0.7289777313490962
curated_geo_0647.wav,2,0.12685741204911316,0.12685741204911316,0.7462851759017737
curated_geo_0648.wav,2,0.1437082193051204,0.1437082193051204,0.7125835613897592
curated_geo_0649.wav,2,0.07839074182820432,0.07839074182820432,0.8432185163435914
curated_geo_0650.wav,2,0.10089517693829803,0.10089517693829803,0.798209646123404
curated_geo_0651.wav,2,0.11207415239604268,0.11207415239604268,0.7758516952079146
curated_geo_0652.wav,2,0.056161605808655535,0.056161605808655535,0.8876767883826889
curated_geo_0653.wav,2,0.06780171705066107,0.06780171705066107,0.8643965658986779
curated_geo_0654.wav,2,0.16748145929498742,0.16748145929498742,0.6650370814100252
curated_geo_0655.wav,2,0.11486863221510107,0.11486863221510107,0.7702627355697979
curated_geo_0656.wav,2,0.19131324545209027,0.19131324545209027,0.6173735090958195
curated_geo_0657.wav,2,0.12482290202962465,0.12482290202962465,0.7503541959407507
curated_geo_0658.wav,2,0.09336924850165346,0.09336924850165346,0.8132615029966931
curated_geo_0659.wav,2,0.0999801046863995,0.0999801046863995,0.800039790627201
curated_geo_0660.wav,2,0.12959384108370536,0.12959384108370536,0.7408123178325893
curated_geo_0661.wav,2,0.14299647680007838,0.14299647680007838,0.7140070463998432
curated_geo_0662.wav,2,0.133360929819634,0.133360929819634,0.733278140360732
curated_geo_0663.wav,2,0.05371105655662267,0.05371105655662267,0.8925778868867547
curated_geo_0664.wav,2,0.16943083427456096,0.16943083427456096,0.6611383314508781
curated_geo_0665.wav,2,0.11662108548877886,0.11662108548877886,0.7667578290224423
curated_geo_0666.wav,2,0.1279091576441645,0.1279091576441645,0.744181684711671
curated_geo_0667.wav,2,0.08859939883543044,0.08859939883543044,0.8228012023291391
curated_geo_0668.wav,2,0.11161472202428097,0.11161472202428097,0.7767705559514381
curated_geo_0669.wav,2,0.19084830070525233,0.19084830070525233,0.6183033985894953
curated_geo_0670.wav,2,0.16485754634778127,0.16485754634778127,0.6702849073044375
curated_geo_0671.wav,2,0.13504437714308193,0.13504437714308193,0.7299112457138361
curated_geo_0672.wav,2,0.12989418160762267,0.12989418160762267,0.7402116367847547
curated_geo_0673.wav,2,0.12464241714213542,0.12464241714213542,0.7507151657157292
curated_geo_0674.wav,2,0.14826855377468134,0.14826855377468134,0.7034628924506373
curated_geo_0675.wav,2,0.12478074351508439,0.12478074351508439,0.7504385129698312
curated_geo_0676.wav,2,0.15236194932684294,0.15236194932684294,0.6952761013463141
curated_geo_0677.wav,2,0.12926761339528042,0.12926761339528042,0.7414647732094392
curated_geo_0678.wav,2,0.10601777780381472,0.10601777780381472,0.7879644443923706
curated_geo_0679.wav,2,0.07544873429698845,0.07544873429698845,0.8491025314060231
curated_geo_0680.wav,2,0.09509027426767064,0.09509027426767064,0.8098194514646587
curated_geo_0681.wav,2,0.17028028966835662,0.17028028966835662,0.6594394206632868
curated_geo_0682.wav,2,0.0620491080847021,0.0620491080847021,0.8759017838305958
curated_geo_0683.wav,2,0.15494734567455748,0.15494734567455748,0.690105308650885
curated_geo_0684.wav,2,0.050031724080600526,0.050031724080600526,0.899936551838799
curated_geo_0685.wav,2,0.10215594778620435,0.10215594778620435,0.7956881044275913
curated_geo_0686.wav,2,0.13764603038841328,0.13764603038841328,0.7247079392231734
curated_geo_0687.wav,2,0.19231929935215902,0.19231929935215902,0.615361401295682
curated_geo_0688.wav,2,0.06997169372885859,0.06997169372885859,0.8600566125422828
curated_geo_0689.wav,2,0.07722100432829965,0.07722100432829965,0.8455579913434007
curated_geo_0690.wav,2,0.12531204212632607,0.12531204212632607,0.7493759157473479
curated_geo_0691.wav,2,0.18288738682175437,0.18288738682175437,0.6342252263564913
curated_geo_0692.wav,2,0.07721082612849561,0.07721082612849561,0.8455783477430088
curated_geo_0693.wav,2,0.10057866762882922,0.10057866762882922,0.7988426647423416
curated_geo_0694.wav,2,0.1410770541043262,0.1410770541043262,0.7178458917913476
curated_geo_0695.wav,2,0.11358418039377938,0.11358418039377938,0.7728316392124412
curated_geo_0696.wav,2,0.05317231415554324,0.05317231415554324,0.8936553716889135
curated_geo_0697.wav,2,0.15672816206143408,0.15672816206143408,0.6865436758771318
curated_geo_0698.wav,2,0.08075731417972526,0.08075731417972526,0.8384853716405495
curated_geo_0699.wav,2,0.19633292987903467,0.19633292987903467,0.6073341402419307
curated_geo_0700.wav,2,0.05871994196465913,0.05871994196465913,0.8825601160706817
curated_geo_0701.wav,2,0.1941654589350283,0.1941654589350283,0.6116690821299434
curated_geo_0702.wav,2,0.07907209075083288,0.07907209075083288,0.8418558184983342
curated_geo_0703.wav,2,0.1387199252926527,0.1387199252926527,0.7225601494146946
curated_geo_0704.wav,2,0.1044492652210201,0.1044492652210201,0.7911014695579598
curated_geo_0705.wav,2,0.16436153622974475,0.16436153622974475,0.6712769275405105
curated_geo_0706.wav,2,0.1918537089589487,0.1918537089589487,0.6162925820821026
curated_geo_0707.wav,2,0.178621791341943,0.178621791341943,0.642756417316114
curated_geo_0708.wav,2,0.18762123039304945,0.18762123039304945,0.6247575392139011
curated_geo_0709.wav,2,0.13900905927046175,0.13900905927046175,0.7219818814590765
curated_geo_0710.wav,2,0.14563631027553392,0.14563631027553392,0.7087273794489322
curated_geo_0711.wav,2,0.0874648607567684,0.0874648607567684,0.8250702784864632
curated_geo_0712.wav,2,0.15566480036776853,0.15566480036776853,0.6886703992644629
curated_geo_0713.wav,2,0.15067189656748636,0.15067189656748636,0.6986562068650273
curated_geo_0714.wav,2,0.11010956101793151,0.11010956101793151,0.779780877964137
curated_geo_0715.wav,2,0.12889062669579054,0.12889062669579054,0.7422187466084189
curated_geo_0716.wav,2,0.1103704137307166,0.1103704137307166,0.7792591725385668
curated_geo_0717.wav,2,0.07437969908460784,0.07437969908460784,0.8512406018307843
curated_geo_0718.wav,2,0.08109776156483167,0.08109776156483167,0.8378044768703367
curated_geo_0719.wav,2,0.18097060703068663,0.18097060703068663,0.6380587859386267
curated_geo_0720.wav,2,0.06133225015517929,0.06133225015517929,0.8773354996896414
curated_geo_0721.wav,2,0.09717372215169612,0.09717372215169612,0.8056525556966078
curated_geo_0722.wav,2,0.13008176490130607,0.13008176490130607,0.7398364701973879
curated_geo_0723.wav,2,0.05908889458191585,0.05908889458191585,0.8818222108361683
curated_geo_0724.wav,2,0.09282531201980948,0.09282531201980948,0.814349375960381
curated_geo_0725.wav,2,0.14894627275148192,0.14894627275148192,0.7021074544970362
curated_geo_0726.wav,2,0.1435672905369733,0.1435672905369733,0.7128654189260534
curated_geo_0727.wav,2,0.07345344678177818,0.07345344678177818,0.8530931064364436
curated_geo_0728.wav,2,0.16860915868255988,0.16860915868255988,0.6627816826348802
curated_geo_0729.wav,2,0.18791228014124467,0.18791228014124467,0.6241754397175107
curated_geo_0730.wav,2,0.10542293696385968,0.10542293696385968,0.7891541260722806
curated_geo_0731.wav,2,0.09207014583484169,0.09207014583484169,0.8158597083303166
curated_geo_0732.wav,2,0.15185537245306313,0.15185537245306313,0.6962892550938737
curated_geo_0733.wav,2,0.17907451359425103,0.17907451359425103,0.6418509728114979
curated_geo_0734.wav,2,0.13882214009460442,0.13882214009460442,0.7223557198107912
curated_geo_0735.wav,2,0.06781178707269064,0.06781178707269064,0.8643764258546187
curated_geo_0736.wav,2,0.11947702762323648,0.11947702762323648,0.761045944753527
curated_geo_0737.wav,2,0.10099281816868794,0.10099281816868794,0.7980143636626241
curated_geo_0738.wav,2,0.1450076276497526,0.1450076276497526,0.7099847447004948
curated_geo_0739.wav,2,0.09820793554911428,0.09820793554911428,0.8035841289017714
curated_geo_0740.wav,2,0.12100849559282212,0.12100849559282212,0.7579830088143558
curated_geo_0741.wav,2,0.13699138455124293,0.13699138455124293,0.7260172308975141
curated_geo_0742.wav,2,0.1334850270074484,0.1334850270074484,0.7330299459851032
curated_geo_0743.wav,2,0.08090256092473741,0.08090256092473741,0.8381948781505252
curated_geo_0744.wav,2,0.09350625500271631,0.09350625500271631,0.8129874899945674
curated_geo_0745.wav,2,0.183033972799735,0.183033972799735,0.63393205440053
curated_geo_0746.wav,2,0.15997487103186236,0.15997487103186236,0.6800502579362753
curated_geo_0747.wav,2,0.13545584814744788,0.13545584814744788,0.7290883037051042
curated_geo_0748.wav,2,0.10285567440948207,0.10285567440948207,0.7942886511810359
curated_geo_0749.wav,2,0.060599054860580315,0.060599054860580315,0.8788018902788394
curated_geo_0750.wav,2,0.08206440512023605,0.08206440512023605,0.8358711897595279
curated_geo_0751.wav,2,0.08130300574015153,0.08130300574015153,0.8373939885196969
curated_geo_0752.wav,2,0.051679236525596584,0.051679236525596584,0.8966415269488068
curated_geo_0753.wav,2,0.08270384063849101,0.08270384063849101,0.834592318723018
curated_geo_0754.wav,2,0.08718659910823456,0.08718659910823456,0.8256268017835309
curated_geo_0755.wav,2,0.10463730058443466,0.10463730058443466,0.7907253988311307
curated_geo_0756.wav,2,0.09581046321278253,0.09581046321278253,0.808379073574435
curated_geo_0757.wav,2,0.17516708214726545,0.17516708214726545,0.6496658357054691
curated_geo_0758.wav,2,0.11241609775726363,0.11241609775726363,0.7751678044854727
curated_geo_0759.wav,2,0.07479595356890673,0.07479595356890673,0.8504080928621865
curated_geo_0760.wav,2,0.18158295603538666,0.18158295603538666,0.6368340879292267
curated_geo_0761.wav,2,0.17515812732470937,0.17515812732470937,0.6496837453505813
curated_geo_0762.wav,2,0.1784649990981173,0.1784649990981173,0.6430700018037654
curated_geo_0763.wav,2,0.1856079033288015,0.1856079033288015,0.628784193342397
curated_geo_0764.wav,2,0.11559464423876048,0.11559464423876048,0.768810711522479
curated_geo_0765.wav,2,0.0870247974727964,0.0870247974727964,0.8259504050544072
curated_geo_0766.wav,2,0.07587352887392812,0.07587352887392812,0.8482529422521438
curated_geo_0767.wav,2,0.1422819705891996,0.1422819705891996,0.7154360588216008
curated_geo_0768.wav,2,0.15003992233532215,0.15003992233532215,0.6999201553293557
curated_geo_0769.wav,2,0.16765092868651094,0.16765092868651094,0.6646981426269781
curated_geo_0770.wav,2,0.06277407416210296,0.06277407416210296,0.8744518516757941
curated_geo_0771.wav,2,0.15377690178040793,0.15377690178040793,0.6924461964391841
curated_geo_0772.wav,2,0.12590978545503229,0.12590978545503229,0.7481804290899354
curated_geo_0773.wav,2,0.14377118869304267,0.14377118869304267,0.7124576226139147
curated_geo_0774.wav,2,0.07720016469536128,0.07720016469536128,0.8455996706092774
curated_geo_0775.wav,2,0.062315821478456546,0.062315821478456546,0.8753683570430869
curated_geo_0776.wav,2,0.08879537575042135,0.08879537575042135,0.8224092484991573
curated_geo_0777.wav,2,0.17175362808849626,0.17175362808849626,0.6564927438230075
curated_geo_0778.wav,2,0.0667249389424639,0.0667249389424639,0.8665501221150722
curated_geo_0779.wav,2,0.1422406849048624,0.1422406849048624,0.7155186301902752
curated_geo_0780.wav,2,0.14153889568179878,0.14153889568179878,0.7169222086364024
curated_geo_0781.wav,2,0.12568623591581518,0.12568623591581518,0.7486275281683696
curated_geo_0782.wav,2,0.14672931978000403,0.14672931978000403,0.7065413604399919
curated_geo_0783.wav,2,0.06010422052375197,0.06010422052375197,0.8797915589524961
curated_geo_0784.wav,2,0.09762577906379755,0.09762577906379755,0.8047484418724049
curated_geo_0785.wav,2,0.06818740925592326,0.06818740925592326,0.8636251814881535
curated_geo_0786.wav,2,0.11423832680645785,0.11423832680645785,0.7715233463870843
curated_geo_0787.wav,2,0.11950633412177064,0.11950633412177064,0.7609873317564587
curated_geo_0788.wav,2,0.12688375277744124,0.12688375277744124,0.7462324944451175
curated_geo_0789.wav,2,0.05987326712197821,0.05987326712197821,0.8802534657560436
curated_geo_0790.wav,2,0.08626557869494944,0.08626557869494944,0.8274688426101011
curated_geo_0791.wav,2,0.15992098279808586,0.15992098279808586,0.6801580344038283
curated_geo_0792.wav,2,0.0789511811803637,0.0789511811803637,0.8420976376392726
curated_geo_0793.wav,2,0.13385759790587692,0.13385759790587692,0.7322848041882462
curated_geo_0794.wav,2,0.05688404062907265,0.05688404062907265,0.8862319187418547
curated_geo_0795.wav,2,0.15935576323702283,0.15935576323702283,0.6812884735259543
curated_geo_0796.wav,2,0.1022658109507475,0.1022658109507475,0.795468378098505
curated_geo_0797.wav,2,0.10058065241159397,0.10058065241159397,0.798838695176812
curated_geo_0798.wav,2,0.16035135870760925,0.16035135870760925,0.6792972825847815
curated_geo_0799.wav,2,0.16877023638271116,0.16877023638271116,0.6624595272345777
curated_geo_0800.wav,2,0.05805314839029174,0.05805314839029174,0.8838937032194165
curated_geo_0801.wav,2,0.12996341880656181,0.12996341880656181,0.7400731623868764
curated_geo_0802.wav,2,0.12967847553312667,0.12967847553312667,0.7406430489337467
curated_geo_0803.wav,2,0.10143677912090476,0.10143677912090476,0.7971264417581905
curated_geo_0804.wav,2,0.11533410347590706,0.11533410347590706,0.7693317930481859
curated_geo_0805.wav,2,0.14029203694193082,0.14029203694193082,0.7194159261161384
curated_geo_0806.wav,2,0.13039618773499773,0.13039618773499773,0.7392076245300045
curated_geo_0807.wav,2,0.0774028342648494,0.0774028342648494,0.8451943314703012
curated_geo_0808.wav,2,0.15856114377266872,0.15856114377266872,0.6828777124546626
curated_geo_0809.wav,2,0.12174264717368,0.12174264717368,0.75651470565264
curated_geo_0810.wav,2,0.16472643440392942,0.16472643440392942,0.6705471311921412
curated_geo_0811.wav,2,0.17571006038878834,0.17571006038878834,0.6485798792224233
curated_geo_0812.wav,2,0.11427317248369401,0.11427317248369401,0.771453655032612
curated_geo_0813.wav,2,0.056759446297352245,0.056759446297352245,0.8864811074052955
curated_geo_0814.wav,2,0.1500386837669363,0.1500386837669363,0.6999226324661274
curated_geo_0815.wav,2,0.1410797860365398,0.1410797860365398,0.7178404279269204
curated_geo_0816.wav,2,0.1300478366602772,0.1300478366602772,0.7399043266794456
curated_geo_0817.wav,2,0.0523649565398816,0.0523649565398816,0.8952700869202368
curated_geo_0818.wav,2,0.07646167126964226,0.07646167126964226,0.8470766574607155
curated_geo_0819.wav,2,0.11411569354560441,0.11411569354560441,0.7717686129087912
curated_geo_0820.wav,2,0.1932590609442934,0.1932590609442934,0.6134818781114132
curated_geo_0821.wav,2,0.173169630806158,0.173169630806158,0.653660738387684
curated_geo_0822.wav,2,0.12903910903165183,0.12903910903165183,0.7419217819366963
curated_geo_0823.wav,2,0.15888428845081892,0.15888428845081892,0.6822314230983622
curated_geo_0824.wav,2,0.08104417561467658,0.08104417561467658,0.8379116487706468
curated_geo_0825.wav,2,0.1297269986221422,0.1297269986221422,0.7405460027557156
curated_geo_0826.wav,2,0.1002050745713502,0.1002050745713502,0.7995898508572996
curated_geo_0827.wav,2,0.0682407286640696,0.0682407286640696,0.8635185426718608
curated_geo_0828.wav,2,0.08703495025402963,0.08703495025402963,0.8259300994919407
curated_geo_0829.wav,2,0.08858121568595712,0.08858121568595712,0.8228375686280858
curated_geo_0830.wav,2,0.13756563100203656,0.13756563100203656,0.7248687379959269
curated_geo_0831.wav,2,0.06085287908896797,0.06085287908896797,0.8782942418220641
curated_geo_0832.wav,2,0.060448480809451755,0.060448480809451755,0.8791030383810965
curated_geo_0833.wav,2,0.07096182501756743,0.07096182501756743,0.8580763499648651
curated_geo_0834.wav,2,0.11988544804440338,0.11988544804440338,0.7602291039111932
curated_geo_0835.wav,2,0.08724179014473743,0.08724179014473743,0.8255164197105251
curated_geo_0836.wav,2,0.16506677677257714,0.16506677677257714,0.6698664464548457
curated_geo_0837.wav,2,0.12363313002644061,0.12363313002644061,0.7527337399471188
curated_geo_0838.wav,2,0.0718840600717352,0.0718840600717352,0.8562318798565296
curated_geo_0839.wav,2,0.13229005644670694,0.13229005644670694,0.7354198871065861
curated_geo_0840.wav,2,0.1963827931828283,0.1963827931828283,0.6072344136343434
curated_geo_0841.wav,2,0.06646032208241437,0.06646032208241437,0.8670793558351713
curated_geo_0842.wav,2,0.1326520405138582,0.1326520405138582,0.7346959189722836
curated_geo_0843.wav,2,0.051669891523231815,0.051669891523231815,0.8966602169535364
curated_geo_0844.wav,2,0.1239052772574134,0.1239052772574134,0.7521894454851732
curated_geo_0845.wav,2,0.11789677564858414,0.11789677564858414,0.7642064487028317
curated_geo_0846.wav,2,0.09902795434599537,0.09902795434599537,0.8019440913080093
curated_geo_0847.wav,2,0.16059827110907104,0.16059827110907104,0.6788034577818579
curated_geo_0848.wav,2,0.14288759526254152,0.14288759526254152,0.714224809474917
curated_geo_0849.wav,2,0.18812021785945188,0.18812021785945188,0.6237595642810962
curated_geo_0850.wav,2,0.0823752949609271,0.0823752949609271,0.8352494100781458
curated_geo_0851.wav,2,0.11235595307585744,0.11235595307585744,0.7752880938482851
curated_geo_0852.wav,2,0.16787571045095395,0.16787571045095395,0.6642485790980921
curated_geo_0853.wav,2,0.17894982291223005,0.17894982291223005,0.6421003541755399
curated_geo_0854.wav,2,0.08838360217738994,0.08838360217738994,0.8232327956452201
curated_geo_0855.wav,2,0.13444031335976775,0.13444031335976775,0.7311193732804645
curated_geo_0856.wav,2,0.16300855074309195,0.16300855074309195,0.6739828985138161
curated_geo_0857.wav,2,0.05395812180395032,0.05395812180395032,0.8920837563920994
curated_geo_0858.wav,2,0.06232517458257569,0.06232517458257569,0.8753496508348486
curated_geo_0859.wav,2,0.09856495633989953,0.09856495633989953,0.8028700873202009
curated_geo_0860.wav,2,0.0698767106811301,0.0698767106811301,0.8602465786377398
curated_geo_0861.wav,2,0.11598490446111792,0.11598490446111792,0.7680301910777642
curated_geo_0862.wav,2,0.17831749582133322,0.17831749582133322,0.6433650083573336
curated_geo_0863.wav,2,0.05471700572555904,0.05471700572555904,0.8905659885488819
curated_geo_0864.wav,2,0.05256181363300799,0.05256181363300799,0.894876372733984
curated_geo_0865.wav,2,0.14558804775139955,0.14558804775139955,0.7088239044972009
curated_geo_0866.wav,2,0.1531330710898665,0.1531330710898665,0.693733857820267
curated_geo_0867.wav,2,0.07632115339971357,0.07632115339971357,0.8473576932005729
curated_geo_0868.wav,2,0.17651171455387094,0.17651171455387094,0.6469765708922581
curated_geo_0869.wav,2,0.13265521879911824,0.13265521879911824,0.7346895624017635
curated_geo_0870.wav,2,0.1502669166522188,0.1502669166522188,0.6994661666955624
curated_geo_0871.wav,2,0.06598620987427184,0.06598620987427184,0.8680275802514563
curated_geo_0872.wav,2,0.10920659197057114,0.10920659197057114,0.7815868160588577
curated_geo_0873.wav,2,0.1544452705754567,0.1544452705754567,0.6911094588490866
curated_geo_0874.wav,2,0.08293466152741658,0.08293466152741658,0.8341306769451668
curated_geo_0875.wav,2,0.19038040890889085,0.19038040890889085,0.6192391821822183
curated_geo_0876.wav,2,0.08947238790284956,0.08947238790284956,0.8210552241943009
curated_geo_0877.wav,2,0.1728735067364533,0.1728735067364533,0.6542529865270934
curated_geo_0878.wav,2,0.1805232768498259,0.1805232768498259,0.6389534463003482
curated_geo_0879.wav,2,0.06906901585227276,0.06906901585227276,0.8618619682954545
curated_geo_0880.wav,2,0.07291266674760666,0.07291266674760666,0.8541746665047867
curated_geo_0881.wav,2,0.0817774081664846,0.0817774081664846,0.8364451836670308
curated_geo_0882.wav,2,0.05074892294227856,0.05074892294227856,0.8985021541154429
curated_geo_0883.wav,2,0.13346599872547094,0.13346599872547094,0.7330680025490581
curated_geo_0884.wav,2,0.10649931564367104,0.10649931564367104,0.7870013687126579
curated_geo_0885.wav,2,0.1335746844154127,0.1335746844154127,0.7328506311691746
curated_geo_0886.wav,2,0.13350640532026525,0.13350640532026525,0.7329871893594695
curated_geo_0887.wav,2,0.05912225703084978,0.05912225703084978,0.8817554859383004
curated_geo_0888.wav,2,0.08069622020708955,0.08069622020708955,0.8386075595858209
curated_geo_0889.wav,2,0.07364273064616877,0.07364273064616877,0.8527145387076625
curated_geo_0890.wav,2,0.16120937585351253,0.16120937585351253,0.677581248292975
curated_geo_0891.wav,2,0.11463380254365335,0.11463380254365335,0.7707323949126933
curated_geo_0892.wav,2,0.08623196426689106,0.08623196426689106,0.8275360714662179
curated_geo_0893.wav,2,0.057343719710294394,0.057343719710294394,0.8853125605794112
curated_geo_0894.wav,2,0.09782259676956262,0.09782259676956262,0.8043548064608748
curated_geo_0895.wav,2,0.0671380398904311,0.0671380398904311,0.8657239202191378
curated_geo_0896.wav,2,0.07202852426354184,0.07202852426354184,0.8559429514729163
curated_geo_0897.wav,2,0.19463066005204743,0.19463066005204743,0.6107386798959051
curated_geo_0898.wav,2,0.14505725370429323,0.14505725370429323,0.7098854925914135
curated_geo_0899.wav,2,0.18664735781119046,0.18664735781119046,0.6267052843776191
curated_geo_0900.wav,2,0.10431144003031334,0.10431144003031334,0.7913771199393733
curated_geo_0901.wav,2,0.1025031798491376,0.1025031798491376,0.7949936403017248
curated_geo_0902.wav,2,0.09448811961625853,0.09448811961625853,0.811023760767483
curated_geo_0903.wav,2,0.11327822465424897,0.11327822465424897,0.7734435506915021
curated_geo_0904.wav,2,0.15315659984462582,0.15315659984462582,0.6936868003107484
curated_geo_0905.wav,2,0.06261782402746208,0.06261782402746208,0.8747643519450758
curated_geo_0906.wav,2,0.15719466767736245,0.15719466767736245,0.6856106646452751
curated_geo_0907.wav,2,0.08395525198177839,0.08395525198177839,0.8320894960364432
curated_geo_0908.wav,2,0.05734176446909167,0.05734176446909167,0.8853164710618167
curated_geo_0909.wav,2,0.0977846774211309,0.0977846774211309,0.8044306451577382
curated_geo_0910.wav,2,0.05521167240657621,0.05521167240657621,0.8895766551868476
curated_geo_0911.wav,2,0.16150712941964712,0.16150712941964712,0.6769857411607058
curated_geo_0912.wav,2,0.0911519187775004,0.0911519187775004,0.8176961624449992
curated_geo_0913.wav,2,0.15040840707077907,0.15040840707077907,0.6991831858584419
curated_geo_0914.wav,2,0.06531894086002787,0.06531894086002787,0.8693621182799443
curated_geo_0915.wav,2,0.11682231985035119,0.11682231985035119,0.7663553602992976
curated_geo_0916.wav,2,0.10479106994824644,0.10479106994824644,0.7904178601035071
curated_geo_0917.wav,2,0.1526225366900732,0.1526225366900732,0.6947549266198536
curated_geo_0918.wav,2,0.08003286004488774,0.08003286004488774,0.8399342799102245
curated_geo_0919.wav,2,0.11121025641606958,0.11121025641606958,0.7775794871678608
curated_geo_0920.wav,2,0.15940811120425424,0.15940811120425424,0.6811837775914915
curated_geo_0921.wav,2,0.08296187636482566,0.08296187636482566,0.8340762472703487
curated_geo_0922.wav,2,0.07364631132515265,0.07364631132515265,0.8527073773496947
curated_geo_0923.wav,2,0.11752835074651047,0.11752835074651047,0.7649432985069791
curated_geo_0924.wav,2,0.11940496603635942,0.11940496603635942,0.7611900679272812
curated_geo_0925.wav,2,0.07805984724145476,0.07805984724145476,0.8438803055170905
curated_geo_0926.wav,2,0.11304671736061989,0.11304671736061989,0.7739065652787602
curated_geo_0927.wav,2,0.0642494068551171,0.0642494068551171,0.8715011862897658
curated_geo_0928.wav,2,0.0631323955687636,0.0631323955687636,0.8737352088624728
curated_geo_0929.wav,2,0.06387827360881204,0.06387827360881204,0.8722434527823759
curated_geo_0930.wav,2,0.15661158381170354,0.15661158381170354,0.6867768323765929
curated_geo_0931.wav,2,0.139334650358927,0.139334650358927,0.721330699282146
curated_geo_0932.wav,2,0.14654506443137916,0.14654506443137916,0.7069098711372417
curated_geo_0933.wav,2,0.08203816853697399,0.08203816853697399,0.835923662926052
curated_geo_0934.wav,2,0.08445825485444547,0.08445825485444547,0.8310834902911091
curated_geo_0935.wav,2,0.11866431105657199,0.11866431105657199,0.762671377886856
curated_geo_0936.wav,2,0.13504874376962162,0.13504874376962162,0.7299025124607568
curated_geo_0937.wav,2,0.1818145370738919,0.1818145370738919,0.6363709258522162
curated_geo_0938.wav,2,0.08545128474066266,0.08545128474066266,0.8290974305186747
curated_geo_0939.wav,2,0.1910344233853653,0.1910344233853653,0.6179311532292694
curated_geo_0940.wav,2,0.1278485697304395,0.1278485697304395,0.744302860539121
curated_geo_0941.wav,2,0.09927213067318141,0.09927213067318141,0.8014557386536372
curated_geo_0942.wav,2,0.11409258586728432,0.11409258586728432,0.7718148282654314
curated_geo_0943.wav,2,0.0656283000941793,0.0656283000941793,0.8687433998116414
curated_geo_0944.wav,2,0.050919013180960926,0.050919013180960926,0.8981619736380781
curated_geo_0945.wav,2,0.10765793184239203,0.10765793184239203,0.7846841363152159
curated_geo_0946.wav,2,0.1978825062256545,0.1978825062256545,0.604234987548691
curated_geo_0947.wav,2,0.16425711803731202,0.16425711803731202,0.671485763925376
curated_geo_0948.wav,2,0.094290515752247,0.094290515752247,0.811418968495506
curated_geo_0949.wav,2,0.06626145228936609,0.06626145228936609,0.8674770954212678
curated_geo_0950.wav,2,0.19105556858169465,0.19105556858169465,0.6178888628366107
curated_geo_0951.wav,2,0.0660734026792495,0.0660734026792495,0.867853194641501
curated_geo_0952.wav,2,0.1336013283127261,0.1336013283127261,0.7327973433745478
curated_geo_0953.wav,2,0.15791772646705515,0.15791772646705515,0.6841645470658897
curated_geo_0954.wav,2,0.0635702588422391,0.0635702588422391,0.8728594823155218
curated_geo_0955.wav,2,0.1391570448374948,0.1391570448374948,0.7216859103250104
curated_geo_0956.wav,2,0.08317405672047096,0.08317405672047096,0.8336518865590581
curated_geo_0957.wav,2,0.07179263813401238,0.07179263813401238,0.8564147237319752
curated_geo_0958.wav,2,0.057229962286866165,0.057229962286866165,0.8855400754262677
curated_geo_0959.wav,2,0.055912545883385345,0.055912545883385345,0.8881749082332293
curated_geo_0960.wav,2,0.16022662558948897,0.16022662558948897,0.6795467488210221
curated_geo_0961.wav,2,0.09793287331646716,0.09793287331646716,0.8041342533670657
curated_geo_0962.wav,2,0.147032602120104,0.147032602120104,0.705934795759792
curated_geo_0963.wav,2,0.1899057657630055,0.1899057657630055,0.620188468473989
curated_geo_0964.wav,2,0.14489098170949105,0.14489098170949105,0.7102180365810179
curated_geo_0965.wav,2,0.08120775611975184,0.08120775611975184,0.8375844877604963
curated_geo_0966.wav,2,0.11061728271891336,0.11061728271891336,0.7787654345621733
curated_geo_0967.wav,2,0.19411028674113406,0.19411028674113406,0.6117794265177319
curated_geo_0968.wav,2,0.06508491797097482,0.06508491797097482,0.8698301640580504
curated_geo_0969.wav,2,0.08413014780822614,0.08413014780822614,0.8317397043835477
curated_geo_0970.wav,2,0.1679782003276858,0.1679782003276858,0.6640435993446284
curated_geo_0971.wav,2,0.1756761956613072,0.1756761956613072,0.6486476086773856
curated_geo_0972.wav,2,0.1433620665005934,0.1433620665005934,0.7132758669988132
curated_geo_0973.wav,2,0.15709644393477162,0.15709644393477162,0.6858071121304568
curated_geo_0974.wav,2,0.1292530698544857,0.1292530698544857,0.7414938602910286
curated_geo_0975.wav,2,0.08697004365289701,0.08697004365289701,0.826059912694206
curated_geo_0976.wav,2,0.13632739911140462,0.13632739911140462,0.7273452017771908
curated_geo_0977.wav,2,0.1768659076520815,0.1768659076520815,0.646268184695837
curated_geo_0978.wav,2,0.16746128806535354,0.16746128806535354,0.6650774238692929
curated_geo_0979.wav,2,0.05092395126392285,0.05092395126392285,0.8981520974721543
curated_geo_0980.wav,2,0.08772206248089781,0.08772206248089781,0.8245558750382044
curated_geo_0981.wav,2,0.14310222730486022,0.14310222730486022,0.7137955453902796
curated_geo_0982.wav,2,0.07990245417490055,0.07990245417490055,0.8401950916501989
curated_geo_0983.wav,2,0.1542479167091506,0.1542479167091506,0.6915041665816988
curated_geo_0984.wav,2,0.17421549477737486,0.17421549477737486,0.6515690104452503
curated_geo_0985.wav,2,0.17632273823301564,0.17632273823301564,0.6473545235339687
curated_geo_0986.wav,2,0.05621345853360982,0.05621345853360982,0.8875730829327804
curated_geo_0987.wav,2,0.05132980616561489,0.05132980616561489,0.8973403876687702
curated_geo_0988.wav,2,0.18675763151613722,0.18675763151613722,0.6264847369677256
curated_geo_0989.wav,2,0.12606094053248268,0.12606094053248268,0.7478781189350346
curated_geo_0990.wav,2,0.06712210400271057,0.06712210400271057,0.8657557919945789
curated_geo_0991.wav,2,0.1810108479141363,0.1810108479141363,0.6379783041717274
curated_geo_0992.wav,2,0.12599948891632695,0.12599948891632695,0.7480010221673461
curated_geo_0993.wav,2,0.07722836863851001,0.07722836863851001,0.84554326272298
curated_geo_0994.wav,2,0.17101443914876702,0.17101443914876702,0.657971121702466
curated_geo_0995.wav,2,0.10307092368296095,0.10307092368296095,0.7938581526340781
curated_geo_0996.wav,2,0.17936634760508918,0.17936634760508918,0.6412673047898216
curated_geo_0997.wav,2,0.14394470780963864,0.14394470780963864,0.7121105843807227
curated_geo_0998.wav,2,0.10489321782712657,0.10489321782712657,0.7902135643457469
curated_geo_0999.wav,2,0.07355960010956064,0.07355960010956064,0.8528807997808787
